fold,row_index,true,aspect_ratio,rf,gbr,svr,mlp,pinn,hybrid_rf,hybrid_gbr,hybrid_gbr_q25,hybrid_gbr_q50,hybrid_gbr_q75
0,9,0.07,1.1984362602233887,1.154203960458244,0.5749617573948175,0.6147895277322784,1.0872468948364258,0.7785325050354004,0.9552150964736938,0.13725733757019043,-1.5060720443725586,1.3169312477111816,0.37583714723587036
0,12,0.086,-0.8880444765090942,0.7985483884448883,0.6957949245600059,0.8920305382842821,0.35815125703811646,0.5703259706497192,0.6587412357330322,0.5925265550613403,-1.408008098602295,1.2530827522277832,1.818953514099121
0,14,0.108,1.7165255546569824,1.077172120802794,0.9335742046603095,1.0252213106423804,0.44337743520736694,1.0618107318878174,1.2756240367889404,1.0008567571640015,-1.6298407316207886,1.674049973487854,1.5831491947174072
0,15,0.118,-4.255281448364258,0.3730813510841012,0.45807834168797296,0.5533953008034969,0.02920137159526348,0.18214279413223267,0.08361124992370605,-0.010975241661071777,-1.2242262363433838,0.8984767198562622,1.2286120653152466
0,25,0.29,-12.737592697143555,1.2744655523550532,0.6922705853898691,0.9744613321682012,0.719786524772644,0.7332636713981628,0.26141357421875,1.4749559164047241,-1.8662513494491577,2.3469631671905518,0.9406973719596863
0,28,0.335,1.094394564628601,0.8702057017519513,0.6245968291965718,0.10256732823552728,0.4205142557621002,0.39510658383369446,0.35270988941192627,0.13623511791229248,-1.0182899236679077,0.21571233868598938,2.058382749557495
0,30,0.346,1.1658610105514526,0.9339228992303994,0.5580920246069748,2.111684211277316,1.5800172090530396,1.9297821521759033,4.069880485534668,1.6652305126190186,-1.8672014474868774,0.7730032801628113,4.491844654083252
0,36,0.42,-0.6942470073699951,1.2421304997488969,1.447509253191894,0.9023354639403518,0.7523345947265625,0.8463526368141174,0.7639987468719482,1.2083702087402344,-1.0784590244293213,0.7909904718399048,2.5292861461639404
0,38,0.427,-2.3206169605255127,0.5096878161375659,0.44361643241362375,0.30359653612790805,0.3175826966762543,0.4187374413013458,0.11559343338012695,0.5414721965789795,-1.4853297472000122,1.003884196281433,1.934000015258789
0,40,0.447,-1.9608116149902344,0.4845517127594627,0.38891551013394315,0.18329928343310353,0.2944076359272003,0.3194127678871155,0.37046730518341064,0.19881927967071533,-1.2709619998931885,0.5198744535446167,2.290292501449585
0,49,0.598,-2.9094676971435547,0.7197035412231134,0.5851604696134852,0.8808820884613953,0.5834258794784546,0.630700945854187,0.4879668951034546,0.6358991861343384,-1.2589596509933472,0.6861270666122437,2.4690616130828857
0,52,0.599,-1.111710786819458,1.2795487839349262,1.0546086648779516,0.8006888674301731,0.6969255805015564,0.5160499215126038,0.861642599105835,0.6527214050292969,-1.1605000495910645,1.428491234779358,1.953237771987915
0,59,0.651,-2.4310624599456787,0.8310318072390571,0.8479578388721687,0.41564203801068,0.8465862274169922,0.5757800340652466,-0.3131934404373169,-0.02739691734313965,-1.0258500576019287,0.31952568888664246,1.9268051385879517
0,66,0.692,-1.6714444160461426,0.7213786689133307,0.7597730686590403,0.9999553084528019,0.606654703617096,0.6501255035400391,0.4683734178543091,0.5791445970535278,-1.3885470628738403,0.8310326933860779,2.436997652053833
0,67,0.693,1.0910793542861938,2.27528877987753,1.6922740468659572,1.9917279163554484,1.1265093088150024,1.7332803010940552,1.756095290184021,0.9686324596405029,-0.31928691267967224,0.5027680397033691,0.7340878248214722
0,73,0.72,2.662980079650879,1.9108505377352105,1.296719310997493,1.5678436206308115,1.638321042060852,1.2803796529769897,1.1518362760543823,1.1209087371826172,0.03806307166814804,0.5789470076560974,0.9537740349769592
0,76,0.724,-1.4887022972106934,0.737226720398882,0.7949325591506868,1.0815704777105255,0.6903970241546631,0.7768163084983826,0.5174791812896729,0.813247561454773,-1.4292458295822144,0.7962679862976074,2.865186929702759
0,78,0.756,0.6264910697937012,1.0892750020315247,1.707408760926392,1.2241506893539347,1.0561245679855347,1.0521515607833862,0.5586115121841431,1.2478668689727783,-1.4644936323165894,1.9957139492034912,1.1157678365707397
0,85,0.841,-0.6883504986763,0.9326501263643756,0.9965547946524992,1.131250549280753,0.9885311126708984,1.198531150817871,0.884626030921936,1.3194657564163208,-1.6791976690292358,1.1875416040420532,2.7159359455108643
0,89,0.87,-1.350046992301941,1.839225847703058,1.7530507978754875,1.245108609912422,1.3543864488601685,1.2332494258880615,1.4325001239776611,1.4791406393051147,-1.0100085735321045,1.5271999835968018,1.203766942024231
0,92,0.888,0.36968401074409485,1.5657008210973533,1.7696051369492214,2.0047781710333092,1.4414478540420532,1.2521498203277588,2.062246084213257,2.48469614982605,-2.0073304176330566,2.9465246200561523,1.1380118131637573
0,100,0.918,12.591893196105957,1.830700651134152,1.146164414566164,1.0157179802277012,0.9373582601547241,0.8059673309326172,0.8185179829597473,1.1622560024261475,0.15771707892417908,0.5389715433120728,0.9418275356292725
0,102,0.937,-0.7936650514602661,1.223033689354763,1.0079762440275806,1.041368264117902,0.7425028681755066,0.6961069107055664,0.5816383361816406,1.2842131853103638,-1.4382030963897705,0.6581686735153198,3.1249780654907227
0,103,0.938,3.8202626705169678,1.8093171222271882,0.8933323500828169,1.0547306209512017,0.6689125299453735,0.9571784138679504,0.9569418430328369,1.2049670219421387,-0.23359346389770508,0.7790566682815552,0.8507514595985413
0,104,0.94,-3.716306209564209,1.438073001230313,1.2253785651135736,1.4936906235850413,1.021938681602478,1.3494081497192383,0.8725903630256653,1.321224570274353,-1.3782198429107666,0.9190568327903748,2.30500864982605
0,106,0.967,-4.6694183349609375,1.2716074015163468,1.0481132558820496,0.9486538116759791,1.0039939880371094,0.7900720834732056,0.6494135856628418,1.1224815845489502,-1.4484024047851562,1.76006019115448,1.4636465311050415
0,109,0.98,-4.6612443923950195,0.7341294346106032,0.5063544098174112,0.5183225163172098,1.3356019258499146,0.5563036203384399,0.14800143241882324,0.37300610542297363,-1.0805562734603882,1.2688710689544678,1.5776501893997192
0,117,1.004,0.04099922627210617,1.6057024528007124,1.1000574033586712,1.0364939358524277,0.9907305240631104,1.1049071550369263,0.960212230682373,1.2799187898635864,-1.4277758598327637,1.7738759517669678,0.4139407277107239
0,118,1.009,-2.864495038986206,1.3697189721800092,1.2098477246919992,1.2497130519964657,1.2707593441009521,1.278775691986084,0.8952422142028809,0.7423087954521179,-1.09847891330719,1.3139983415603638,1.763166904449463
0,120,1.013,0.692581057548523,2.168541276186774,1.8720140395859899,2.1974864325979437,1.1754999160766602,1.4830882549285889,1.8730735778808594,2.4001564979553223,-0.6021640300750732,1.3352550268173218,1.409396767616272
0,122,1.017,0.15984241664409637,1.5328023876863872,1.7949423247129448,2.0844891411658013,1.4717928171157837,1.1323366165161133,1.3725115060806274,1.1927716732025146,-0.9122089743614197,0.5083816051483154,1.7288233041763306
0,130,1.067,0.5142399072647095,0.8903848296877406,0.8757046736330277,0.7932044473621138,0.8555939197540283,0.7698943018913269,1.1697015762329102,0.8569071292877197,-1.4282244443893433,1.3578369617462158,1.9376198053359985
0,132,1.088,-6.51074743270874,1.2432001062502314,1.1808455772219537,1.2868603255242492,1.5825906991958618,1.271714210510254,0.6760684251785278,0.8858956098556519,-1.273784875869751,1.8042688369750977,0.6320282220840454
0,134,1.097,-9.52830982208252,1.5013336747298152,1.3728445348478053,1.5311636673223488,1.1220139265060425,1.200913667678833,1.311740517616272,1.1707913875579834,-1.2655600309371948,1.699108362197876,0.9854118824005127
0,137,1.1,12.84323501586914,1.2184594187321742,0.5552620147296654,0.9721838112624726,0.9675996899604797,0.9424917697906494,0.8824405670166016,1.364959955215454,-1.5093352794647217,0.5105332732200623,3.6882097721099854
0,142,1.116,0.5173936486244202,0.9298226011292623,0.9644609602584437,0.97695673706089,1.065840244293213,0.9323641061782837,1.3324350118637085,1.3317499160766602,-1.7111009359359741,2.365577220916748,1.266674280166626
0,143,1.126,0.572023332118988,2.1498079365380067,0.8106825252162656,1.2467001292752657,1.1939152479171753,1.135124921798706,1.61861252784729,1.7316062450408936,-0.8264786601066589,1.6800141334533691,1.4225468635559082
0,145,1.131,0.6834384799003601,1.6067681263912315,1.8167743647884613,1.2860303419333343,0.8648579716682434,1.2317692041397095,1.740782380104065,1.659928321838379,-1.6404474973678589,1.9631366729736328,1.3688832521438599
0,149,1.144,-0.8258456587791443,1.6237687635412519,1.5864078444463745,1.6428949274607207,1.1438394784927368,1.3707202672958374,1.6235437393188477,0.5167077779769897,-0.7842110991477966,0.9714382290840149,0.7434155941009521
0,181,1.271,-38.26811981201172,1.5837955227039366,1.4118267579857289,1.4464641164529821,1.5417662858963013,1.6235191822052002,1.3460240364074707,2.16843318939209,-1.7425689697265625,1.205723762512207,3.3383071422576904
0,187,1.287,0.32518473267555237,2.9003616561198355,2.471343002769743,3.041597799042245,3.1405394077301025,3.3799614906311035,2.650435447692871,2.6075165271759033,-1.0218349695205688,0.7182062268257141,0.5914563536643982
0,190,1.303,0.16376003623008728,1.615793392684893,1.3982210616596624,1.0352531121194977,1.0976479053497314,0.9280537962913513,0.8210695385932922,0.9320781826972961,-1.3141908645629883,1.6227962970733643,0.5131636261940002
0,195,1.326,-0.8613653779029846,1.0328459488936979,1.279259156874672,1.1276814118982506,1.2686207294464111,1.5661959648132324,1.0635029077529907,1.4514240026474,-1.693508505821228,1.050229787826538,3.003460645675659
0,196,1.327,-2.5505738258361816,1.4294164335016826,1.5775427331775211,1.2878093939899369,1.572748064994812,1.415668249130249,1.3194503784179688,1.1311354637145996,-1.1876249313354492,1.7503736019134521,0.5997709631919861
0,206,1.351,0.44267788529396057,2.8777055548340527,2.0977663811923413,2.281355550028147,1.2115122079849243,1.337491750717163,1.5887742042541504,0.7763886451721191,-0.237894669175148,0.3259546756744385,0.5179394483566284
0,209,1.366,0.21351715922355652,1.2180178820988963,1.252488740763759,0.8332118401931767,0.8579521179199219,0.777076244354248,-0.08463621139526367,1.205121397972107,-1.359040379524231,1.1505810022354126,1.7594863176345825
0,223,1.419,-2.0895867347717285,1.742602574900687,1.6013001416873285,1.6530212406392257,1.3767317533493042,1.145843505859375,1.1564621925354004,1.2657175064086914,-1.2307114601135254,1.6178725957870483,0.6373270750045776
0,239,1.486,0.28176814317703247,1.7367601889316833,1.2918429769405386,1.4636772374670963,1.5394845008850098,1.4973162412643433,1.4440371990203857,1.5385003089904785,-0.10875045508146286,0.9559230804443359,1.5605307817459106
0,240,1.487,-1.8934887647628784,1.918073360324372,1.4182297345655563,1.2623251693464228,1.5423583984375,1.2572848796844482,1.2624571323394775,1.4148457050323486,-1.1111115217208862,1.7085180282592773,1.2446374893188477
0,243,1.494,0.7501132488250732,2.8336483456202983,2.6814996650976246,2.1162658402661956,2.556464910507202,2.239760637283325,3.307781219482422,1.93453848361969,-0.8615846633911133,1.5059260129928589,1.0138123035430908
0,254,1.541,0.15707513689994812,1.9453888865872366,1.597813553955865,1.7136883707378967,1.606740117073059,1.20115065574646,1.5553867816925049,2.112468957901001,-1.6761759519577026,2.141000986099243,1.7440892457962036
0,262,1.559,1.032286286354065,1.4956955106061518,1.3686391156728122,1.6253953538673604,1.5420175790786743,1.5102155208587646,1.401195764541626,1.2026512622833252,-1.3652266263961792,1.6256084442138672,0.4937029480934143
0,266,1.581,-0.7464761734008789,1.7248536241603813,1.2614688812768944,1.967961127813159,1.042062759399414,1.2595558166503906,0.9412425756454468,0.8152400255203247,-0.6249004602432251,0.2655450105667114,2.3157944679260254
0,269,1.586,-0.5398130416870117,1.698171430255779,1.8540836891519528,1.4729983606459607,1.751961588859558,1.687606930732727,1.586185097694397,1.6475346088409424,-1.2595547437667847,1.199440598487854,1.9507580995559692
0,275,1.614,0.42847663164138794,1.5195316218366728,1.394510069929169,1.255634942426476,1.3857715129852295,1.1246521472930908,1.322704792022705,1.4180927276611328,-1.5456221103668213,1.4898537397384644,1.9713131189346313
0,281,1.621,-0.9750099182128906,1.6733657041705154,1.6063935243046477,1.4969792154421393,1.4477876424789429,1.3147388696670532,1.4287397861480713,1.5675700902938843,-0.8945667147636414,0.7244164943695068,2.027024030685425
0,285,1.636,0.43517133593559265,1.6005354405520837,1.4274871809842995,1.5004664799580238,1.6774367094039917,1.556910514831543,1.373058557510376,1.8039344549179077,-1.8102647066116333,2.2986011505126953,1.1875708103179932
0,299,1.693,-0.2772552967071533,1.2737435333130434,1.4114088381025078,1.4414268418722482,1.1539828777313232,1.5163863897323608,1.2971975803375244,2.0155231952667236,-1.7369171380996704,1.2711843252182007,3.2751030921936035
0,302,1.702,1.1820098161697388,2.3491224436026936,2.082765977989308,2.442600346848449,1.9262772798538208,2.1193957328796387,2.3038711547851562,1.4146504402160645,-0.28197944164276123,0.49588918685913086,1.1788570880889893
0,308,1.718,0.26931968331336975,4.246954246392495,4.808450983830839,5.0658352198347485,4.759339332580566,4.619480609893799,2.448188543319702,2.924712657928467,0.13432487845420837,0.8374840617179871,1.005406379699707
0,309,1.719,0.7251597046852112,1.9921137109649611,1.8400300423296123,1.6857084450976565,1.4729832410812378,1.4251662492752075,1.6792359352111816,0.8801542520523071,-0.6646867394447327,1.29969322681427,0.9843639135360718
0,315,1.737,-0.6359190344810486,1.7056688010030554,1.8745008801997858,1.5679091611100144,1.8305474519729614,1.7479238510131836,1.5830127000808716,1.6670002937316895,-1.2593104839324951,1.2032979726791382,1.9582922458648682
0,321,1.749,-0.2625974714756012,1.6072569442916294,1.6683021072742334,1.4965683689225164,1.2907363176345825,1.4115288257598877,1.7200021743774414,1.4368722438812256,-1.5333808660507202,1.0666959285736084,2.5760645866394043
0,324,1.753,-1.0000226497650146,1.58044234774049,1.5438523870334333,1.3866809604191959,1.5417392253875732,1.45380437374115,1.1830146312713623,1.0596394538879395,-1.5326359272003174,1.5779459476470947,1.1233419179916382
0,327,1.772,0.34670352935791016,4.126559940836939,4.651277051000197,4.895040246091489,4.744472503662109,4.6936798095703125,2.57476806640625,3.0153441429138184,0.11624708026647568,0.8651187419891357,1.129264235496521
0,329,1.777,-1.8033453226089478,2.6250308940230314,2.488242347423148,3.033994923761154,2.3270814418792725,2.275435447692871,2.344285011291504,2.1350371837615967,-1.4765514135360718,1.3997787237167358,0.5058193802833557
0,334,1.801,-1.2255104780197144,2.69424308577878,1.9190496302806221,2.125703901750085,1.8274785280227661,1.770918369293213,1.500370740890503,1.3185975551605225,-0.896293580532074,0.28204137086868286,0.2896907329559326
0,337,1.828,-0.8207738399505615,2.367333822604157,2.197840129987818,2.5186389474662105,2.176154851913452,2.2629148960113525,2.018596649169922,1.9862723350524902,-1.0913794040679932,1.3401131629943848,1.0082147121429443
0,339,1.829,-0.7148470282554626,1.7341706244193624,1.9820088145676158,1.7472533390492675,2.454373598098755,1.8576209545135498,1.3727920055389404,1.510045051574707,-1.213248610496521,0.9647045731544495,2.660348653793335
0,344,1.845,1.8411258459091187,1.8799871564905668,2.003317835232559,2.0433581805703858,1.9559317827224731,1.672093152999878,0.9893978238105774,1.91318941116333,-1.3729435205459595,1.9878274202346802,0.8727961182594299
0,361,1.889,-1.7534469366073608,1.7408657825258327,1.6981368870597275,1.5802740345816,1.6744922399520874,1.4659794569015503,1.5576168298721313,1.583140254020691,-1.5262348651885986,2.0444223880767822,0.776060938835144
0,368,1.917,0.3709755837917328,4.248179313131313,4.698499950779349,6.244450346046189,4.502306938171387,4.75843620300293,3.05108642578125,3.2143476009368896,-0.22668620944023132,1.2120020389556885,1.231943964958191
0,371,1.931,0.5617193579673767,1.8720465951858292,1.9880237918787556,1.8101706030459486,1.8125548362731934,1.4715851545333862,1.8500779867172241,1.9192553758621216,-1.545091986656189,1.5694578886032104,2.258938789367676
0,373,1.947,-1.2325772047042847,2.479966260629354,2.305117686982138,2.760273903823335,2.344921350479126,2.4101269245147705,2.186389684677124,1.9889366626739502,-0.8655173182487488,0.8438587188720703,0.8816757202148438
0,376,1.956,0.6054697632789612,1.8861919632918247,2.1064090720101407,2.2536991129279462,1.7964391708374023,1.448974609375,0.9057438373565674,1.49263334274292,-1.306871771812439,0.9455776214599609,0.4218328595161438
0,379,1.963,0.12065228074789047,1.9606288680493125,2.016054804876912,1.6961540634751868,1.8528751134872437,1.8040101528167725,1.7345399856567383,1.9383946657180786,-0.8447410464286804,1.227429986000061,2.2872767448425293
0,385,1.99,-0.08997020125389099,2.3983827838935796,2.2413702573559164,2.04582049679522,2.3150923252105713,2.177000045776367,2.0022335052490234,2.2564468383789062,-1.3540829420089722,1.6105231046676636,0.7891477942466736
0,387,2.001,-0.1701977401971817,1.3996408798281943,1.753277604821832,1.95821495847371,1.8941758871078491,1.6342839002609253,1.6276339292526245,1.820679783821106,-1.7581820487976074,1.690709114074707,2.111541748046875
0,388,2.003,1.094531536102295,2.3542397954578016,2.1727497691974516,2.1200494252226845,2.2432496547698975,1.9707615375518799,1.8397549390792847,1.7568186521530151,-0.4026311933994293,0.7428811192512512,1.3306926488876343
0,400,2.023,0.6756941676139832,2.2809844169925344,1.9944168109674334,2.2822997406532393,2.194451093673706,2.333697557449341,2.456260919570923,2.3113667964935303,-0.7530598044395447,1.4764714241027832,1.0371853113174438
0,408,2.05,0.557141125202179,1.9553289604512536,2.1424969504970597,1.825773409112271,1.8433014154434204,1.882790446281433,1.6004730463027954,1.815861701965332,-0.9618586301803589,1.3440966606140137,2.390777826309204
0,417,2.067,0.6835940480232239,1.974049752182492,2.0222893404600737,1.8346303667055004,2.0527737140655518,2.045245409011841,1.9620447158813477,2.126150608062744,-1.726226568222046,1.662109136581421,2.548891544342041
0,420,2.081,0.364044189453125,2.395456228345218,2.3628263137180916,2.3681543692689244,2.1482295989990234,2.36431622505188,2.4005143642425537,2.293213129043579,-0.6563213467597961,1.4009122848510742,1.3880115747451782
0,436,2.117,-7.046192646026611,2.473252971107594,2.2289523683800767,2.871943923820202,2.7674057483673096,2.449451446533203,2.508577823638916,2.0717015266418457,-0.2365911304950714,1.1322463750839233,1.3156503438949585
0,444,2.143,-5.366433143615723,2.1800465695815614,1.5942817790982844,1.9047570687110573,1.8869545459747314,1.9811781644821167,1.9823306798934937,2.1138205528259277,-0.2591823637485504,1.0389481782913208,1.1043264865875244
0,449,2.154,1.0149832963943481,1.9930979511784506,1.8030290587720985,2.156504418268475,1.7480775117874146,1.6146903038024902,1.6421451568603516,0.5257161259651184,-0.5118138194084167,1.040454387664795,0.8501030206680298
0,451,2.157,-0.9745628237724304,2.1386100757552864,2.009284851589152,2.132626083285129,2.0271191596984863,1.951500415802002,1.8515522480010986,2.168165922164917,-1.600184440612793,2.1061336994171143,0.5894641876220703
0,452,2.165,-2.0066611766815186,1.9531603923518173,2.016484068169336,1.9862214890440208,2.0397660732269287,1.8713217973709106,2.415266275405884,2.032125473022461,-1.49046790599823,1.9703131914138794,0.6244626641273499
0,458,2.172,-7.224625587463379,2.06033684642048,2.1444675413038263,2.404841565163162,2.0683083534240723,1.8758715391159058,1.8960720300674438,1.0604424476623535,-0.9557838439941406,0.7710643410682678,0.918082058429718
0,460,2.175,0.768567681312561,2.306418167358668,2.269652729083299,2.026669829147,2.195265054702759,2.1459693908691406,2.187473773956299,2.166057586669922,-0.18460074067115784,0.8711183667182922,1.2400633096694946
0,461,2.183,0.13583645224571228,1.4178570913423743,1.8601011856913259,1.528649852321113,1.9100812673568726,1.6233199834823608,1.9816484451293945,2.383378744125366,-1.905895471572876,2.694957971572876,0.8286373019218445
0,466,2.211,3.3773252964019775,2.1891665235944595,1.340806530522306,3.2721587086755255,2.8542895317077637,2.772775173187256,2.3089091777801514,2.8205506801605225,-1.7043217420578003,1.7729119062423706,1.409163475036621
0,483,2.24,0.702944815158844,3.2325415537518025,2.5019633928374723,2.829954692982427,2.3737547397613525,2.3780014514923096,2.378931760787964,3.137099504470825,-0.6079062819480896,0.9956055283546448,1.40175199508667
0,484,2.242,-0.5148313641548157,2.1394265449447527,2.1347417299137565,2.084817764229755,2.158998489379883,2.177996873855591,2.037567377090454,2.1354949474334717,-1.4309966564178467,1.9169865846633911,0.87274169921875
0,489,2.259,0.18206475675106049,2.833052153846955,2.297693325174919,2.5081524819603844,2.0989580154418945,1.9862256050109863,2.202176570892334,1.9933600425720215,-0.28637057542800903,0.4958442151546478,0.6702916026115417
0,492,2.266,0.1521388292312622,2.097671559249791,2.0970099726447984,2.1085391543294785,2.096524953842163,2.241020441055298,2.1495602130889893,2.149780750274658,-1.6329941749572754,1.6254945993423462,2.3060429096221924
0,496,2.281,-1.2208915948867798,2.01265917047913,1.9741463665826662,1.8499392477464118,2.059941053390503,1.7298803329467773,1.7648284435272217,1.85093355178833,-1.1944535970687866,1.9025163650512695,1.3704290390014648
0,500,2.298,0.11272962391376495,2.839616499599883,3.1177701839389336,2.6304059345462516,2.627436876296997,2.1243410110473633,3.03518009185791,2.728924512863159,-0.8457481861114502,0.4183988571166992,0.9029212594032288
0,501,2.299,-0.6270257830619812,2.0033281065499398,1.8956774917375396,1.965457651675787,2.1587491035461426,2.254565477371216,2.1685948371887207,2.248342514038086,-1.669911503791809,2.414121389389038,0.823168158531189
0,512,2.328,4.967206954956055,3.587616795399045,3.2188817451524843,2.248801507894462,2.1214373111724854,2.164705753326416,2.432805061340332,1.7647730112075806,-0.046418674290180206,0.38225236535072327,0.5785378217697144
0,513,2.332,-1.491086483001709,1.8907713120231597,1.3147638570251643,1.8106882006766627,1.4322662353515625,1.4483962059020996,0.8557823300361633,1.1645565032958984,-0.8740953803062439,1.072669506072998,1.5091503858566284
0,514,2.345,0.25051820278167725,2.3389819807659924,2.5408354505011985,2.0580629516511033,2.326857328414917,2.1996593475341797,2.1995677947998047,2.5856873989105225,-1.8006417751312256,2.0917553901672363,0.9205257892608643
0,529,2.404,0.2481960952281952,2.412561571186781,2.4445894836259345,1.9466328632928684,2.326796054840088,2.1055781841278076,2.316478967666626,2.7139766216278076,-1.891838550567627,2.1757333278656006,0.9322208166122437
0,539,2.436,0.5833292007446289,1.7640290701685357,2.0258510397655303,1.7577129434222236,1.7679033279418945,1.7275159358978271,1.7359035015106201,2.047840118408203,-1.5432206392288208,1.9166090488433838,0.67813640832901
0,541,2.441,-11.467638969421387,1.6699146135113005,1.7479259478448286,2.4153219043219956,1.8112820386886597,2.0003182888031006,2.468366861343384,1.4922595024108887,-1.22635018825531,1.3546686172485352,0.6647047996520996
0,545,2.455,-1.910990834236145,2.352709386622832,2.5299365067020734,2.297483068655235,2.538532018661499,2.4152820110321045,2.2564404010772705,2.1376631259918213,-1.2574149370193481,1.101670265197754,0.7541049122810364
0,553,2.467,-1.2828363180160522,2.0798386596230616,1.7276857322468158,1.8321657583926294,1.8033987283706665,1.6816600561141968,1.2651329040527344,1.1062273979187012,-0.923765242099762,0.12676428258419037,0.9092600345611572
0,554,2.472,-6.225302219390869,2.3157042661465086,2.3919507601102707,2.045263147429247,2.2572667598724365,2.265810251235962,2.280339241027832,2.301285743713379,-1.5883485078811646,1.972058892250061,0.4617525339126587
0,555,2.473,-1.1171238422393799,2.4801967499585373,2.373005454732997,2.4571971996993556,2.4170007705688477,2.2884936332702637,2.2886483669281006,2.429612874984741,-1.58297598361969,2.0607481002807617,0.5665057897567749
0,560,2.487,-1.5939223766326904,2.125216592909445,2.519634066805291,2.245861711452503,2.2995831966400146,2.1057047843933105,2.5877182483673096,2.3695180416107178,-1.5412156581878662,1.9546741247177124,0.5835370421409607
0,563,2.498,-2.9015378952026367,2.3058776544910295,2.490432612112453,2.3681446644514716,2.27201771736145,2.2939982414245605,2.460268259048462,2.249019145965576,-1.619876503944397,2.3176047801971436,1.0045993328094482
0,565,2.516,-0.14899654686450958,2.7624720796888287,3.252220928566549,2.7777178948016177,2.505547285079956,2.403743267059326,2.3647537231445312,2.4916794300079346,-0.17527231574058533,1.009390115737915,1.434375286102295
0,567,2.525,-0.05782647803425789,2.7428961850279348,3.185759007550873,2.714695130012662,2.45346736907959,2.513232946395874,2.2351746559143066,2.2538881301879883,-0.057938382029533386,0.8926628232002258,1.2928229570388794
0,569,2.535,0.31189024448394775,2.3258274730771156,1.8063234605471374,2.174320674587176,2.331799030303955,2.324998617172241,1.380408525466919,2.167872190475464,-1.4261679649353027,1.7822797298431396,0.9025542736053467
0,576,2.573,8.927926063537598,2.418795952443594,2.6381956295444398,2.776878531913885,2.617274522781372,2.7858753204345703,2.451817274093628,2.989433526992798,-0.556972324848175,1.5793830156326294,1.7110471725463867
0,577,2.574,-0.8879743218421936,2.6473280884995414,2.7339590909464255,2.5736184509125595,2.4654059410095215,2.4930737018585205,2.4178357124328613,2.367114782333374,-1.1555912494659424,0.9412575364112854,0.9872010350227356
0,581,2.584,0.8606356978416443,2.198918528137484,2.0491668661709284,1.7142928076126864,1.6693223714828491,1.8210961818695068,1.8669471740722656,1.913295865058899,-1.2785694599151611,1.1935323476791382,2.3756372928619385
0,589,2.601,0.21796531975269318,2.5698922005594227,2.398175185329282,1.9814667486745794,1.9113889932632446,1.8988221883773804,1.880637526512146,1.9609156847000122,-1.2923476696014404,1.37190842628479,1.0048503875732422
0,590,2.602,10.228075981140137,2.3416838641928064,2.4518462246972126,2.628522235023948,2.5679383277893066,2.4564926624298096,2.5717756748199463,2.518488645553589,-1.6972712278366089,2.1514885425567627,0.5647357702255249
0,605,2.663,1.0461838245391846,2.792547765157761,2.654651651460516,2.8081486672416607,2.5932819843292236,2.515754222869873,2.323265552520752,2.2996044158935547,-0.6858911514282227,0.3308684825897217,0.6772504448890686
0,611,2.685,-2.2503671646118164,2.5599174518337833,2.313977902144852,2.5926072223080467,2.6041505336761475,2.399670124053955,2.2288999557495117,2.163102149963379,-1.272541880607605,1.4949814081192017,1.054547905921936
0,614,2.692,-2.1862759590148926,2.449227459674131,2.4385477180468884,2.7662329327267834,2.464398145675659,2.6430788040161133,2.529818058013916,2.427581310272217,-1.5182194709777832,1.5423202514648438,0.741183340549469
0,621,2.717,-1.6126165390014648,2.563124602535493,2.45415388037976,2.6958946971014397,2.212813138961792,2.312699794769287,1.43058443069458,1.5680351257324219,-0.7109797596931458,0.7750536799430847,0.7316290736198425
0,624,2.729,-0.6421328783035278,2.4699782627494393,2.5857558089041945,2.543726390775066,2.2190866470336914,2.2569754123687744,2.4555821418762207,2.373316764831543,-1.625552773475647,1.4924719333648682,0.7127805352210999
0,627,2.736,-2.3479702472686768,2.78724352701313,2.680222012592507,2.531186251262226,2.59379506111145,2.555224657058716,2.677030086517334,2.3446216583251953,-1.472713828086853,1.6095471382141113,0.9348166584968567
0,630,2.746,0.4366060793399811,2.3586683031721294,1.9183636638823602,2.507712000017662,2.233894109725952,2.3044629096984863,1.3111354112625122,2.094914674758911,-1.2926424741744995,1.6508193016052246,0.9074333906173706
0,631,2.752,-6.780454635620117,2.6230529854376887,2.699069836367964,2.4074424067007927,2.4886252880096436,2.516681671142578,2.8035354614257812,2.474785804748535,0.025621630251407623,0.8167309761047363,1.3537923097610474
0,633,2.768,-1.4472534656524658,2.3227202236856734,2.6343408121211636,2.728036161131606,2.3979084491729736,2.648667812347412,2.4636318683624268,2.867447853088379,-0.6735416054725647,1.515722393989563,2.792375087738037
0,634,2.781,0.5969113111495972,2.2675769832806068,1.8733865885979746,2.3880026348284282,1.747406244277954,2.1740047931671143,2.0306296348571777,2.3501172065734863,-0.5997551679611206,0.910288393497467,1.0955286026000977
0,635,2.787,0.16908475756645203,1.9642228799086434,2.3699768145195512,2.2450480441195326,2.140153646469116,2.2456295490264893,2.0597240924835205,2.033609390258789,-1.1207250356674194,1.4546188116073608,2.4818837642669678
0,641,2.82,-2.126791477203369,2.6198774126582802,2.7256566376894584,2.5663102568204303,2.5812857151031494,2.2681689262390137,2.507251501083374,2.638406276702881,-0.5476452112197876,1.4807038307189941,2.1564252376556396
0,646,2.83,-2.0068750381469727,2.611645090829874,2.636182918282138,2.7168440390103124,2.6652629375457764,2.5964269638061523,2.684598922729492,2.6220881938934326,-1.589013934135437,1.8270056247711182,0.5922161936759949
0,649,2.832,0.2920438349246979,2.4221784949776795,2.5728642420243957,2.504549166658353,2.3497984409332275,2.250049352645874,2.659334421157837,1.837107539176941,-1.4930921792984009,1.7478506565093994,1.193894863128662
0,653,2.839,7.099637031555176,2.3818814366570753,2.192351570619853,2.73864935953544,2.2820675373077393,2.3792946338653564,2.550936460494995,2.375244379043579,-1.470276951789856,1.401552438735962,0.9353944063186646
0,656,2.852,0.027152810245752335,2.7907533214799543,3.8328131147601434,2.913934689813012,2.825936794281006,2.834946632385254,3.4277305603027344,3.374708890914917,-1.8513327836990356,2.346679210662842,0.7459044456481934
0,660,2.865,-1.858500599861145,3.0421890209605205,3.6372654537413043,3.6525549190306426,3.4957027435302734,4.013619899749756,3.421931743621826,4.114270210266113,-0.4236244559288025,1.2602483034133911,1.6080909967422485
0,671,2.916,-3.9528567790985107,2.869869548808143,2.8723728132470576,3.099571530718422,2.639465808868408,2.8205478191375732,2.473844289779663,2.6119494438171387,-1.2786399126052856,0.9696314334869385,0.6128965616226196
0,677,2.938,-0.8655540943145752,2.341026666619253,2.3455769891011977,2.7351712688938488,2.181258201599121,2.2797999382019043,2.259549140930176,2.398277521133423,-1.0429571866989136,1.0891454219818115,0.9437665343284607
0,682,2.973,-2.396825075149536,1.7725659462378003,2.0503535861342517,4.05373182238746,2.3602383136749268,2.7250936031341553,2.5542633533477783,2.8202168941497803,-1.5255866050720215,2.980926990509033,1.6650218963623047
0,685,2.985,-1.4244942665100098,2.6905911342039173,2.863477712267681,2.9259689455490965,2.772017240524292,3.031979560852051,2.820794105529785,2.8381807804107666,-1.5008114576339722,1.3994872570037842,0.7325739860534668
0,687,2.992,1.4662576913833618,3.3142872900419276,2.964274023655706,3.270326660054911,3.2281720638275146,3.027782917022705,2.646125555038452,2.869096279144287,-0.43557441234588623,0.9447011351585388,1.024476408958435
0,694,3.042,-5.190081596374512,2.782368397918915,3.2017174927564986,3.3121696805941765,3.2754762172698975,3.0815374851226807,1.8513344526290894,3.0598974227905273,-1.3347103595733643,0.9244858026504517,0.7701536417007446
0,701,3.091,0.504099428653717,2.77269964798822,3.2184082534840672,2.918473204497267,2.645894765853882,2.781355619430542,2.697902202606201,2.793877363204956,-0.730670690536499,1.5946776866912842,1.9780471324920654
0,705,3.107,-1.3594822883605957,2.7206199775392266,2.990603754893867,2.6678736268549565,2.4827497005462646,2.2777254581451416,2.376699447631836,3.1851823329925537,-0.21433395147323608,0.9869105219841003,1.504281997680664
0,713,3.138,-0.27086353302001953,3.8033997252216705,3.3588602060298722,3.380959498824271,2.776122808456421,2.6183860301971436,2.968022108078003,3.651931047439575,-1.0572396516799927,0.8650113344192505,1.1407711505889893
0,715,3.148,-3.8934929370880127,2.9311043890091395,2.762121141915055,3.1173431928287676,2.6570677757263184,2.6717004776000977,3.1151773929595947,2.700590133666992,-0.0356924831867218,0.9137440919876099,1.4625848531723022
0,716,3.151,0.5987275838851929,2.790525493367258,2.8537535667449965,2.1317419968761113,2.6784682273864746,2.561039686203003,3.0145463943481445,1.9763084650039673,-0.2662569284439087,1.2343668937683105,1.0399528741836548
0,718,3.167,0.6598894000053406,3.5796799474266487,2.9133206212435665,2.4186247482864873,2.759416103363037,2.5625627040863037,2.1988296508789062,2.3261091709136963,-0.24777165055274963,0.675133228302002,0.9002389907836914
0,722,3.183,0.6633459329605103,2.7489894871542786,2.729385956210048,2.799964638671198,3.2090094089508057,2.789978265762329,3.162313222885132,3.1761114597320557,-1.4399943351745605,1.2284579277038574,1.1179691553115845
0,724,3.208,0.36163458228111267,3.0115206596853428,2.3525766671826784,3.5757765527580365,2.3303468227386475,2.005340337753296,3.0191686153411865,1.8974617719650269,-0.6136175394058228,0.5827978849411011,0.5966695547103882
0,739,3.293,3.41965389251709,3.2675589777537257,3.4846357234371963,2.369126053265382,2.0465245246887207,1.8974109888076782,2.389098644256592,2.115720510482788,-0.4603008031845093,0.6320358514785767,0.5263900756835938
0,740,3.3,0.9932827353477478,3.5644777152569644,3.182200567932084,3.173191972920339,2.8047971725463867,2.867953062057495,3.3700029850006104,2.754080057144165,-0.4442145526409149,0.7431700229644775,0.7175167798995972
0,745,3.344,3.0981969833374023,3.630521601850656,3.4578226840515387,3.554520989017972,3.7015151977539062,3.589890956878662,3.457584857940674,3.744056224822998,-1.4042763710021973,0.6814477443695068,0.47822755575180054
0,749,3.356,-4.907382965087891,2.407157238365281,2.721317719353902,1.8858644479597766,2.0712168216705322,2.2875611782073975,1.456250786781311,1.062941551208496,-0.41215336322784424,0.936970591545105,0.6904653310775757
0,751,3.369,11.297720909118652,2.4691002621772116,2.6867141160402674,2.9819283291956826,2.626741886138916,3.080618143081665,3.183528423309326,2.713202953338623,-1.7694369554519653,2.4769821166992188,0.6323202252388
0,755,3.396,-0.24451285600662231,3.7808552433979403,3.250606582737893,3.5737299401930667,3.5713536739349365,3.349607229232788,3.1705825328826904,3.3667330741882324,-1.0019160509109497,0.6861301064491272,1.0450072288513184
0,757,3.44,-4.446063041687012,2.8948193104143485,3.409999558719081,3.6599257638791367,3.33044695854187,3.3751866817474365,2.790797710418701,3.3230435848236084,-1.5600897073745728,1.181854486465454,0.9344109296798706
0,771,3.547,-1.4760481119155884,3.1153745184426556,3.396276312345373,3.2785481416236757,2.91660213470459,2.9070932865142822,3.0990331172943115,3.1459591388702393,-0.9777477979660034,0.6409452557563782,0.7373712062835693
0,772,3.55,8.748565673828125,2.8549604148629144,3.5682791020939364,3.044224207120399,2.7440526485443115,2.447300910949707,2.614811658859253,2.6910743713378906,-0.6465563178062439,1.0359280109405518,1.5089129209518433
0,778,3.601,-5.061368465423584,2.933082863062863,3.1316476750735607,3.4792472728722066,3.7687320709228516,3.541229009628296,2.931915760040283,3.0126194953918457,-0.8377642035484314,0.5597571134567261,0.9955049157142639
0,780,3.613,-1.5368603467941284,2.2246190018217002,2.5659070866037017,2.785283584774651,2.5948500633239746,2.2703263759613037,2.6339006423950195,1.9553768634796143,-1.2846957445144653,0.7393814325332642,0.4678465723991394
0,786,3.629,-13.397239685058594,3.240791219483445,3.3457584850465794,3.473263079377282,3.268221616744995,3.313847541809082,3.667923927307129,3.64359188079834,-1.2818212509155273,0.851231575012207,0.8636724948883057
0,790,3.667,-0.24000170826911926,3.501704962455198,3.5700372797471083,3.42703917416812,3.425943374633789,3.3200788497924805,3.3039979934692383,3.24737286567688,-0.9797658324241638,0.44907328486442566,0.524199366569519
0,806,3.8,7.475155353546143,3.6017605210715247,3.1944166037018604,4.042527707098341,3.6826512813568115,3.4942662715911865,3.64442777633667,3.1344985961914062,-0.29905322194099426,0.6246256828308105,1.030365228652954
0,807,3.808,0.6523361802101135,3.649601940690055,3.5389843928611757,4.0727060557769255,3.921787977218628,3.93475079536438,4.321063041687012,3.8165979385375977,-1.1595683097839355,0.6295090317726135,0.7987081408500671
0,809,3.812,0.4910338819026947,4.177221763122152,4.361057809666666,4.597911575356815,5.142972469329834,5.075882911682129,4.685985565185547,5.079161643981934,-1.3014912605285645,0.9851436614990234,1.5025745630264282
0,812,3.844,-0.27465391159057617,4.362949166897918,4.0554441555916245,4.168963733406334,4.219780445098877,4.108978748321533,4.181025505065918,4.14570951461792,-1.1151399612426758,0.6262050867080688,0.8686642646789551
0,815,3.865,0.0937986969947815,3.0772429270958064,3.6900254244256967,3.3275725535605756,3.0858163833618164,3.5872690677642822,3.82578182220459,3.563164710998535,-0.6883233785629272,1.790826439857483,2.1320338249206543
0,831,4.019,-3.84458589553833,2.9182250851305582,3.2924946241782793,3.5517100621794624,3.891618490219116,3.5133168697357178,2.9030730724334717,3.1019415855407715,-0.9263008236885071,0.7731074094772339,1.1340489387512207
0,833,4.038,-0.5851868391036987,3.872735441213027,4.000577251311391,3.888953207460655,3.9136507511138916,3.694030284881592,3.7103452682495117,3.97434139251709,-1.1200494766235352,0.6855255961418152,0.759048581123352
0,835,4.055,0.5387420058250427,3.6298113905483373,4.040640497264367,4.810840837582519,4.815925598144531,4.174654006958008,3.015174388885498,3.352236747741699,-0.7440522909164429,1.2541910409927368,1.1873595714569092
0,857,4.317,0.1431373804807663,3.5207765869075387,3.7472016888966824,5.044918670065977,4.698099613189697,4.620034694671631,4.49658203125,4.365259170532227,-0.8362297415733337,1.7257357835769653,1.8843331336975098
0,858,4.317,4.0085649490356445,2.8647367248169053,3.7133679496508023,3.9451420527319825,4.2446064949035645,4.287729740142822,3.6117660999298096,3.875316619873047,-0.19642937183380127,0.9613196849822998,1.1769993305206299
0,863,4.44,0.5684170126914978,3.373325617099566,4.2697136430751295,4.990700339819895,5.166628360748291,4.661017417907715,3.657486915588379,3.343485116958618,-0.659037709236145,1.4423487186431885,1.3526164293289185
0,865,4.453,-1.5951354503631592,3.515142971540155,3.91953102167742,3.925418741795556,4.307593822479248,4.072275638580322,4.069869518280029,4.666905879974365,-0.4468875825405121,1.463307499885559,2.1078925132751465
0,872,4.606,1.0266858339309692,3.3003893439615966,3.167712672098468,3.421686109908834,3.555903673171997,3.321475028991699,3.262702226638794,3.541109085083008,-1.0472038984298706,1.18355393409729,1.0878465175628662
0,884,4.726,-0.3501661419868469,4.716358558462982,5.491059460023162,4.392481868701073,4.824490547180176,4.543603897094727,4.511170864105225,4.8614959716796875,-1.230055809020996,0.7575505971908569,0.9660130739212036
0,885,4.747,-0.32280680537223816,4.717227527552373,5.517296995645998,4.67151123584972,4.9671430587768555,4.836503505706787,4.528477191925049,4.988614559173584,-1.2144349813461304,0.8217689990997314,1.0202317237854004
0,888,4.8,0.10629881918430328,4.636001740620489,5.406150824800295,5.300076454128893,4.869965076446533,4.9184980392456055,4.468039512634277,5.330801963806152,-0.13099220395088196,1.460532307624817,1.8019304275512695
0,889,4.827,6.515804290771484,4.076330053104303,3.8409567972010565,4.134003296665067,3.789381980895996,3.5572400093078613,4.215067386627197,5.158753395080566,-1.2770520448684692,1.3941624164581299,1.6352152824401855
0,902,5.084,0.44139668345451355,5.835848741499236,6.184917418887587,5.790318403494702,5.6778388023376465,5.6666998863220215,5.5490570068359375,5.917064666748047,-1.247038722038269,0.9857251048088074,0.9912156462669373
0,910,5.166,-111.36280059814453,4.311001759259257,4.448866458701408,5.131192649694979,4.79700231552124,4.803447723388672,5.16188907623291,5.227557182312012,-0.14798346161842346,1.5920931100845337,1.6498520374298096
0,927,5.397,-7.735286712646484,4.352381274519599,4.982399662685903,4.807288671620755,4.929047584533691,4.629055976867676,5.59431791305542,5.093410968780518,-0.9292441010475159,0.8156365156173706,1.3067518472671509
0,930,5.485,0.8145384192466736,4.721368629379875,4.757181862802928,4.872123975684366,4.9009504318237305,4.950652122497559,5.627468109130859,5.5117506980896,-1.443702220916748,0.8187773823738098,1.1448755264282227
0,933,5.535,1.0523990392684937,4.732820748187,5.533299835037197,5.363145364012533,5.281847953796387,5.149557113647461,5.784687042236328,4.499553680419922,-0.3924384117126465,0.7644843459129333,1.2821279764175415
0,939,5.741,8.613526344299316,4.208005712842712,5.196005723639975,5.084168750788357,4.494218826293945,4.801290988922119,4.066829204559326,3.657473564147949,0.053059302270412445,0.3880808651447296,1.3100415468215942
0,942,5.787,-0.42794960737228394,5.0999315791523285,5.836972232919054,5.847537030658534,5.419704437255859,5.411789894104004,5.99507999420166,6.05445671081543,-1.5372891426086426,1.4019368886947632,1.3252766132354736
0,946,5.829,-1.0349658727645874,6.390244665883637,6.901622273777575,6.873750177182598,6.946191787719727,6.994852542877197,8.080865859985352,6.937889099121094,-1.6850510835647583,1.1262211799621582,0.9107337594032288
0,952,5.946,0.28204959630966187,5.231027549811301,5.444410940115288,5.938645092821899,5.626770973205566,5.377179145812988,6.535211563110352,6.012887954711914,-1.3586652278900146,1.390016794204712,1.3340818881988525
0,961,6.116,-0.10257558524608612,5.094184700031448,3.8078616986280145,4.338709548437331,3.4124810695648193,3.7192816734313965,2.633357524871826,2.51169490814209,-0.4154360294342041,0.6268362998962402,0.7849748730659485
0,962,6.127,2.4836008548736572,4.688200500333004,4.790053108207839,5.3716566969848465,6.558459281921387,6.416858673095703,5.866518497467041,5.902578830718994,-0.5941876769065857,1.7423465251922607,2.070847272872925
0,966,6.247,-2.4151463508605957,4.192111298553298,4.2958345270304745,4.837993764614394,4.77529764175415,4.253917694091797,4.345712184906006,5.0675048828125,-1.4746289253234863,0.907263994216919,0.8637010455131531
0,973,6.795,1.9970359802246094,4.713374265752764,4.314552591242154,5.786885674465082,5.878974914550781,5.748463153839111,4.595240116119385,3.9108996391296387,-0.9188891053199768,0.8611815571784973,0.8097381591796875
0,976,6.986,6.745462417602539,5.993330525160024,4.694187509093211,5.70142156549033,5.989424705505371,5.675619602203369,4.081386566162109,5.317133903503418,-0.678722083568573,0.9972208142280579,1.4462655782699585
0,977,7.004,2.659038543701172,4.7317799699374685,4.363953617019261,5.76735123895333,6.098698139190674,5.832299709320068,4.667726993560791,4.004307270050049,-0.8948524594306946,0.8254015445709229,0.8526559472084045
0,982,7.695,-0.07768779993057251,6.3837948057960565,6.940804649047919,7.194787376490604,6.767005920410156,6.763180732727051,6.739250183105469,6.2995805740356445,-0.2867009937763214,1.1589229106903076,1.0652377605438232
0,983,7.966,0.30914339423179626,6.4792854488937,7.108695969206704,7.30325075946641,7.118619918823242,7.019625663757324,7.007206916809082,6.753721237182617,-0.36113446950912476,1.3378455638885498,1.2332653999328613
0,987,8.25,-0.41247260570526123,7.417388372442374,8.505705862096208,7.994506919031759,8.275177955627441,8.122270584106445,8.102141380310059,7.730755805969238,-1.22543203830719,1.1449942588806152,1.69447922706604
1,21,0.195,-3.815605878829956,0.8051339592881939,0.37777659348394405,0.7420437033438607,0.38237911462783813,0.31132772564888,0.49923384189605713,0.3885664939880371,-0.8890970945358276,0.8932497501373291,0.5835893750190735
1,22,0.197,-1.2349992990493774,0.573072818126435,0.679173183658011,0.4127038538451222,0.44106027483940125,0.40349018573760986,0.25248169898986816,0.44556450843811035,0.7451078295707703,0.5422685146331787,0.20937547087669373
1,24,0.243,4.069422721862793,1.7934244804594077,1.6559611394815952,1.7115675792647367,0.80426025390625,0.6416127681732178,1.3487262725830078,1.2072725296020508,-0.10490399599075317,1.2738622426986694,0.8390666246414185
1,26,0.32,-1.9627467393875122,1.173228088773233,0.9742866526679207,1.0354864385212066,0.46060827374458313,0.44641023874282837,0.5328474044799805,0.29040610790252686,-0.026654347777366638,1.1232818365097046,0.6975377202033997
1,29,0.346,-0.4616814851760864,1.021274216968217,0.9678806493147972,0.5852144577298146,0.8440849184989929,0.8347885608673096,0.7240947484970093,0.6571362018585205,1.4750880002975464,0.1916009783744812,-0.6074060797691345
1,31,0.361,-10.766885757446289,1.5620453213584922,1.0348560533295015,0.8524386800546879,0.8331906199455261,0.9022951126098633,0.39606696367263794,0.613320529460907,0.9855269193649292,0.2103058248758316,-0.24955925345420837
1,34,0.406,-2.7630176544189453,0.30051436619324545,-0.04717714051127107,0.3067025046307412,-0.11306064575910568,-0.21465525031089783,-0.2530747652053833,-0.09554195404052734,0.36821842193603516,0.20043092966079712,0.09505662322044373
1,39,0.428,-5.159106254577637,0.9011405119047614,0.6393944681309157,0.6195042977643133,0.13016870617866516,0.160810649394989,0.06331419944763184,0.13567018508911133,-1.883947730064392,0.0005513131618499756,0.8222425580024719
1,63,0.685,-2.96195125579834,2.635237598097083,2.679331741157869,2.6879797497504296,2.538546323776245,2.6373395919799805,2.497506856918335,1.9667664766311646,-1.4167137145996094,1.0357224941253662,1.0158532857894897
1,64,0.688,-1.9535777568817139,0.7003813222279667,0.6426387050580057,0.9591524551526422,0.7344158291816711,0.7423121929168701,0.526671290397644,0.5963146686553955,0.9084557294845581,0.5547512769699097,-0.1102389320731163
1,68,0.701,-2.0197856426239014,1.6071764214996496,1.5063030405885487,1.2875507341051877,0.8063210844993591,0.9085540771484375,0.4979907274246216,0.6923176050186157,-0.013118326663970947,1.0805366039276123,0.6382261514663696
1,70,0.71,-2.315526008605957,1.065753039111183,0.8758235947146896,0.6982347601923977,1.5708794593811035,1.5597249269485474,1.330428123474121,2.3908987045288086,-1.1521402597427368,2.1610682010650635,1.7560964822769165
1,74,0.722,-1.8722741603851318,0.6505480847023349,0.5781424139024798,0.7140737455812256,0.5858882665634155,0.4854609966278076,0.3418208360671997,0.5628459453582764,0.15570668876171112,0.8495888710021973,0.30784931778907776
1,83,0.817,1.5981991291046143,1.5268483170645493,1.249056297162359,1.4693132511377125,1.3887237310409546,1.3635528087615967,0.7283170223236084,0.5601006746292114,-0.022931069135665894,0.9367402791976929,0.6093865633010864
1,84,0.823,0.3478465974330902,1.2779626205298238,1.512505404165154,1.2563318320416434,1.194548487663269,1.266728162765503,1.4012103080749512,1.6342543363571167,-1.1736103296279907,1.4644780158996582,1.218064785003662
1,88,0.865,-1.4853795766830444,1.8713665342418122,1.351991973037548,0.7379858829755901,1.0405113697052002,1.1303638219833374,1.1371283531188965,1.163027048110962,-0.9731046557426453,1.1410372257232666,0.6784364581108093
1,94,0.893,-0.7357118725776672,0.7751298377957165,0.7361740209388049,0.7657602964628434,0.9638535976409912,0.8149807453155518,0.8746438026428223,0.8716654777526855,1.0750517845153809,0.3023388385772705,-0.4479748606681824
1,96,0.896,-4.624621391296387,1.731109314540137,1.2092760755188612,1.362402220571918,1.514727234840393,1.0854257345199585,1.211498498916626,1.096980094909668,-0.9746063947677612,0.9375494718551636,0.6086780428886414
1,107,0.971,-1.3784899711608887,2.3865838879423293,2.910223108937739,2.7644738710704773,2.2573318481445312,2.2286291122436523,1.7295453548431396,1.804734230041504,-0.9231464862823486,1.1159268617630005,0.8645926713943481
1,110,0.983,-0.48096349835395813,2.2476546723913975,1.9114546897894726,1.462300876359964,0.6090394854545593,1.4622254371643066,1.8318573236465454,1.4155373573303223,-0.9720550179481506,1.127824068069458,0.8196742534637451
1,115,0.998,-2.2033603191375732,0.8774227055395583,0.6879191158637051,0.891447875627057,0.5198692083358765,0.6316977739334106,0.6594308614730835,0.6516661643981934,-0.96123868227005,1.082931637763977,0.7287023663520813
1,119,1.01,-0.5036467909812927,2.1380007739616933,2.0487183576507513,1.0186110923970193,0.9411837458610535,1.6216280460357666,1.6318799257278442,1.4874740839004517,-1.0857634544372559,1.1147019863128662,0.869014322757721
1,126,1.031,-25.60820198059082,1.4262084666253514,1.027722522275743,1.1338401026066047,0.9668796062469482,0.8784253597259521,0.9501482248306274,0.7580749988555908,1.0883108377456665,0.14317375421524048,-0.49947553873062134
1,129,1.06,9.692479133605957,1.4842394065087088,0.7269274537118044,0.06793002374074586,0.8154430985450745,0.998788595199585,0.7995720505714417,1.998200535774231,-0.6635505557060242,2.0023281574249268,1.5012202262878418
1,153,1.157,0.4932945966720581,1.0684613648657286,1.1414508013721432,0.7726925140465091,1.101457953453064,1.0179111957550049,1.4626505374908447,0.9596154689788818,0.20595215260982513,1.199494481086731,0.5793218612670898
1,154,1.158,-5.9412312507629395,1.520322954902932,1.2988638979985858,1.3770793053733104,1.13233482837677,1.0877565145492554,1.2488242387771606,1.2516686916351318,-1.0361367464065552,1.1765273809432983,0.7487773895263672
1,159,1.174,-2.9590559005737305,1.0619620362371123,0.9632376715097947,1.130225528138035,1.2067443132400513,1.2062950134277344,1.0743902921676636,0.9072351455688477,1.6207023859024048,0.13788443803787231,-0.6923898458480835
1,170,1.22,-0.931256115436554,0.9333857577137612,1.123867086395629,0.8257508618877725,1.1939043998718262,1.1338615417480469,1.2413814067840576,0.796552300453186,1.018125057220459,0.34647583961486816,-0.2833014130592346
1,173,1.234,0.25394025444984436,1.702206056915603,1.3401302593745381,1.4237286576269437,2.079836130142212,1.7874823808670044,1.457646369934082,2.0942623615264893,1.3331047296524048,0.3233036994934082,-0.43989014625549316
1,185,1.283,-0.958861768245697,1.422990719937231,1.2130261812421241,0.840432814071105,1.1704678535461426,1.165340542793274,1.2413910627365112,0.756210207939148,1.0180988311767578,0.20707407593727112,-0.4086664021015167
1,192,1.321,2.0068485736846924,3.8021053905657975,3.951130062625639,2.3520543385512145,2.131709098815918,1.9574463367462158,2.8880600929260254,2.7686767578125,-1.075639247894287,0.9720808267593384,0.9274736046791077
1,199,1.333,-0.2641444206237793,1.384409871920105,1.7285324319771942,1.1920360327091357,1.4477823972702026,1.3995462656021118,1.459693193435669,1.4459177255630493,0.5920001268386841,0.9315006732940674,0.34542116522789
1,202,1.339,-1.8858801126480103,1.7810338633320733,1.937899956734624,1.8339070630514769,1.483487606048584,1.5092624425888062,1.3933210372924805,1.6130497455596924,-0.9611067771911621,1.175266981124878,0.7229324579238892
1,204,1.343,-7.032663822174072,1.623808863927606,1.2551468602771803,1.1274417738722073,1.4665409326553345,1.3870502710342407,1.577028751373291,1.5118653774261475,-1.2159897089004517,1.233572244644165,0.6922141313552856
1,205,1.351,-1.5998016595840454,1.6657819487388532,1.5623352717827903,1.59755290144476,1.6220426559448242,1.3905152082443237,1.2066236734390259,1.446065902709961,1.324708104133606,0.26335009932518005,-0.46237653493881226
1,211,1.379,1.5238010883331299,0.8249880488494151,0.9135896971491662,0.6777859555114514,1.4057648181915283,0.8863680362701416,2.1256232261657715,0.2645230293273926,0.8481897115707397,0.3078048825263977,-0.2297525405883789
1,219,1.409,0.11959123611450195,1.3761858540348544,1.3495879933643395,1.1104519907191888,1.0625489950180054,1.0598559379577637,1.1419494152069092,1.0118086338043213,-1.2362204790115356,0.7430568337440491,0.33569279313087463
1,226,1.43,-0.9309879541397095,1.732719361014784,1.581994650479432,1.5717728087866885,1.6712735891342163,1.5726933479309082,1.920055866241455,2.113741874694824,-1.3494489192962646,1.4069699048995972,0.8549002408981323
1,242,1.49,451.7154846191406,1.9419477254341155,1.7094894605772324,1.4302645784977157,1.8972229957580566,1.599819302558899,1.4543230533599854,1.5070757865905762,-1.1334633827209473,1.3351939916610718,0.915328323841095
1,249,1.515,-1.111930012702942,1.8438001337570877,1.6026970875762394,1.6685012272655442,1.6261827945709229,1.6951098442077637,1.3269484043121338,1.6512393951416016,-1.0373133420944214,1.3196744918823242,0.7066656947135925
1,253,1.538,0.28163957595825195,1.598755094423032,1.554134863931075,1.704390574212745,0.910280704498291,0.874416708946228,1.2122433185577393,1.4369244575500488,1.4206955432891846,0.32667607069015503,-0.6694793105125427
1,255,1.544,0.3500228822231293,1.9295279183965117,1.6282698934346749,1.4701861324531627,1.7659887075424194,1.5797988176345825,1.119180679321289,1.8309919834136963,-1.2994765043258667,1.0514367818832397,0.6703367829322815
1,256,1.544,-0.7496050000190735,1.4382764109419997,1.4650373614412082,1.8628515150203357,1.2983237504959106,1.3499306440353394,1.6355693340301514,1.0289852619171143,0.2528764605522156,1.1272523403167725,0.5757978558540344
1,258,1.548,-2.1551754474639893,1.1728772150302131,1.5281666023868767,1.4373790116413723,1.6547284126281738,1.6892316341400146,1.6992840766906738,2.009885549545288,-1.25985586643219,1.6423466205596924,1.2031534910202026
1,263,1.561,0.6471415758132935,1.418098400032685,1.5451302271798733,1.6721535355913333,1.4291306734085083,1.1635489463806152,0.9698523283004761,1.5293982028961182,1.177882194519043,0.23895113170146942,-0.4128667712211609
1,268,1.585,42.76904296875,1.5441165463568187,1.5983080442629154,1.6298056660836187,1.3294626474380493,1.3258981704711914,0.9578155279159546,1.0479202270507812,0.9825968742370605,0.2853832244873047,-0.34563136100769043
1,273,1.61,-0.900363564491272,1.5740225381287398,1.6622582936776458,1.6248457704020671,1.5976659059524536,1.5590133666992188,1.5722899436950684,1.228586196899414,-0.1082683801651001,1.5034621953964233,0.8977848291397095
1,274,1.611,-0.6783382296562195,1.9023210046760888,1.8819347935575923,1.8015883365399827,2.063155174255371,2.043830394744873,2.124340772628784,2.468371868133545,-1.4233064651489258,1.5150275230407715,0.9289144277572632
1,292,1.67,-0.9363332390785217,1.5703235591633933,1.738003410384321,1.4644192570988182,1.4307533502578735,1.367032527923584,1.4777991771697998,1.3319077491760254,-0.2594307065010071,1.6147369146347046,1.019236445426941
1,296,1.677,-0.5708412528038025,1.8859876269354712,1.8112093223197079,1.721790171900126,1.8902052640914917,1.794574499130249,1.8188749551773071,2.3063693046569824,-1.407239317893982,1.4531680345535278,0.9513114094734192
1,298,1.686,0.5038386583328247,1.922143301880694,1.7550095840628661,1.9618039812473849,1.6290109157562256,1.385154128074646,1.2757889032363892,1.1637238264083862,-0.7429999113082886,1.2502881288528442,0.7773339152336121
1,301,1.7,1.4900877475738525,2.0323394382313023,2.1462987124265487,1.9811715261320981,2.0438289642333984,1.833512544631958,1.5248581171035767,1.6629612445831299,-0.5273178815841675,1.2779165506362915,0.9264586567878723
1,307,1.718,-11.581156730651855,1.9596942931023118,1.9952040623675804,2.0622490480268785,1.9677155017852783,1.7393665313720703,1.7653852701187134,1.9012705087661743,1.1360554695129395,0.5028281211853027,-0.11897260695695877
1,313,1.731,-1.6664775609970093,1.9192535056631235,2.0495154553014068,1.2661013335814353,1.4635940790176392,1.6793471574783325,1.759294033050537,2.2101616859436035,-1.273278832435608,1.4021666049957275,0.8486684560775757
1,314,1.736,-7.893740177154541,2.3063747237759316,1.9621497373357681,1.5213471110231729,1.5254205465316772,1.538869857788086,1.794132113456726,1.9289499521255493,-0.4897298216819763,1.2598600387573242,0.8712044954299927
1,320,1.749,0.789203941822052,1.734458630841356,1.7454630554966781,1.7587411984427286,1.705312967300415,1.830763578414917,1.7421562671661377,1.5742647647857666,-1.006242275238037,1.2136904001235962,0.7117960453033447
1,328,1.776,0.3118305802345276,1.6410811554750397,1.449819166773034,1.63434807180304,1.5576237440109253,1.641364336013794,1.616459846496582,1.731856346130371,-0.06505133211612701,1.602033019065857,0.9638640284538269
1,332,1.785,-0.2976788878440857,1.5121968077396468,1.3567779545214518,1.7676444348000517,1.8483108282089233,1.627866506576538,1.6204895973205566,1.8923786878585815,0.7314179539680481,0.7859078645706177,0.18898895382881165
1,335,1.809,0.3044879734516144,3.2527415396232864,3.9582255096058794,3.882693321597838,3.6882588863372803,4.242248058319092,2.6038339138031006,3.904611825942993,-1.9060695171356201,0.9344316720962524,0.9724791646003723
1,345,1.848,0.9601873755455017,2.5108650636818903,2.1101165316695027,2.2640864898187156,2.1109650135040283,1.9814547300338745,2.4710662364959717,2.461127281188965,-1.4479833841323853,1.4265902042388916,1.3815555572509766
1,346,1.849,2.405543088912964,2.329524767477053,2.354205995462364,1.3160658283108115,2.1761741638183594,2.2402405738830566,2.8749752044677734,2.4783222675323486,-0.7060343027114868,1.7317876815795898,1.3272755146026611
1,353,1.869,0.534335732460022,1.7996911315515398,1.6963943726853732,1.7525380747551815,2.0191502571105957,2.0759057998657227,1.977175235748291,1.8472514152526855,1.0361058712005615,0.5141886472702026,-0.16879817843437195
1,367,1.913,-0.4076792299747467,1.9932487952123896,1.9422926510380991,1.8922918571273541,2.0626587867736816,1.927741527557373,1.8924757242202759,2.3644871711730957,-1.4681881666183472,1.4825433492660522,0.9933309555053711
1,372,1.937,0.3301158547401428,1.9629076625705226,2.073959628489437,2.129643621718166,2.0458807945251465,1.8628852367401123,2.0017623901367188,1.4834825992584229,-1.044264316558838,1.3884273767471313,1.0470237731933594
1,374,1.951,1.0647248029708862,2.8787949482135855,2.674144127964256,2.8793872712986857,2.521709680557251,2.363112211227417,2.6688175201416016,2.149460792541504,-1.158217191696167,0.967242956161499,0.9073097705841064
1,381,1.965,-0.3486156463623047,1.7861537088837087,1.9445326688211908,2.4018160663364863,2.2836811542510986,1.9907176494598389,1.465606689453125,1.7781600952148438,1.3685470819473267,0.2874952256679535,-0.4583931565284729
1,383,1.976,0.004068959970027208,2.3505458994392323,2.2286371227486925,2.4757500529065983,2.243098497390747,2.2882556915283203,2.0822997093200684,1.842153549194336,-1.1162341833114624,0.9700706005096436,0.656019389629364
1,391,2.006,0.14088982343673706,1.8385300358632761,1.9811807375581094,2.0114178757458725,1.9775089025497437,1.7933831214904785,1.8121147155761719,1.7217389345169067,-1.0263400077819824,1.4717068672180176,1.0353949069976807
1,392,2.009,-14.202451705932617,2.0220895270899377,2.1960024370261984,2.068602823277902,2.115718126296997,2.1297357082366943,2.1018924713134766,2.11405611038208,-0.9525236487388611,1.3596138954162598,0.8725792169570923
1,396,2.015,0.15278556942939758,2.048265253044288,2.545921139995215,2.115722771537996,2.292004108428955,2.335047721862793,2.2928571701049805,2.1294102668762207,-1.1993004083633423,1.4620037078857422,1.020740032196045
1,404,2.04,0.6263095140457153,1.967940592144779,1.981956263850751,1.796360230850075,2.759443521499634,2.4874775409698486,1.9451215267181396,2.146933078765869,1.2358068227767944,0.49561506509780884,-0.22721701860427856
1,406,2.047,2.944896936416626,1.9783930162291112,2.0979079313966085,1.9447465479860528,2.1390228271484375,2.182589292526245,2.2230224609375,2.1816256046295166,1.1568423509597778,0.7902495861053467,0.12257649004459381
1,407,2.048,0.026665855199098587,1.8054878205287457,2.1244135825213335,1.883089097713993,2.2771964073181152,2.1005630493164062,2.419252395629883,2.834712505340576,1.1670897006988525,0.48917055130004883,-0.29266759753227234
1,410,2.054,-0.5745709538459778,2.0632676554711304,1.9623293532143753,1.8207001786434853,2.1220221519470215,1.8666647672653198,1.8214266300201416,1.9156421422958374,1.2581920623779297,0.4093824028968811,-0.2781416177749634
1,413,2.061,-1.7761646509170532,2.149535570654733,2.3015716672090205,2.1225063064867324,2.306067705154419,2.0994060039520264,2.1749844551086426,1.9149250984191895,1.003165602684021,0.4693899154663086,-0.08015777915716171
1,415,2.062,-0.03478344529867172,1.8127841185479467,1.9396212061146154,1.6447981851206737,1.6984308958053589,1.6865966320037842,1.7306324243545532,1.3528014421463013,-1.1520198583602905,1.3795689344406128,1.0220390558242798
1,419,2.078,1.062955617904663,1.7725564309527913,1.8670708310094741,1.6753633088745548,1.9870985746383667,2.0166854858398438,1.8053524494171143,1.5786776542663574,1.0459052324295044,0.48461371660232544,-0.12293573468923569
1,424,2.09,0.375020295381546,2.024877114463493,2.1030984597045213,1.8966140998683545,1.8735907077789307,1.9410018920898438,1.7318785190582275,1.9022917747497559,-1.2170453071594238,1.454306960105896,0.977157473564148
1,425,2.092,-9.330615043640137,2.8645937489955577,2.419161078537528,2.8281442868314426,2.585292339324951,2.7697091102600098,2.8052818775177,2.6049020290374756,-1.4460896253585815,1.232550024986267,1.0270805358886719
1,426,2.098,-0.952801525592804,2.0964527311072105,2.1748463971082734,2.188371628154294,2.28452467918396,2.1555819511413574,2.168264150619507,2.5574469566345215,-0.47023850679397583,1.6817506551742554,1.18191659450531
1,431,2.106,0.5947246551513672,3.4522724882185116,3.392883636734759,3.577941171906696,2.9328677654266357,2.861974000930786,3.605571746826172,2.4964733123779297,-1.1317427158355713,1.1478607654571533,0.8625805974006653
1,437,2.118,0.18503522872924805,1.944130012261958,2.0503712404867165,1.9090408764965212,1.9467962980270386,1.9709558486938477,1.935380220413208,2.0627057552337646,1.0627654790878296,0.3908528685569763,-0.3387327194213867
1,445,2.144,0.19491970539093018,2.5879631645246985,2.5742675158224757,2.375101604505919,2.2547247409820557,2.080660343170166,2.3247365951538086,2.1152005195617676,-1.1095470190048218,1.108323335647583,0.7181252241134644
1,459,2.172,0.7664552927017212,1.7716323307033701,1.5033566860216276,1.7405485928180413,1.710484266281128,1.8526842594146729,1.3539175987243652,1.7823247909545898,-1.4732950925827026,1.4208675622940063,1.2404698133468628
1,470,2.214,-7.923156261444092,1.8712568138586134,2.1723034040328293,1.9089289339044906,1.8218361139297485,2.282844066619873,2.356926918029785,2.142948865890503,-0.15230393409729004,0.5836691856384277,0.6848430633544922
1,472,2.218,0.8975996375083923,1.582518620543356,1.6521377739553837,2.017387196228979,2.4419119358062744,1.9921420812606812,2.6892147064208984,2.2796051502227783,-1.1884859800338745,1.7023824453353882,1.3067207336425781
1,473,2.223,0.7555815577507019,2.3067960130219056,2.558524578248409,1.7282461831075397,1.9432966709136963,2.008131742477417,2.1305346488952637,2.0754592418670654,-1.1266562938690186,1.146283507347107,0.7997199296951294
1,474,2.223,-1.2382556200027466,1.8648498159843951,1.5989601170818937,1.7773901454178511,1.5085545778274536,1.4532232284545898,1.865373134613037,1.7900850772857666,-1.1960476636886597,1.381190299987793,0.9625709652900696
1,476,2.227,11.481383323669434,2.1632223674218847,1.996049699564554,2.2100134163638234,2.3016371726989746,2.07684063911438,2.2026374340057373,2.0784125328063965,1.1762640476226807,0.5920017957687378,-0.1110612079501152
1,477,2.23,-6.021853923797607,2.836350446840195,2.498499308985932,2.77791641327104,2.3762505054473877,2.308797836303711,2.414816379547119,2.27097749710083,-1.0463377237319946,1.4102336168289185,1.03102707862854
1,481,2.239,-2.1517746448516846,2.1881963415485375,1.8447550676880822,2.522428968363161,1.952257752418518,1.9626013040542603,2.403312921524048,1.8577436208724976,-1.341162085533142,1.3638116121292114,1.1440508365631104
1,482,2.239,-1.752050757408142,2.1627210795791503,1.901043515981228,2.136349219762386,1.8779706954956055,1.9138487577438354,1.8930995464324951,1.7443861961364746,-1.1048600673675537,1.3407374620437622,1.1147710084915161
1,493,2.269,174.76600646972656,2.224407011422214,2.230533188216604,2.395920394588511,2.3722400665283203,2.0837557315826416,2.0594146251678467,2.2218141555786133,1.0771769285202026,0.6609816551208496,0.006718814373016357
1,495,2.271,0.7352402806282043,2.1006745109891836,2.058279242125525,1.8887864909723144,2.0741093158721924,1.9970479011535645,2.136582612991333,1.8455398082733154,-1.1340324878692627,1.2284610271453857,0.7847620844841003
1,504,2.303,0.764001727104187,2.1907584324640714,2.0504647285059807,2.2989652309149298,2.1997973918914795,2.462333917617798,2.2303521633148193,2.1529452800750732,-0.9678898453712463,1.252274751663208,0.8450791239738464
1,507,2.313,0.47556886076927185,2.511023549353372,2.2039688880309485,2.0488076522888643,2.9071643352508545,2.963365077972412,2.721285343170166,2.349637508392334,-1.3545111417770386,1.5696824789047241,1.2248626947402954
1,525,2.372,1.0560693740844727,1.8821639869222997,1.7373598442081692,2.374144105375054,1.9357645511627197,2.221471071243286,1.8904848098754883,2.159055233001709,-1.2941157817840576,1.5380303859710693,1.3600879907608032
1,530,2.421,-0.6781017184257507,2.240237082734019,2.517229581045858,2.338369895553529,2.6476633548736572,2.3998303413391113,2.28631591796875,2.4709062576293945,-0.7404197454452515,1.630219578742981,1.2284631729125977
1,531,2.424,-0.2519601881504059,2.203000946354707,2.4584014115726234,2.2672354695768413,2.4509572982788086,2.2398664951324463,2.1974565982818604,1.8822112083435059,-0.48938000202178955,1.2916302680969238,0.8870413303375244
1,534,2.433,58.972312927246094,2.332650752539829,2.5489856436935407,2.1960739436291092,2.434457540512085,2.4906227588653564,2.5008959770202637,2.2883858680725098,1.1407010555267334,0.40610867738723755,-0.37248995900154114
1,537,2.435,0.1584445983171463,1.9491486915126055,1.9417299247979063,1.7545390973842743,2.252588987350464,2.136058807373047,2.0218565464019775,2.0722544193267822,-1.4928114414215088,1.4830013513565063,0.9103121161460876
1,538,2.436,0.9507898688316345,2.3583276519537164,2.36159105725454,1.9927846259320217,2.598710775375366,2.6856231689453125,2.0625877380371094,1.6846859455108643,-0.4602149724960327,1.066012978553772,0.7008489370346069
1,542,2.442,0.9576914310455322,2.2956805997260807,2.262082656965922,2.3505213932946183,2.1481893062591553,2.3198113441467285,2.190335512161255,2.1209497451782227,-0.7291801571846008,1.2638627290725708,0.912230372428894
1,546,2.457,-0.1425766944885254,2.4220643962294406,2.4152142085696555,2.0105750855295295,2.2183570861816406,1.9781911373138428,2.189876079559326,2.306844711303711,-1.1545861959457397,1.6051748991012573,1.2368067502975464
1,556,2.476,-2.0965940952301025,2.392528784103851,2.8000377876664886,2.4238488246694576,2.551532506942749,2.460634708404541,2.5624656677246094,2.68575119972229,-1.0314606428146362,1.5092217922210693,1.0804460048675537
1,561,2.489,0.6550692915916443,2.1945284533436986,2.698603304240565,2.4816151961251363,2.2723796367645264,2.5684826374053955,2.7111668586730957,2.797905206680298,-1.2878831624984741,1.6121525764465332,1.3969227075576782
1,562,2.495,0.6814976334571838,2.8887654824015847,2.7735877980661425,2.696435782345802,2.1456174850463867,2.080883264541626,2.4138853549957275,2.855012893676758,-1.3513245582580566,1.501373529434204,1.1724892854690552
1,572,2.549,-1.1351521015167236,2.3252982188841362,2.53985739867216,2.3650133648306992,2.3453407287597656,2.118541717529297,2.2687971591949463,2.318233013153076,-0.8273279070854187,1.4898147583007812,1.0711357593536377
1,574,2.567,-0.23311376571655273,4.309627517279017,4.260582730603844,3.848703472836312,3.634024143218994,3.9378345012664795,3.195404052734375,4.9198079109191895,-1.6025454998016357,1.7582910060882568,1.3447011709213257
1,579,2.581,-0.5387138724327087,2.5214239732243064,2.641230207587283,2.222165737172116,2.633199453353882,2.530931234359741,2.359530210494995,2.475515842437744,-1.178755521774292,1.6607567071914673,1.285224199295044
1,583,2.585,-3.897578716278076,1.9543919075210208,2.2912893632042834,2.060447373976015,2.6414058208465576,2.1693549156188965,2.841186761856079,2.2384212017059326,-1.239797592163086,1.8916206359863281,1.2081385850906372
1,588,2.6,0.5294786691665649,2.3136799346950663,2.684340038229772,2.8085886881064015,2.4904675483703613,2.65572452545166,2.982433557510376,2.3730902671813965,-0.6850074529647827,1.6284006834030151,1.043003797531128
1,591,2.606,0.6324054598808289,3.5608273073130574,3.642398904966793,2.9524808996744922,3.1376607418060303,3.371230125427246,2.793055772781372,2.345001697540283,-0.9336761832237244,0.8941556215286255,0.6952838897705078
1,601,2.649,-2.6855998039245605,2.7707740917092147,2.8380157245197295,2.7886682681155097,2.636831760406494,2.7158048152923584,2.665773868560791,2.7650563716888428,-1.159128189086914,1.6347527503967285,1.2661094665527344
1,608,2.676,-4.243193626403809,2.356656856700665,2.441828096378165,2.1586019863713557,2.3987655639648438,2.341865062713623,2.733609437942505,2.379826068878174,-0.42677128314971924,1.5203545093536377,1.0423341989517212
1,612,2.686,3.618990898132324,2.414873352251131,2.360800305527185,2.1295464633437073,2.795473098754883,2.464913845062256,2.213520050048828,2.4907119274139404,-1.2060014009475708,1.6558769941329956,1.2757738828659058
1,629,2.737,-3.4361467361450195,2.865540755883005,2.564825500604752,3.157153216227307,2.666200637817383,2.467120409011841,2.3764874935150146,2.436798334121704,-1.2354451417922974,1.431860089302063,1.1473093032836914
1,639,2.815,1.3765023946762085,2.9614276047999213,3.3407017147302835,3.1514177762964337,3.430541515350342,3.4132938385009766,3.074774980545044,3.041863203048706,-1.3667137622833252,1.355921983718872,1.239795207977295
1,640,2.82,0.11880914866924286,3.287053131002985,3.5243912835571605,3.6314964084657566,3.777644157409668,3.9487099647521973,3.489694118499756,3.4066827297210693,-1.4038692712783813,1.8389145135879517,1.320499300956726
1,645,2.829,-1.1237258911132812,2.668425958881784,2.579191000549449,3.0891776695503737,2.462223529815674,2.4459502696990967,2.8902878761291504,2.4226229190826416,-1.4512969255447388,1.2691890001296997,1.3151544332504272
1,648,2.831,-1.10640549659729,2.7675104754804605,2.988622800363829,3.1656790439974785,2.791637420654297,2.86830997467041,2.591085910797119,2.6680192947387695,-1.172414779663086,1.4406616687774658,1.1128404140472412
1,650,2.833,-0.17627383768558502,2.8334932294189725,2.6143646100108415,3.0988556354927255,2.777486801147461,2.7494025230407715,2.8015971183776855,2.608994245529175,-1.2384443283081055,0.8107396364212036,0.6306326389312744
1,654,2.844,-1.202560544013977,2.6439336930840502,2.882395853788291,2.851264893996545,2.8461718559265137,2.7556710243225098,2.7913570404052734,2.958130359649658,-1.0587719678878784,1.5762609243392944,1.1199924945831299
1,659,2.864,-0.13285405933856964,2.833082921217917,2.8932491199531145,3.0191483762462967,2.812471866607666,2.728198766708374,2.7372183799743652,2.6614935398101807,-1.274945616722107,0.7827696800231934,0.5783851742744446
1,666,2.895,1.7730976343154907,2.92417734889185,3.0561711943337717,2.522228865350126,3.4357354640960693,3.387502431869507,3.502675771713257,3.480142593383789,-1.6361711025238037,1.829554557800293,1.4374380111694336
1,672,2.918,-3.6238887310028076,3.118859819367389,2.77342038068805,2.9210240396128797,2.7106595039367676,2.831235408782959,3.18182635307312,2.9462966918945312,-1.390198826789856,1.2535947561264038,0.7793450355529785
1,673,2.921,0.24231570959091187,2.783110159809553,2.7805459234818835,2.809605963637406,3.0123910903930664,3.041855812072754,2.797837257385254,2.795909881591797,-1.4376270771026611,1.1039658784866333,0.8498189449310303
1,680,2.967,0.23401716351509094,2.7561974951897126,2.485045020019439,2.7469141030987654,2.890890598297119,2.936122417449951,2.6762421131134033,2.6587483882904053,-1.481055498123169,1.0978474617004395,0.8120988011360168
1,681,2.97,4.300036907196045,2.6787669449799267,2.8191019575212337,2.8698525989011885,2.7589616775512695,2.79819917678833,2.9476699829101562,2.5962984561920166,-1.0184062719345093,1.4962198734283447,1.016440510749817
1,683,2.976,0.7618553042411804,2.7418472866538774,3.0795873864593273,3.054011105445825,3.0331666469573975,3.0036280155181885,3.031259775161743,2.843590021133423,-1.4803740978240967,1.336235523223877,1.0221996307373047
1,693,3.029,1.665762186050415,2.478579359157314,2.4320378977469894,2.5391214296975244,2.8513004779815674,2.8513965606689453,2.8722851276397705,2.5762124061584473,-1.1935840845108032,1.5933846235275269,1.0587581396102905
1,696,3.052,0.5896713137626648,3.1987128445809416,3.0210667175813195,3.392024107573525,3.5315041542053223,3.4434876441955566,3.2953357696533203,3.1772077083587646,-1.3101391792297363,1.2712066173553467,0.8399609923362732
1,697,3.06,-1.4735239744186401,2.62402199579191,2.7163751270847722,2.8192132569452504,2.841409206390381,3.2990918159484863,3.154259443283081,2.825042486190796,-1.4056679010391235,1.636718988418579,1.1410796642303467
1,704,3.106,-2.489650249481201,3.1603213706685014,3.038645484025404,3.690098318157347,3.506643056869507,3.5488901138305664,3.254751443862915,3.2809243202209473,-1.4184982776641846,1.7296496629714966,1.1415361166000366
1,706,3.111,-2.5847177505493164,2.6918415454592006,2.7355629778293737,2.62932290502369,2.511002540588379,2.7054693698883057,3.212512493133545,2.5636675357818604,-1.398293375968933,1.441941738128662,1.1008996963500977
1,719,3.168,0.0742751806974411,3.1118109894325645,3.1624227873143003,3.6550418520477694,3.7087113857269287,3.83345365524292,3.425766944885254,3.5652201175689697,-1.4880658388137817,1.7496165037155151,1.189774513244629
1,720,3.172,-0.1941501945257187,2.5777695558502436,2.8725814028344994,2.7801260112982416,2.9083456993103027,2.949199676513672,3.610870599746704,3.1581411361694336,0.9181907176971436,1.1143245697021484,0.5319962501525879
1,727,3.21,0.22081632912158966,1.581989653411853,2.0035149300880684,2.604295353615441,2.789499044418335,2.559211254119873,2.38336181640625,2.086794137954712,1.1451700925827026,0.6016097068786621,-0.10248541086912155
1,730,3.217,-0.2148841917514801,3.554741633956928,2.9835214061318953,3.004882590063762,2.7796552181243896,2.603752613067627,2.6838438510894775,2.7379088401794434,-1.2366600036621094,1.2921651601791382,1.048606038093567
1,731,3.243,4.260813236236572,2.5106313799132853,2.3931508034891755,2.734585493740142,2.8884036540985107,3.2709920406341553,2.8574273586273193,2.744173049926758,-1.0992627143859863,1.665828824043274,1.337462067604065
1,742,3.324,0.7593022584915161,3.0287807367588226,3.0957600037453346,3.1575681278657317,3.08780574798584,3.0290565490722656,2.9777538776397705,3.270646095275879,-1.244063377380371,1.5173405408859253,1.1358065605163574
1,743,3.324,-2.5677990913391113,2.8022359022930874,2.667185826581892,2.99540223214008,3.1273698806762695,3.2989907264709473,3.03206729888916,3.0961647033691406,-1.3848711252212524,1.735974669456482,1.402282476425171
1,748,3.352,-4.0343427658081055,2.6700219101590132,3.0256929826617043,3.451112599957649,3.365044116973877,3.59135103225708,3.1929430961608887,3.394425868988037,-1.5109062194824219,1.5402607917785645,1.1840143203735352
1,750,3.359,-3.7591254711151123,3.422095249103261,3.658437027238087,3.5915610358738426,3.571820020675659,3.7204225063323975,3.56795597076416,3.51902437210083,-1.214661717414856,1.715112328529358,1.272974967956543
1,753,3.375,1.0123326778411865,3.7913385207200228,3.6566517400664202,3.0101319032419167,2.8510568141937256,3.4495158195495605,3.245866298675537,3.9409098625183105,-1.7363187074661255,0.9746938943862915,1.005926489830017
1,754,3.385,0.623521089553833,2.943277166977809,3.251761152538617,3.093162706258165,3.599501848220825,3.4213173389434814,3.2158913612365723,3.0159220695495605,-1.2132688760757446,1.2704534530639648,0.8059682250022888
1,760,3.469,-1.3161088228225708,3.1599962649388296,3.2249566105677325,3.4646011101822385,3.126957893371582,3.2267560958862305,3.5929977893829346,3.038346767425537,-1.496520757675171,1.3831660747528076,1.246325969696045
1,764,3.513,2.4366674423217773,3.7018813971520452,3.7312227685024495,4.067716613289322,3.7234675884246826,3.797823429107666,3.6737570762634277,3.6364524364471436,-1.2795997858047485,1.7605128288269043,1.3510313034057617
1,768,3.523,-1.8071792125701904,3.2231957365355903,3.312473001889482,3.3243986846169626,3.014186143875122,3.1668052673339844,3.2177233695983887,3.0250790119171143,-1.0940967798233032,1.541961669921875,1.0854109525680542
1,775,3.562,0.510429322719574,3.3297903519227963,3.678353343409978,3.1431007046387407,3.131304979324341,3.0746891498565674,3.703907012939453,3.3003644943237305,-1.4198061227798462,1.4811787605285645,0.9446240067481995
1,777,3.6,-5.59852409362793,3.1239052463432957,3.4959166917660647,3.8599043798495445,4.202857971191406,4.116257667541504,3.5172104835510254,4.092926025390625,-0.8973445296287537,1.957869291305542,1.7540103197097778
1,788,3.651,0.3876020908355713,2.7181138496640713,2.8710650211795135,3.0131056916559937,3.388552665710449,3.0511040687561035,3.192600727081299,3.78499436378479,0.9502784013748169,0.8836195468902588,0.059703074395656586
1,791,3.667,5.198274612426758,3.1875571078351412,3.664168775887119,3.4688430172606646,3.376143455505371,3.500767230987549,3.4990882873535156,3.3062117099761963,-1.260628581047058,1.6518580913543701,1.321117877960205
1,793,3.692,0.01392809022217989,2.5529469626097163,2.898339966448082,3.39834189158663,3.9850237369537354,3.714445114135742,3.983942985534668,3.1651337146759033,-1.200015664100647,1.8683819770812988,1.2919849157333374
1,794,3.705,3.2954065799713135,2.866935494856179,2.9570357023210256,2.4735196316626453,2.6042518615722656,2.5111639499664307,2.7545571327209473,2.554779291152954,-0.9921894073486328,1.567654013633728,1.1909383535385132
1,795,3.719,0.4109763503074646,2.7751063928345996,2.982337494165152,3.5044766793754136,3.448786973953247,3.467090606689453,3.1463687419891357,3.685195207595825,-1.4797000885009766,1.875296711921692,1.3659826517105103
1,800,3.745,-0.13110953569412231,3.400436624104679,3.698162148985933,3.516813804293065,3.363973617553711,3.4642434120178223,3.428319215774536,3.4438467025756836,-1.3811113834381104,1.625063180923462,1.1868833303451538
1,804,3.784,-1.1426796913146973,4.193595314145273,4.351378969098649,3.810455903511879,3.8594298362731934,3.760990858078003,3.7509560585021973,3.768960952758789,-1.2604464292526245,1.2172870635986328,0.9536935091018677
1,808,3.811,-0.9391442537307739,3.2599096571061073,3.614554805986869,3.668418993311846,3.610109567642212,3.7989261150360107,3.6719589233398438,3.5298268795013428,-1.3367100954055786,1.8819571733474731,1.5413776636123657
1,810,3.814,2.688886880874634,3.4080041838588495,3.9400323638821435,3.7656697072533145,3.6963348388671875,3.861030101776123,3.5145506858825684,3.4593851566314697,-1.2576063871383667,1.5657387971878052,1.0798635482788086
1,819,3.891,2.7922213077545166,2.4930877549599573,2.8300026729218795,3.1810423803770003,4.058831214904785,3.779236078262329,3.773557186126709,3.1230123043060303,-1.1454014778137207,1.8829686641693115,1.306932806968689
1,820,3.906,2.3705544471740723,3.301344407416657,3.172074312580577,3.7689647671907345,3.5386109352111816,3.752236843109131,3.821223735809326,3.695666790008545,-1.4383316040039062,1.7556356191635132,1.3718481063842773
1,822,3.936,0.3612062335014343,3.938764418710519,3.9433841061780543,4.054789647122653,3.9226064682006836,3.698863983154297,4.0958733558654785,3.7698988914489746,-1.481718897819519,0.9006104469299316,0.6791567206382751
1,826,3.972,0.4789930284023285,3.466659482136184,4.818114399866302,4.487186071850316,5.081543922424316,4.790677547454834,5.634452819824219,5.096925258636475,-1.7715059518814087,1.53190279006958,1.2601248025894165
1,827,3.98,0.05912117660045624,4.321582990740742,4.547283153827115,4.132256486437079,3.989347219467163,4.201397895812988,3.731210470199585,5.071538925170898,-1.5677181482315063,2.2007131576538086,1.514936089515686
1,829,3.987,0.10336966067552567,3.7973172901017693,4.501399975906463,3.390180715882364,2.8877787590026855,3.077289581298828,3.7818450927734375,4.000109672546387,-1.3746567964553833,1.608852505683899,1.2948918342590332
1,846,4.146,-1.8982948064804077,3.5472619525012026,4.173798961847419,3.333176530657844,3.2385787963867188,3.569460868835449,4.168583869934082,3.7190818786621094,-1.478479266166687,1.2414429187774658,0.8354693651199341
1,848,4.186,0.031047100201249123,3.7492432157537365,3.8181644904722245,4.044632115904738,3.7006475925445557,3.7251691818237305,4.218681335449219,3.803082227706909,-1.4975794553756714,1.815586805343628,1.3856810331344604
1,850,4.207,-3.2070298194885254,3.8648288281253045,3.874367393700795,4.181205125882423,4.144222259521484,4.244180679321289,4.410577297210693,4.157497882843018,-1.3820250034332275,1.8812224864959717,1.2950471639633179
1,854,4.269,-1.8046715259552002,2.5477588647483183,2.8612087279065967,3.2003362320661664,4.0833330154418945,3.8060142993927,3.9635841846466064,3.2196383476257324,-1.165748953819275,1.9426583051681519,1.3671060800552368
1,856,4.28,-0.44661521911621094,4.52139957780183,3.8032427508429834,4.12632811471418,3.78981876373291,4.031213283538818,3.5810718536376953,3.792470932006836,-1.3787356615066528,1.5252165794372559,1.395849347114563
1,861,4.432,-1.7439751625061035,4.756549280932034,4.621733389263662,4.326888319128006,4.545757293701172,4.483036518096924,4.420385360717773,4.193125247955322,-1.4188954830169678,1.1560946702957153,0.9702968001365662
1,864,4.446,-1.786787509918213,3.709172092187489,3.846767041106584,3.7724257562828183,3.644665241241455,3.602982759475708,4.156332492828369,3.6846141815185547,-1.4545862674713135,1.7646442651748657,1.3302404880523682
1,866,4.47,-1.6212425231933594,4.764982892043144,4.599361427064051,4.157466022691214,4.397836208343506,4.372328281402588,4.264969348907471,4.234143257141113,-1.485671877861023,1.0660775899887085,0.9443550705909729
1,868,4.521,0.3549950420856476,4.003509812636166,4.050772446279394,4.304890996682486,4.171603202819824,4.140475749969482,4.354475021362305,4.113072872161865,-1.5141278505325317,1.8354942798614502,1.3874863386154175
1,877,4.689,-0.8407472372055054,2.3502765734513185,2.6264015966383623,2.3638914646571747,1.2887643575668335,1.543443202972412,1.850830316543579,2.4312665462493896,-1.1112269163131714,1.234241008758545,0.8231458067893982
1,887,4.792,-0.37969720363616943,3.9922157323532548,4.1182951267340355,4.485037357547572,4.601296424865723,4.512543678283691,4.767348289489746,4.574475288391113,-1.4407347440719604,1.791837453842163,1.4209778308868408
1,896,4.969,-0.0069398959167301655,4.495307398851151,5.24256835493059,5.398444382514951,5.033351898193359,5.106684684753418,4.743374824523926,5.4420485496521,-1.7361088991165161,2.1967411041259766,1.624239206314087
1,898,4.991,13.461935997009277,4.324665913459324,5.413664254998174,5.016728291613671,4.7616777420043945,5.049130916595459,4.960434436798096,4.801792621612549,-1.6129803657531738,0.7808343172073364,1.0384739637374878
1,906,5.121,87.73905181884766,4.18974051447599,4.459565280302545,4.099167458562922,4.093311786651611,4.0808281898498535,4.537387847900391,4.252175807952881,-1.5275259017944336,1.762255311012268,1.2908341884613037
1,907,5.132,0.4336925745010376,5.441262445415699,5.165482875800812,5.556091549391311,5.42821741104126,5.515127658843994,5.3490800857543945,5.197551727294922,-1.4271758794784546,1.914896011352539,1.636397361755371
1,915,5.211,-1.6730599403381348,5.060728917628673,5.0561996202752795,4.639999196401397,5.24030876159668,4.950215816497803,5.315784454345703,5.72121524810791,-1.6482219696044922,1.8970931768417358,1.8511193990707397
1,916,5.225,-0.9074643850326538,5.370402293021795,5.807944016401917,5.621320979964144,5.681196212768555,5.902406692504883,5.763113975524902,5.706024169921875,-1.6806899309158325,1.7139995098114014,1.8704482316970825
1,918,5.308,1.2289801836013794,5.085439409914164,4.871685154690446,5.046782406635909,4.904447555541992,5.003695487976074,4.932860851287842,4.912618637084961,-1.28019380569458,1.7883186340332031,1.4801151752471924
1,922,5.347,0.16709890961647034,5.4635799805379826,5.752508061713983,5.518926629242658,5.4022040367126465,5.3809123039245605,5.780869483947754,6.098180770874023,-1.9090474843978882,1.2442872524261475,1.2669861316680908
1,923,5.348,-4.893998622894287,5.210833661810411,5.467075719847861,5.8683459968656635,5.5262346267700195,5.570797443389893,5.6102399826049805,5.363361358642578,-1.714601755142212,1.4087845087051392,1.2549113035202026
1,934,5.613,-0.16197876632213593,5.349409294853293,5.277883336746342,4.5687386408906026,4.6449384689331055,4.762115955352783,4.995988845825195,5.238024711608887,-1.7775782346725464,1.131475806236267,1.1025100946426392
1,936,5.635,-0.22873935103416443,5.344982905964405,5.334554957946391,4.7407278481993345,4.760488510131836,4.89007568359375,5.123414039611816,5.136535167694092,-1.7014250755310059,1.2105753421783447,1.1151583194732666
1,953,5.989,-1.739404559135437,5.609069248853003,5.883210653225127,6.182225275137178,5.909023284912109,5.8553900718688965,5.825639247894287,5.456350326538086,-1.4805773496627808,0.5994515419006348,0.9681239128112793
1,954,5.999,-1.4643683433532715,5.557507387085142,5.458850474265684,5.820813046372619,5.9155097007751465,5.8222126960754395,5.6208648681640625,5.866328716278076,-1.70724356174469,1.7392704486846924,1.8612827062606812
1,958,6.063,1.113196611404419,5.7429163810911295,6.248020043670775,6.019092766484987,5.867788314819336,5.910860538482666,6.042407989501953,5.671079635620117,-1.3492592573165894,1.7130717039108276,1.6103770732879639
1,967,6.255,-0.3132799565792084,6.806189022542273,6.681546046605401,6.230500737627244,7.095258712768555,6.699361324310303,7.55344820022583,6.808411598205566,-1.6421701908111572,0.6333452463150024,0.8424602150917053
1,969,6.461,-4.684749126434326,4.434722632515631,4.511512844349268,5.392266659671964,5.662425994873047,5.715560436248779,4.989224910736084,4.289989471435547,-1.549787998199463,1.0191460847854614,1.024091124534607
1,971,6.753,0.6137455701828003,5.041002237151739,5.320202660360601,5.361918842519984,5.932627201080322,5.909319877624512,6.6157941818237305,6.248929977416992,-2.165851354598999,2.0111963748931885,2.00264310836792
1,975,6.921,3.9950201511383057,4.02227366079291,4.716394847035647,4.789420317352791,4.865606784820557,4.993892192840576,5.626114368438721,4.991853713989258,-1.6620371341705322,1.9261844158172607,1.5384416580200195
1,978,7.085,-0.9206135869026184,6.452981678525175,7.198752332899943,7.1841707473821055,7.35720157623291,7.1384968757629395,7.361691474914551,7.511054992675781,-1.844098448753357,0.6299498081207275,1.0946340560913086
1,981,7.674,-0.22478803992271423,6.781906981536981,6.630750376955919,5.270350085897329,6.056910991668701,5.8506855964660645,4.548628807067871,5.845086097717285,-1.5649199485778809,1.126466155052185,0.9357824325561523
1,989,8.85,-0.3792007565498352,7.3164819862637405,8.329059113654894,7.67578037026114,8.157346725463867,8.001118659973145,11.37177848815918,9.769287109375,-1.9565836191177368,1.7740116119384766,1.1055353879928589
2,0,0.001,-2.012087106704712,0.5432158810969151,0.8346717310581631,1.2507086177775442,0.5763397216796875,0.745105504989624,0.4393739700317383,0.6709412336349487,-1.0473954677581787,0.8072993159294128,0.43239057064056396
2,1,0.009,-4.862062931060791,0.39684960921465817,0.15603155908014174,0.412839455977557,0.4137662649154663,0.23832662403583527,0.10884499549865723,-0.26078808307647705,-0.7204897999763489,0.5963804721832275,0.07841463387012482
2,2,0.009,-2.110311985015869,0.9772675198838919,0.652535468299126,0.39924292140359174,0.6630904674530029,0.23965947329998016,0.5471861362457275,0.616949200630188,-1.0998727083206177,0.8399247527122498,0.2589188516139984
2,3,0.009,3.532536029815674,0.5728223043998597,0.3123228851885822,0.3933032163578778,0.24005526304244995,0.40857362747192383,0.4748880863189697,0.7950165271759033,-1.3908189535140991,1.0851037502288818,0.3310067653656006
2,4,0.013,3.4191768169403076,0.6533965104444189,0.6684531864384701,0.5134313622626268,0.38140732049942017,0.6353366374969482,0.6177343130111694,0.5209274291992188,-1.1917811632156372,0.9883854985237122,0.31886735558509827
2,6,0.033,-2.039358139038086,0.7445348815012448,0.7989811705776199,1.1753556424213283,0.5826406478881836,0.8137354254722595,0.7714624404907227,0.6286910772323608,-1.0513924360275269,0.8246648907661438,0.4712982177734375
2,8,0.069,1.5885549783706665,1.2598609035606791,1.2613198332509579,0.9676765195400945,1.3546313047409058,1.2264010906219482,1.4596009254455566,1.067324161529541,-1.5302011966705322,1.745119333267212,0.9030741453170776
2,11,0.085,0.5981391072273254,3.135081393361506,2.911089565887378,3.128886586861775,3.5440969467163086,3.212986707687378,2.9072976112365723,3.822794198989868,-1.7635328769683838,1.3382127285003662,1.79628586769104
2,13,0.1,-0.8027374148368835,1.1826382113091163,1.0849402258569956,0.7237791949517254,0.7720810174942017,0.6429277062416077,0.5254426002502441,0.6298879384994507,-0.6012092232704163,1.3545961380004883,0.8270263075828552
2,19,0.158,-4.947287082672119,0.7755423626743618,0.4145157207058081,0.432478086434112,0.4475759267807007,0.25736212730407715,-0.03329157829284668,-0.01696014404296875,-0.4943245053291321,1.2141835689544678,0.6471207141876221
2,20,0.165,-2.6415586471557617,0.5877782456108707,0.457748067076179,0.7368870280163007,0.2898278534412384,0.29251474142074585,-0.2646368741989136,-0.03167569637298584,-0.4134657084941864,0.8707069754600525,0.8762589693069458
2,32,0.362,-2.56209135055542,0.4337271149471441,0.11267226020477887,0.36158081141047216,0.19888871908187866,0.27110111713409424,0.20753824710845947,0.1634589433670044,-0.9996225237846375,0.7225205898284912,0.18175430595874786
2,54,0.615,1.6974860429763794,1.9173283217213137,1.6628066694428196,1.4480068290177828,1.4993486404418945,1.5187009572982788,3.1807055473327637,1.1759555339813232,-0.8499529957771301,0.867301881313324,0.9041462540626526
2,56,0.622,-1.864683985710144,1.1245572196242462,0.7572646159843022,0.6296785761219228,0.8051462173461914,0.5309070944786072,0.5048961639404297,0.44844138622283936,-0.519882082939148,0.922207236289978,1.0618371963500977
2,58,0.636,-1.1148854494094849,0.8094772301217307,0.8120136555314205,0.8777095223300035,0.4564442038536072,0.45387035608291626,0.48845577239990234,0.4298074245452881,-0.8310835957527161,0.6775737404823303,0.23723909258842468
2,69,0.702,-0.7670410871505737,1.5656747581436343,0.8265956428501402,1.0229407998386213,0.988258421421051,1.2391656637191772,0.8645836710929871,0.04731583595275879,-0.41185393929481506,0.7308486700057983,0.9392349720001221
2,71,0.712,-3.6262691020965576,3.658128314620568,2.5452825729685706,4.9709683825052995,5.427281379699707,5.110374450683594,4.028341293334961,4.7369890213012695,-2.3584389686584473,1.0284547805786133,1.6632827520370483
2,86,0.845,-34.47895812988281,1.7313754691722019,1.6318686600381245,1.2540765404677625,1.1578741073608398,1.1117500066757202,1.4727368354797363,1.2986620664596558,-0.5510038137435913,1.2221708297729492,0.9854020476341248
2,90,0.876,-0.8674635291099548,0.9563210164927667,0.9436253693801452,1.030872728230083,1.2315223217010498,1.1893599033355713,1.1076445579528809,0.7968331575393677,-1.2314225435256958,0.7823219299316406,0.5662193298339844
2,91,0.885,-1.5710530281066895,1.2997388157759393,1.0407557109939158,0.8926654982045727,0.804437518119812,0.8963050246238708,0.7896782755851746,0.9059906005859375,-1.168021559715271,0.8095504641532898,0.5839123725891113
2,93,0.889,2.3470377922058105,1.197681547175047,1.1098783365117797,0.5292794973356925,0.3969176709651947,0.3498300015926361,0.19615685939788818,0.7240384817123413,-1.028719186782837,0.7717623710632324,0.27048712968826294
2,97,0.896,0.12370077520608902,1.6561944173881673,1.7195601656299555,1.0319987143051712,1.1756484508514404,1.1835474967956543,1.2265597581863403,1.3833320140838623,-1.1329916715621948,0.6412667036056519,0.32255396246910095
2,101,0.919,1.596975326538086,2.3188882295706876,1.9161862700306276,1.8748653855513773,1.4987865686416626,1.6280388832092285,1.777700662612915,1.4365484714508057,-1.1364271640777588,0.7822831273078918,0.5634182691574097
2,135,1.098,-3.2609951496124268,1.536294612174681,1.4138235059909263,1.2388404150898475,1.327910304069519,1.3034472465515137,1.0558702945709229,1.1277269124984741,-0.6035140156745911,0.9071202874183655,1.5683112144470215
2,136,1.098,-137.14195251464844,1.4688461057114275,1.3513541993391238,0.8778062727830891,0.9227961301803589,0.8566838502883911,0.7278690338134766,0.8385398983955383,-0.5098190903663635,0.9056298136711121,1.0757464170455933
2,139,1.104,1.1704304218292236,1.192903547930827,0.7862230966153596,0.7771862977181554,1.0637009143829346,1.2389748096466064,0.9587453603744507,0.8749978542327881,-0.833020806312561,1.4868316650390625,0.20476926863193512
2,144,1.129,6.635339260101318,2.422135413350715,1.5690378659227022,0.9116300220934423,0.924262285232544,0.8772562742233276,1.6378507614135742,1.070542335510254,-0.9324232339859009,1.0114214420318604,1.036855936050415
2,146,1.135,-3.4902923107147217,1.6380198898372844,1.5306258457707391,1.7155455803771904,1.4198157787322998,1.4856464862823486,1.2467858791351318,1.2902928590774536,-0.7891066074371338,1.0649213790893555,1.4452465772628784
2,157,1.165,1.720749855041504,1.2061134484866982,1.1455514070138266,0.635255431471303,0.8742343187332153,0.8146822452545166,1.3475208282470703,1.4355807304382324,-1.4511361122131348,0.8320169448852539,0.773554265499115
2,161,1.18,-0.6295455098152161,1.437525387766528,1.268358075325568,0.8332979261697906,1.4135762453079224,1.19478178024292,1.7427785396575928,1.069591760635376,-0.7099557518959045,1.2685847282409668,1.2989710569381714
2,163,1.191,0.5075253248214722,1.0480335236840443,1.162159169759181,0.903788559042078,0.998226523399353,1.0634231567382812,1.145260214805603,1.2068474292755127,-1.3291163444519043,0.8721181154251099,0.3765074610710144
2,164,1.194,-4.008783340454102,1.25334152524803,0.6829893338569254,0.6220197820831732,1.2140743732452393,0.8297608494758606,-0.10836267471313477,0.9917833805084229,-1.5878596305847168,1.7022114992141724,0.88213050365448
2,172,1.232,-2.0309369564056396,1.0519672290885442,1.327823984659757,1.507530083391643,1.4659771919250488,1.1798497438430786,1.7708861827850342,1.2358458042144775,-1.5982003211975098,1.4595322608947754,1.1164565086364746
2,174,1.238,-0.21785257756710052,1.4390675535122182,1.229268577358073,1.2301727984474828,1.3168768882751465,1.3534579277038574,1.0634512901306152,1.1535564661026,-0.41077902913093567,1.271454095840454,0.7590375542640686
2,175,1.242,-0.8933476209640503,1.7747716816627572,1.6835780537268756,1.5976703082371166,1.4050532579421997,1.4343986511230469,1.251349925994873,1.2529022693634033,-0.5456858277320862,1.1865277290344238,0.5405910015106201
2,178,1.248,13.077107429504395,1.2539080729794903,1.1852375322121609,1.1173756718275856,1.144953966140747,1.3380138874053955,1.0490642786026,1.1910673379898071,-0.6915459036827087,1.1399281024932861,1.7763272523880005
2,184,1.279,-2.382784366607666,1.6233097995264187,1.5157191307016082,1.321675192424551,1.1733028888702393,1.0207732915878296,1.0728410482406616,1.0547044277191162,-0.7263005971908569,0.8295701146125793,1.333896279335022
2,188,1.289,0.5052976012229919,1.300465338344118,1.5176454122783702,1.250394775452972,0.9270114302635193,0.7022309899330139,0.9786909818649292,1.2946089506149292,-1.090965747833252,1.8288376331329346,0.8155463933944702
2,193,1.324,0.9530788064002991,1.3519302142718397,1.4564193676320663,1.361886488789973,1.2001476287841797,0.9386711120605469,0.9769191741943359,1.3699355125427246,-1.065648078918457,1.6889945268630981,0.8212801814079285
2,198,1.331,-0.43709537386894226,1.3089964501667786,1.3714249313419034,1.1470389972786235,0.9692042469978333,0.8516873121261597,0.731525182723999,0.5568400621414185,-0.8795642256736755,0.7938039302825928,0.8666583895683289
2,208,1.366,-1.64722740650177,1.642715958381706,1.5790844607673096,1.6039259187253183,1.2359681129455566,1.195509433746338,0.8807216882705688,0.9259534478187561,-0.5186499357223511,1.2413924932479858,0.6928722262382507
2,217,1.39,4.449965953826904,3.410755084942837,2.9035844645638877,1.4909346642486012,1.3070542812347412,1.0509597063064575,3.2794253826141357,4.136805534362793,-1.8410640954971313,2.2190017700195312,1.9689539670944214
2,228,1.434,-1.7982195615768433,1.7482804538742633,1.7642150776973553,1.5161016658492992,1.9237340688705444,1.768367052078247,1.8372527360916138,1.2627660036087036,-1.1178840398788452,0.8202181458473206,0.6734256744384766
2,229,1.437,14.069881439208984,1.6570771725306286,1.2671053047060223,1.2250817478753193,1.394068717956543,1.0337648391723633,1.3891539573669434,0.27652883529663086,-0.6343251466751099,0.5848950147628784,1.0732568502426147
2,232,1.452,-3.179009437561035,2.066001195008693,1.623712184487199,1.788286945227779,1.2829363346099854,1.1179354190826416,1.0154049396514893,0.5877735614776611,-0.8148601651191711,0.6221507787704468,0.1363568902015686
2,235,1.475,1.9605530500411987,1.599972583370333,1.0174596109546414,1.4065918408359028,1.3521314859390259,1.2749433517456055,1.234553575515747,1.1516337394714355,-1.1401021480560303,0.7358059883117676,0.7421644926071167
2,238,1.484,-11.79932689666748,1.628387949225887,1.5986560311432032,1.3458296304598933,1.4738136529922485,1.3592766523361206,1.7488174438476562,1.4452297687530518,-0.847635805606842,1.1955186128616333,1.79641592502594
2,241,1.488,-300.60821533203125,3.331830660556496,2.7049069613055248,2.110300445292836,2.2398173809051514,2.2626724243164062,2.904472827911377,2.7488620281219482,-1.2096023559570312,0.8693984746932983,1.1163909435272217
2,244,1.501,-0.4369930326938629,1.798854971109093,1.7249083272743362,1.7122353803794295,1.7418804168701172,1.6290844678878784,1.475382685661316,1.7427668571472168,-0.8466295599937439,1.2232797145843506,1.8415788412094116
2,245,1.501,-0.017132237553596497,1.8543797524589305,1.8160067281962986,1.3680182934491159,1.4662636518478394,1.5159180164337158,1.8285489082336426,1.592064619064331,-0.9484148621559143,1.263547658920288,1.6045957803726196
2,248,1.511,0.9689123630523682,2.815896133153884,1.8999581003442176,2.4337120490590243,2.1290340423583984,1.1255335807800293,2.0761570930480957,2.378800868988037,-1.0387496948242188,1.780908465385437,0.8803157210350037
2,250,1.522,1.0843400955200195,1.9233015453189402,1.8743176017024177,1.2914623384077357,1.489556074142456,1.603362798690796,1.9532593488693237,1.6442540884017944,-0.6833747625350952,1.3768630027770996,0.9131026864051819
2,257,1.545,-0.5861682891845703,2.173180686868247,1.5941454995892257,1.6673302285546674,1.5633659362792969,1.4323022365570068,1.2255234718322754,1.3839694261550903,-0.4122966229915619,1.0644031763076782,0.6917939782142639
2,265,1.577,0.28268179297447205,1.5688484320692926,1.3920230999399827,1.4153829555647688,1.5298776626586914,1.5068793296813965,1.255394458770752,1.4199554920196533,-1.5071393251419067,0.7746886014938354,0.41620302200317383
2,270,1.589,-1.0600792169570923,1.7518265797279855,1.6630027757411687,1.908296114078901,1.5513215065002441,1.5740450620651245,1.6820542812347412,1.395629644393921,-0.5977755784988403,1.1994446516036987,1.529168725013733
2,276,1.616,-2.029578447341919,1.5610050269882616,1.6530970223600538,1.5291086077003557,1.3729864358901978,1.2617683410644531,1.449512004852295,1.362898826599121,-0.6197140216827393,1.292285680770874,0.6835507154464722
2,279,1.619,-0.8533420562744141,1.802196181834354,1.7461720541857335,1.976331497504718,1.7651907205581665,1.7722082138061523,1.8337788581848145,1.7866666316986084,-0.7561461925506592,1.4111342430114746,0.8317438960075378
2,287,1.643,-1.0259495973587036,1.5868016265656626,1.5936742675943194,1.4150618172296063,1.4197007417678833,1.3242874145507812,1.832000494003296,1.8117432594299316,-1.570114016532898,0.9079062342643738,0.9930465221405029
2,289,1.646,-0.2946164309978485,2.505798227190661,2.4109815285749168,2.223862544746093,1.8690154552459717,1.9573942422866821,1.683543086051941,1.7795891761779785,-0.8461145162582397,0.8380277752876282,1.2660959959030151
2,295,1.672,-24.7674503326416,1.6773168512566718,1.4221162824223526,1.6015668768924414,1.5793170928955078,1.4223580360412598,1.8899755477905273,1.5587412118911743,-0.8330426812171936,1.2367596626281738,1.6685903072357178
2,318,1.747,-2.5513222217559814,2.4697799404735075,2.1058838210593223,2.2544821885261874,1.903771162033081,1.9418684244155884,2.0327086448669434,2.1657543182373047,-0.9955442547798157,1.04827082157135,1.1519006490707397
2,319,1.749,-0.31079816818237305,1.5702284411514404,1.666395454133175,1.3829011047540414,1.4071356058120728,1.4397252798080444,1.7206767797470093,1.6598856449127197,-1.4103796482086182,0.999833345413208,0.741206169128418
2,322,1.751,0.29581499099731445,1.98948155418828,1.8307223010617493,1.2223933096394566,1.4738126993179321,1.4223315715789795,1.3988453149795532,1.7949390411376953,-1.2873868942260742,0.7359119057655334,0.6820904016494751
2,323,1.751,-1.0238535404205322,1.4692393635217682,1.7911352183194156,1.2428278499531862,1.2995835542678833,1.4707140922546387,1.1787588596343994,1.221839189529419,-1.111680507659912,0.7558147311210632,0.5379937887191772
2,338,1.829,-1.1298104524612427,2.1968489165926695,1.621588763752206,1.406422928164722,1.7832140922546387,1.8188509941101074,1.3473868370056152,1.305722951889038,-0.6330339908599854,1.0126103162765503,1.1986808776855469
2,340,1.831,-0.17945969104766846,3.4512413541817675,3.7345194726308475,3.3266301269858682,2.596686601638794,2.7708728313446045,2.8893747329711914,2.2806601524353027,-0.8901557326316833,0.48441898822784424,0.7946176528930664
2,341,1.833,-1.2912248373031616,1.9573679193603664,1.7414341981427537,1.6797257369008065,1.7673661708831787,1.6151716709136963,1.9833035469055176,1.9603275060653687,-0.9018307328224182,1.3886539936065674,1.3158035278320312
2,342,1.835,-3.0563035011291504,2.03345613147911,1.8999849520053758,1.980055084628312,1.9186785221099854,2.05387020111084,1.8603341579437256,2.0355093479156494,-0.9930214285850525,1.101392149925232,1.035285234451294
2,349,1.858,-6.003119945526123,2.2248826330856573,2.084176885143629,2.128781404636942,2.039724826812744,2.062171220779419,1.9578979015350342,2.034536123275757,-0.8273639678955078,1.2354477643966675,1.2924537658691406
2,351,1.863,1.158799648284912,1.7761383967112332,2.0748680921951763,2.4463575865774696,2.193801164627075,1.9625346660614014,2.3793859481811523,2.7279224395751953,-1.4107096195220947,1.789661169052124,2.4005885124206543
2,355,1.873,-9.426091194152832,3.8665739599197075,3.0561503989557948,3.3537086446223294,3.324939012527466,2.8290467262268066,3.4927945137023926,2.9102542400360107,-1.5006548166275024,1.2210383415222168,0.9447543621063232
2,356,1.873,-0.2439209669828415,3.0682014177495827,3.8606429250094423,2.729149343060376,2.2303082942962646,2.1505322456359863,2.7245919704437256,2.9721879959106445,-1.4043059349060059,0.8284239768981934,0.9380629658699036
2,357,1.873,5.869200229644775,3.496579011222987,3.122662557546476,2.642593970333362,2.783159017562866,2.7569973468780518,3.136988401412964,3.293053150177002,-1.3694210052490234,0.9859599471092224,1.108630895614624
2,359,1.883,-0.24098367989063263,3.0788530420882068,3.8746157103558176,2.9409909906251928,2.3360912799835205,2.1741721630096436,2.9051620960235596,3.0135273933410645,-1.452149510383606,0.8950119018554688,0.9449309706687927
2,362,1.894,-1.2693814039230347,1.8937518257686328,2.3263150261460863,1.7290912147896313,2.106858730316162,2.144120931625366,1.0776965618133545,2.015475034713745,-1.4785523414611816,0.9312743544578552,0.6738889217376709
2,364,1.905,3.7980518341064453,1.7138498343667636,2.227712939265517,1.3939487215964972,0.991847813129425,1.0643730163574219,1.2870863676071167,0.6387885212898254,-0.20145699381828308,0.7520581483840942,0.6085439324378967
2,369,1.923,-1.2794078588485718,1.8336599619593899,1.8731239808245288,1.5858730869991344,1.7911279201507568,1.724302053451538,1.695099115371704,1.7339218854904175,-0.8623341917991638,1.2100026607513428,1.8654203414916992
2,375,1.954,0.1612844318151474,1.992051259377622,2.108896229270535,2.110513845855159,2.0886611938476562,2.213182210922241,1.942505121231079,2.219668388366699,-1.4199296236038208,0.822653591632843,0.7352544665336609
2,382,1.966,-2.6408543586730957,1.7918479345391878,1.7273520172254309,1.7034894979590387,1.8751212358474731,1.778594970703125,1.9490954875946045,2.1105756759643555,-1.0954737663269043,1.2698287963867188,1.2270755767822266
2,390,2.004,-14.073490142822266,2.7398876655520223,2.902993738484186,2.5526005542540395,1.5892930030822754,1.7580718994140625,1.825716495513916,1.7056576013565063,-0.8999783396720886,0.9978588223457336,0.8189288973808289
2,393,2.01,0.6705768704414368,1.6939498796230223,1.541649543321315,2.3474793011523816,1.545483112335205,1.6446861028671265,1.6399977207183838,1.719856858253479,-1.001523733139038,1.3522181510925293,1.978522539138794
2,394,2.012,0.29624298214912415,2.025596597314954,1.9425636960523596,2.04148095376963,1.5649527311325073,1.7789937257766724,1.3912148475646973,1.44111967086792,-0.7714365720748901,1.1180764436721802,1.6353806257247925
2,395,2.013,-0.5833979845046997,1.7617698907218,1.885752723003302,2.0369279281389434,1.9178082942962646,2.1689560413360596,1.5136356353759766,1.8343737125396729,-1.2662571668624878,0.7719607353210449,0.7275817394256592
2,397,2.017,4.311831951141357,1.9420803789451826,2.0881345037599592,2.027897136322521,1.3869297504425049,1.5482079982757568,1.5879628658294678,0.97529536485672,-0.5398008823394775,0.9186415076255798,1.1545610427856445
2,402,2.038,-3.938260555267334,1.9263365309535285,1.9841159606458196,2.1514888205946017,2.0290510654449463,2.0618693828582764,1.8410804271697998,2.0593814849853516,-1.0925312042236328,1.2634248733520508,2.1783623695373535
2,411,2.055,-1.284172773361206,2.090250365248276,2.05073181344216,2.019260252774043,2.0387604236602783,1.9914748668670654,2.1625008583068848,2.010413408279419,-0.9096798896789551,1.577375888824463,1.5187036991119385
2,412,2.058,0.45118722319602966,2.1627734550140105,2.169740118764672,2.185317760629376,2.173685312271118,2.071249008178711,2.2312684059143066,2.0836424827575684,-1.0739855766296387,1.2379705905914307,2.142653465270996
2,418,2.076,-0.03486567363142967,1.820654131941861,1.9937608886578242,1.7344185077382979,2.074017286300659,2.0902745723724365,2.120253801345825,1.8530906438827515,-1.4302897453308105,1.130271077156067,0.9206188917160034
2,422,2.084,-0.5527880787849426,1.7859770584707173,1.9044306886964215,2.0747057587560924,2.072425365447998,1.9259202480316162,1.6229791641235352,1.9270693063735962,-1.3280603885650635,0.8003298044204712,0.8786640763282776
2,423,2.084,-5.042817115783691,2.722136864381168,2.251530510403568,2.27728711626159,2.082578182220459,2.0098865032196045,2.0220255851745605,2.4239015579223633,-1.7119864225387573,0.9615631103515625,0.8955824375152588
2,427,2.099,-0.585945188999176,1.9830908111420233,1.9791646048911042,1.9191159954710506,1.9359681606292725,1.9965970516204834,2.104053497314453,2.0407402515411377,-1.032091736793518,1.5680617094039917,1.7403368949890137
2,430,2.104,0.7504804134368896,2.096659648061422,2.3706542053366624,2.0995850757035006,2.496851682662964,2.352355718612671,2.7984907627105713,2.26373553276062,-1.383383870124817,1.085842251777649,2.0211918354034424
2,442,2.138,-1.2581861019134521,2.7422140199918834,2.7288588369797204,2.5126000276704477,1.781896948814392,1.9867925643920898,2.6095197200775146,2.3949391841888428,-0.798133134841919,1.1036566495895386,1.2909504175186157
2,443,2.14,0.7802954316139221,2.014325425024968,2.036714803055819,1.9033617080137208,1.8052384853363037,1.8592548370361328,2.3074071407318115,1.9896326065063477,-1.1389377117156982,1.5835075378417969,2.014636516571045
2,446,2.144,-5.652542591094971,1.834153230880232,1.5920902276737574,1.8886069724296224,1.7715401649475098,1.7438735961914062,1.727576494216919,1.6570677757263184,-2.011655569076538,1.8408814668655396,0.8278570175170898
2,448,2.153,0.005720201879739761,2.2119071008365747,2.3437242085009906,2.0454802746035563,2.102076530456543,2.0543649196624756,2.074343204498291,2.1389667987823486,-1.0608363151550293,1.3564118146896362,1.9796693325042725
2,454,2.166,0.42047375440597534,1.9100739917135865,2.073112896101478,1.3883135685821655,1.023619294166565,0.9361679553985596,1.7285939455032349,0.9365107417106628,-0.9641658067703247,1.358180284500122,0.48377013206481934
2,456,2.167,11.690303802490234,2.3048987325748183,2.504792806310012,2.372203996548638,2.3143017292022705,2.4519360065460205,2.378812551498413,2.338219165802002,-0.9633595943450928,1.4134221076965332,1.4668229818344116
2,457,2.172,0.7319090962409973,2.1188346482974323,2.2867624925382812,1.4942956403180014,1.885077714920044,1.880613088607788,2.250230550765991,1.9187380075454712,-1.1931066513061523,0.895835280418396,1.8652538061141968
2,462,2.202,-2.246460437774658,2.0954473018891893,2.5553422059795037,2.2071161063597646,1.9724757671356201,1.8783193826675415,1.6240252256393433,2.301555633544922,-1.2835619449615479,0.6907587051391602,0.6161316633224487
2,467,2.212,-5.5795698165893555,2.1699905610913666,2.152151841126056,2.259688939483379,2.0742647647857666,2.3558743000030518,1.356316089630127,2.016061544418335,-0.8459583520889282,1.129071831703186,0.9725549221038818
2,471,2.217,0.4156152904033661,1.933247359770708,1.9902936709092418,2.298578992409044,2.425048589706421,2.193725824356079,1.9189963340759277,1.5241526365280151,-1.4375245571136475,1.5722147226333618,0.9335998892784119
2,487,2.255,0.2540487051010132,2.010549068993679,2.2592444530190936,2.277618825448091,2.098022699356079,2.2405080795288086,2.2802765369415283,2.1572377681732178,-1.1908671855926514,1.338398814201355,2.1555254459381104
2,488,2.256,0.4744746685028076,2.285801612627087,2.084320516612812,2.972781997632664,2.787745714187622,2.9508376121520996,2.4783248901367188,2.9022860527038574,-1.3981877565383911,1.3729915618896484,1.7322771549224854
2,491,2.265,-3.191195487976074,2.0329040488394168,1.9467506451686871,1.9282522077674962,1.822063684463501,1.662308931350708,1.6501522064208984,1.7465630769729614,-0.7664141654968262,1.010495662689209,0.9998129606246948
2,508,2.315,-0.36996790766716003,2.2173741265277287,2.112250649580002,2.000320055709157,2.171663999557495,2.253009796142578,2.2494475841522217,2.1097984313964844,-1.0580052137374878,1.4763550758361816,1.6321837902069092
2,511,2.323,0.7324320077896118,3.2163613022522135,3.0248366549919896,4.379352701172008,3.44272518157959,2.8845300674438477,3.363490104675293,3.8166427612304688,-1.426603078842163,1.7362817525863647,1.4489202499389648
2,517,2.35,-1.7753225564956665,1.9078194036059426,2.0113996458863337,2.258307798088126,2.2902724742889404,2.2362592220306396,2.28119158744812,2.243952751159668,-1.1979289054870605,1.3670340776443481,1.9746308326721191
2,536,2.434,-1.2712910175323486,3.081886389609325,3.088476729931926,3.532143259406948,3.341466188430786,3.1925857067108154,3.3936612606048584,3.2928919792175293,-1.304092526435852,1.2544682025909424,1.2540761232376099
2,540,2.44,-2.1038594245910645,2.4618034617165216,2.3531888485665893,2.7513672359847305,2.2932169437408447,2.375441312789917,3.0931918621063232,2.313347578048706,-0.9430551528930664,1.188422679901123,1.18758225440979
2,548,2.461,2.519644021987915,2.4312512925364347,2.381664250227522,2.5327365830425306,2.5258309841156006,2.5809738636016846,2.685166120529175,2.3022162914276123,-1.081078290939331,1.4288382530212402,1.9456028938293457
2,549,2.461,1.9029889106750488,2.402872607957857,2.3688874370890023,2.3667742667568032,2.4585182666778564,2.430716037750244,2.5050413608551025,2.3779187202453613,-1.138744592666626,1.5394461154937744,2.0573129653930664
2,550,2.462,-6.637437343597412,2.948710836370185,2.6208475317766307,2.9594228315029016,2.765267848968506,2.75610089302063,2.9820590019226074,3.144989252090454,-1.3529635667800903,1.3631784915924072,1.5114667415618896
2,558,2.486,-1.3220312595367432,2.0084230422688822,2.271235178807244,2.046459834202591,2.240283489227295,2.2085423469543457,2.3115105628967285,2.1039798259735107,-1.0974372625350952,1.4624701738357544,2.0700221061706543
2,568,2.526,0.3895016014575958,2.2457043682600744,2.210540652399827,2.5395976512925635,2.407219648361206,2.43658185005188,2.5827746391296387,2.299320697784424,-1.1777442693710327,1.4277430772781372,2.151123523712158
2,571,2.547,0.09717528522014618,2.197414631539485,2.193238689146516,2.281187902709116,2.313295841217041,2.2740190029144287,2.121764898300171,2.2701175212860107,-1.6322051286697388,0.6938570141792297,0.6939154863357544
2,582,2.585,-3.8635411262512207,2.458903202446878,2.450774201878556,2.504439957401955,2.5600357055664062,2.448590040206909,2.602816581726074,2.4694161415100098,-0.956039547920227,1.4379334449768066,1.505064606666565
2,586,2.596,-16.31867027282715,3.258983910802704,2.6687211482960334,2.4105237412506715,1.937556266784668,1.9093215465545654,3.6413187980651855,3.328500270843506,-1.8330005407333374,2.022024154663086,1.5516942739486694
2,587,2.598,-0.159287691116333,3.3658985004236803,3.64565429866275,3.038168466721857,2.9798667430877686,3.120997905731201,2.9538276195526123,3.1266794204711914,-1.0152919292449951,0.9068080186843872,1.4521381855010986
2,595,2.622,-0.12062674760818481,2.9414366597558232,2.7951356134274183,2.905656181641413,2.6466586589813232,2.4789047241210938,2.495802164077759,2.4526901245117188,-1.3587539196014404,0.8048466444015503,0.6782374978065491
2,597,2.625,-0.15777789056301117,3.227247839826842,2.7909870149163947,2.974462363246523,2.808662176132202,2.7051193714141846,2.5859875679016113,2.5274147987365723,-1.3372641801834106,0.7868716716766357,0.7146303653717041
2,598,2.628,-1.3173867464065552,2.0231034038717164,2.1399308275366606,2.280756054334904,1.3809220790863037,1.5728404521942139,1.3784098625183105,1.5945277214050293,-1.108636498451233,0.7047083377838135,0.45634889602661133
2,603,2.654,0.49370551109313965,2.236447029840169,2.601188103893421,2.702096358532813,2.565326452255249,2.555934429168701,2.7070319652557373,2.6218810081481934,-1.3361884355545044,1.6882262229919434,2.15305233001709
2,607,2.673,7.733246803283691,5.5174294574407075,5.762291794862148,6.159392671950124,6.11799430847168,5.610678195953369,6.86798095703125,7.404463291168213,-2.6725149154663086,1.2463728189468384,2.4884719848632812
2,609,2.68,-2.181377410888672,2.8122141179188023,2.8660693332244658,2.638064780155629,2.6761367321014404,2.7840652465820312,2.5256896018981934,2.7285728454589844,-1.2358342409133911,1.3286094665527344,1.5163480043411255
2,613,2.69,-9.337355613708496,2.6743728391681,2.538422870590439,2.8873109911897124,2.4100377559661865,2.9610984325408936,2.786132335662842,2.4981863498687744,-1.0731236934661865,1.2158821821212769,1.0695512294769287
2,615,2.692,6.2372727394104,5.68686739299589,5.84800861932742,6.535224704461322,6.430804252624512,6.040035724639893,7.191938400268555,7.585519790649414,-2.7574563026428223,1.365192174911499,2.4246439933776855
2,616,2.701,-1.3370305299758911,1.8495188187504223,2.204064578196367,2.149756071213577,2.1775717735290527,2.3799264430999756,1.9727461338043213,2.1563477516174316,-1.534544587135315,0.9215174317359924,0.9258291125297546
2,619,2.707,-0.031870704144239426,2.9482513503141026,2.7743292476486885,3.09223499478177,2.911583662033081,2.8326380252838135,2.6168572902679443,2.5126636028289795,-1.2881642580032349,0.5304239988327026,0.7097655534744263
2,620,2.715,-3.5221316814422607,2.1433077028013527,2.091159158328211,1.850168034729378,1.6618980169296265,2.0162460803985596,2.3947229385375977,2.4321327209472656,-1.37809419631958,1.8456019163131714,0.8016149997711182
2,623,2.729,-1.819504737854004,2.3455900398183633,2.5006989163694784,2.47136248095621,2.1693124771118164,2.2506422996520996,2.504854679107666,2.2517664432525635,-0.9186286330223083,1.116163730621338,1.115229845046997
2,636,2.789,-1.1165223121643066,2.7287626104536615,2.9277796136478744,2.889105858127538,3.0284650325775146,3.07849383354187,2.8326048851013184,2.8571529388427734,-1.171517014503479,1.0791447162628174,1.2327799797058105
2,643,2.827,2.2219057083129883,3.2362703769834904,3.2233544358213044,3.024366257085045,3.173090696334839,3.131134033203125,2.976886749267578,3.360532522201538,-1.2833195924758911,0.9825291633605957,1.208982229232788
2,647,2.831,-0.6640304923057556,2.6679752439826996,2.7834249267922897,2.632769710599396,2.8716964721679688,2.9735372066497803,2.601287364959717,2.676093578338623,-0.9824753403663635,1.2897992134094238,1.050241470336914
2,651,2.834,-1.2057981491088867,2.7295146957401974,2.9077549606993975,2.9471201163415226,2.709439516067505,2.7168052196502686,2.625967264175415,2.6105904579162598,-0.9597629308700562,1.0098552703857422,1.015653371810913
2,655,2.844,-6.559559345245361,2.60974431284448,2.7876680533384004,2.4750717733403524,2.8208043575286865,2.8087260723114014,2.755622625350952,2.904449224472046,-1.3187341690063477,1.4534881114959717,1.6115769147872925
2,657,2.857,12.69127368927002,3.057206122285122,3.238889946969357,3.3985563251065973,2.573418378829956,2.9653093814849854,2.943046808242798,2.2609400749206543,-1.1700628995895386,1.3011817932128906,1.0655502080917358
2,658,2.862,0.18273907899856567,2.9109618599557434,2.9090040933650103,2.8692858796874905,2.757986068725586,2.772000551223755,2.7976064682006836,2.6952240467071533,-1.3476639986038208,0.5536792874336243,0.681025505065918
2,661,2.868,-48.709693908691406,2.8376337619291365,2.8249050770137405,3.0978916251255697,3.136352777481079,3.2121660709381104,3.0501904487609863,3.138697385787964,-1.3453422784805298,1.1862504482269287,1.3304730653762817
2,663,2.89,-3.728714942932129,3.120984916329287,3.0980116076748514,3.244637444940995,3.3097379207611084,3.2930939197540283,3.2933216094970703,3.4900989532470703,-1.4402064085006714,1.185858964920044,1.4406843185424805
2,664,2.891,-0.07353261113166809,2.8567913885363008,2.9936730788638988,3.213339294645155,2.6969692707061768,2.698690176010132,2.794131278991699,2.8390347957611084,-1.4419909715652466,0.7490068674087524,0.901868462562561
2,667,2.9,5.172104358673096,2.0430660841833355,1.8878752658223823,2.4577705249486512,2.8968212604522705,2.819808006286621,2.161961555480957,2.825618028640747,-1.513229250907898,1.576316475868225,1.150843858718872
2,670,2.912,0.4682890474796295,3.1348518787723676,3.1596318932019942,3.1434303742604466,3.142695188522339,3.2494962215423584,2.861600637435913,3.2792415618896484,-1.7034567594528198,0.8490928411483765,0.9954813718795776
2,676,2.93,-2.1716434955596924,3.8525152433819168,3.5719073486664685,2.7605078236456193,2.9075939655303955,3.1178810596466064,2.9012913703918457,3.3025619983673096,-1.7126175165176392,1.2119700908660889,1.0475952625274658
2,686,2.987,-4.809528827667236,2.8255029611208964,2.969625059757333,2.7624264908396152,2.7330751419067383,2.854361057281494,2.8349075317382812,2.757295608520508,-1.292502999305725,1.3063534498214722,1.4957008361816406
2,689,3.003,0.21477404236793518,3.198341761744213,3.0782340379721624,3.490365581101725,3.888430118560791,3.4460432529449463,3.365401029586792,4.3643879890441895,-2.0300827026367188,1.5031943321228027,2.0194144248962402
2,690,3.01,-0.6440104246139526,2.913961689643691,3.0361623268272093,2.6081316058625306,2.5782265663146973,2.3616573810577393,2.8036317825317383,2.9313340187072754,-1.1267246007919312,1.2631006240844727,1.280747890472412
2,692,3.027,4.329632759094238,5.860788678169061,5.203556667804892,4.482590884085659,3.9440793991088867,4.230571269989014,4.630868434906006,4.582601070404053,-0.9491032361984253,0.6463803648948669,1.3275021314620972
2,698,3.065,1.2030352354049683,3.522152404748327,3.20347973714262,3.1078269497845343,2.9094038009643555,2.9391963481903076,2.37374210357666,2.934868812561035,-1.3557933568954468,0.828169584274292,1.0275137424468994
2,699,3.076,-2.2048468589782715,3.1912343007035635,3.2488325903908386,3.1310834109438086,2.8669846057891846,2.8837878704071045,2.7952816486358643,2.7683348655700684,-1.0023927688598633,0.9171848893165588,1.0104327201843262
2,707,3.112,0.6857597231864929,5.241226587061086,6.005692861998113,6.001584654202622,5.5735578536987305,5.4502177238464355,7.054836750030518,7.028677940368652,-2.3292272090911865,1.259969711303711,1.993016004562378
2,711,3.125,1.5592619180679321,2.9526553815286967,2.447209450022356,1.9464287149847035,2.1657602787017822,1.8000497817993164,2.094473361968994,2.486269474029541,-1.1004680395126343,0.9790045619010925,1.389715313911438
2,714,3.146,-10.16104793548584,2.991998422619721,3.1829153151911567,3.19116513775021,3.2826061248779297,3.1669816970825195,3.5162193775177,3.2148818969726562,-1.3446024656295776,1.1504648923873901,1.3885746002197266
2,717,3.162,-0.7926643490791321,3.146283315350812,3.193333730599162,3.357017712513813,3.6142096519470215,3.319143056869507,2.482661247253418,2.8552682399749756,-1.1041710376739502,1.0320470333099365,1.0356462001800537
2,721,3.181,-3.730651378631592,3.14958307809201,2.9230109622226106,3.0897840283456754,2.745504140853882,2.613116502761841,2.8965847492218018,2.414745569229126,-1.009519100189209,0.885557234287262,0.7518982291221619
2,723,3.19,-5.817656517028809,3.041082852646266,2.7003145699273383,2.938005860320145,2.7136263847351074,2.7805240154266357,2.6953864097595215,2.47080135345459,-0.9341148734092712,0.9741995334625244,1.072692632675171
2,729,3.213,59.546329498291016,2.590311306417461,2.65953645671733,3.1114892244697545,3.607895612716675,3.6789793968200684,3.4920432567596436,3.110086441040039,-1.7563570737838745,1.2297523021697998,0.9790759682655334
2,735,3.277,0.4872450828552246,3.0044960196395647,3.12334173643275,3.080005420017469,3.1500141620635986,3.3048033714294434,3.5099949836730957,3.1163134574890137,-1.64788818359375,0.8066567778587341,0.973140299320221
2,736,3.277,-4.364792346954346,3.6973525951178448,3.7032806220741117,4.241905860139601,4.379678726196289,4.353346347808838,4.511302947998047,4.520575046539307,-2.263331651687622,1.3065581321716309,1.7455370426177979
2,738,3.284,-1.95614755153656,3.4556114208511404,3.877391076346375,3.3977254302215374,3.1565704345703125,3.276332139968872,3.9169788360595703,3.4048380851745605,-1.2965998649597168,1.1337275505065918,1.0124571323394775
2,741,3.311,1.3411030769348145,4.443468283096531,3.7846276085836217,4.828273703644603,5.7431135177612305,5.0646772384643555,4.525554656982422,4.4039835929870605,-2.203508138656616,1.0542080402374268,1.5191335678100586
2,761,3.502,1.266600251197815,3.121062031911152,3.3540468837760122,3.1793855821335595,3.290752649307251,3.1906726360321045,3.197929859161377,3.0555412769317627,-1.6299281120300293,0.9188163876533508,1.0733259916305542
2,766,3.519,-0.10936211049556732,3.3222980852589576,3.6143568734536595,2.851452673223959,2.935351610183716,2.9622855186462402,3.0389950275421143,3.074732780456543,-1.06396484375,0.8623902201652527,1.445085883140564
2,767,3.522,1.382707953453064,3.651438903199412,3.9236573719048065,3.997809196711765,3.884155750274658,3.83297061920166,3.7748429775238037,4.043254375457764,-1.6522390842437744,1.2817739248275757,1.412389874458313
2,776,3.583,-0.2899363934993744,2.3360766747849664,2.5450524048212633,3.0563612955642263,2.830761194229126,2.7651028633117676,2.99417781829834,2.903003692626953,-1.297189712524414,1.6634975671768188,2.239987850189209
2,781,3.613,1.6528600454330444,2.6672585722783797,2.6960067675813306,3.40239361543672,3.120659589767456,2.988314390182495,3.2427592277526855,3.3738515377044678,-2.034560441970825,1.1449600458145142,1.5384271144866943
2,785,3.628,1.0832412242889404,3.618457445807954,3.981702238365885,3.9133920829424844,4.256356239318848,4.2335100173950195,3.6112899780273438,3.5891273021698,-1.4948434829711914,1.1346871852874756,1.4237892627716064
2,789,3.653,-2.401992082595825,3.7158881371683843,3.62096218454453,3.9185286956714735,4.0603179931640625,3.8845369815826416,3.490861654281616,3.3209595680236816,-1.4723540544509888,1.0255966186523438,1.2880009412765503
2,797,3.731,0.2919990122318268,3.3039338826390727,3.279892675102431,2.784729787199132,3.5256478786468506,3.2752110958099365,3.274435520172119,3.947781801223755,-1.5160642862319946,1.29323410987854,1.8159832954406738
2,802,3.769,0.007672457955777645,3.832682281428449,3.432942592072695,2.802303834696586,2.721728801727295,2.7175912857055664,3.297950267791748,3.118873119354248,-1.189955472946167,1.1105411052703857,0.9634975790977478
2,803,3.781,1.0846190452575684,3.15709354465211,3.2013213787318455,3.5769262418597165,3.51332688331604,3.3834328651428223,3.5294137001037598,3.6503262519836426,-1.5949451923370361,1.3373377323150635,1.4397977590560913
2,817,3.877,-0.7749887704849243,3.751005331048582,2.760962146681487,4.034255055425268,3.5454823970794678,3.705104351043701,3.213381290435791,2.812046527862549,-1.231208086013794,0.48135679960250854,0.844333827495575
2,824,3.951,-0.4247971773147583,3.697032047115906,3.8560284460244434,3.9599660950978977,3.931253671646118,3.7974069118499756,3.9193201065063477,3.9668633937835693,-1.557997703552246,1.0149881839752197,1.535902500152588
2,828,3.983,-1.214439868927002,4.052455147394542,4.069535513468209,3.4413447888893707,3.408010244369507,3.138211965560913,3.3638620376586914,3.444972038269043,-1.3703655004501343,0.7557715773582458,0.8359877467155457
2,841,4.095,-0.5051748156547546,3.8624073906662306,3.709015838283821,3.376677083671908,3.423800230026245,3.8173022270202637,3.8984127044677734,3.5292489528656006,-1.3175746202468872,1.2627800703048706,1.4336026906967163
2,843,4.114,-1.364044427871704,3.0743004018617803,3.153929486696603,3.0238588258464736,3.3445115089416504,3.297313928604126,4.130405426025391,3.387186050415039,-1.8496581315994263,0.9338144063949585,1.2345504760742188
2,845,4.146,-0.2720671594142914,3.79634436032094,4.069403694629972,3.6931939763490056,3.272986650466919,3.309102773666382,3.983706474304199,3.846710205078125,-1.5141031742095947,0.5226699709892273,1.139430046081543
2,860,4.387,-3.7304089069366455,3.874017151418027,3.87384856298363,4.4699400693686036,4.332680702209473,4.100748538970947,3.734217882156372,4.370604515075684,-1.720236897468567,1.326864242553711,1.4089959859848022
2,862,4.44,0.35248616337776184,3.305017293162591,3.6951187129603,3.4271677243072323,3.4742178916931152,3.58874773979187,4.190414905548096,3.366824150085449,-1.1799745559692383,1.0168070793151855,1.4102927446365356
2,867,4.472,-1.8358107805252075,3.7335598971861472,2.5683132212980544,3.9205700379585857,3.8576877117156982,3.3234736919403076,2.498413562774658,2.047468662261963,-0.9432404637336731,0.3914950489997864,0.6596906185150146
2,870,4.562,-0.3520895540714264,4.0527395727448985,4.377390149307854,4.319399328953772,4.09352970123291,4.0321431159973145,4.190921783447266,4.211939811706543,-1.4463138580322266,0.5287846922874451,1.0094022750854492
2,880,4.705,-3.624772787094116,3.9881328383591206,4.32314446038932,4.29761647690585,4.403257369995117,4.452310562133789,4.891909599304199,4.718072414398193,-1.990397572517395,1.4104024171829224,1.5974475145339966
2,882,4.706,3.4733967781066895,4.591481211769957,4.411330839488176,4.104181665314006,4.207630157470703,4.274313926696777,4.700459003448486,4.535647869110107,-1.7839360237121582,1.1090478897094727,1.1680119037628174
2,883,4.724,-141.8635711669922,3.814924514670298,4.181975582017999,4.3375274275412306,4.394143104553223,4.449932098388672,3.6358718872070312,4.347874641418457,-1.8102596998214722,1.2063524723052979,1.5676945447921753
2,893,4.867,-0.39062222838401794,4.178386763716878,4.809628686946672,5.154859578023192,4.336565971374512,4.539756774902344,5.206483840942383,5.170488357543945,-1.8183543682098389,0.7773473858833313,1.4366130828857422
2,897,4.987,-1.4881328344345093,4.667154386144357,5.392475666449561,4.2857470784027765,4.057013511657715,3.933037757873535,4.061549186706543,4.350039958953857,-1.5204755067825317,0.7167063355445862,0.8458735942840576
2,901,5.081,-0.1672772765159607,5.356161893550897,5.170992027302781,5.303666802736052,5.252687454223633,5.327710151672363,5.500970840454102,5.696054935455322,-2.0296378135681152,1.1935170888900757,1.8571754693984985
2,904,5.09,-0.43311548233032227,3.958825405200399,4.252169168760252,4.386537355283181,3.520695686340332,3.5640780925750732,4.499485015869141,4.432399749755859,-1.7100781202316284,0.7818416953086853,1.2562263011932373
2,928,5.447,-2.073324203491211,4.898895743820994,5.013390762052987,5.378212851874659,5.021705627441406,4.768423080444336,4.878636360168457,4.557536602020264,-1.7653051614761353,1.0090572834014893,1.1809418201446533
2,932,5.496,3.4321489334106445,5.259940671366533,5.603062190246951,5.412080834349927,5.36512565612793,5.329096794128418,6.122646331787109,5.16649055480957,-1.401280164718628,0.5559666156768799,1.2598944902420044
2,943,5.796,1.019310474395752,5.495102936628189,5.976761576949214,5.437017810834962,5.565044403076172,5.511507987976074,5.913664817810059,6.229116439819336,-2.001786708831787,0.7170170545578003,1.6017783880233765
2,944,5.806,0.4727230966091156,3.7367015062746973,4.021380808980306,4.481340650443121,4.336551666259766,4.692754745483398,4.6621479988098145,5.014657974243164,-2.001966953277588,1.4343085289001465,1.9114915132522583
2,945,5.813,9.656238555908203,4.846270895169644,5.0026331538659266,4.967593460448464,5.112427711486816,5.192967414855957,5.753554344177246,5.645282745361328,-2.4122440814971924,1.1280075311660767,2.056147813796997
2,956,6.045,-3.0037434101104736,5.5985520255115295,5.725417126588321,6.418491617304284,6.149923324584961,6.111572742462158,6.782650947570801,6.149948596954346,-1.9875001907348633,0.8313980102539062,1.6981797218322754
2,960,6.093,-1.3027235269546509,5.747359810754059,5.601132004754816,6.108884321181851,5.769333839416504,5.86698579788208,6.070584297180176,6.123654365539551,-2.0329408645629883,1.0073230266571045,1.9860442876815796
2,965,6.216,-0.8898617029190063,6.166534939736195,6.333332112800033,6.618243257819033,6.124612808227539,6.128943920135498,6.303948402404785,5.785672187805176,-1.338838815689087,0.6069254875183105,1.2616713047027588
2,970,6.475,17.776039123535156,5.554199887325637,5.380545548970194,5.768076534679114,5.982277870178223,6.076771259307861,6.2419538497924805,6.099613189697266,-2.3152854442596436,1.0911779403686523,1.8927369117736816
2,985,8.141,-0.6566237211227417,7.4642964280441815,8.33961786535317,8.414206906505317,8.38107967376709,8.405975341796875,8.375578880310059,8.949614524841309,-2.1447484493255615,0.9698368906974792,2.099365711212158
3,7,0.044,2.304644823074341,0.9602656720150216,1.0834111503061248,0.3276627555428817,0.7016929388046265,0.5146360993385315,0.9111447334289551,0.5253863334655762,-0.7809346914291382,1.2866824865341187,1.4127610921859741
3,10,0.071,1.0467177629470825,0.9450622211749597,0.6009815973551712,1.0929838516488246,0.4914743900299072,0.48954007029533386,0.39090633392333984,-0.0639944076538086,1.2854340076446533,0.7679901719093323,-1.6377414464950562
3,16,0.126,8.30826187133789,0.897039070624074,0.9375957620756957,0.19539732898151563,0.10389929264783859,-0.08020278811454773,0.1545877456665039,-0.45215773582458496,-0.43186473846435547,0.8418213129043579,0.7211484313011169
3,18,0.142,7.226942539215088,0.8775727910410845,1.0507079686917262,0.2168360728732388,0.005044363439083099,0.02066349983215332,-0.033774375915527344,-0.5288322567939758,-0.42715057730674744,0.7636873722076416,0.6578648686408997
3,33,0.372,0.7786563038825989,1.4890497705431354,0.7104999808654529,1.7349801049102531,1.3572328090667725,0.9628725647926331,0.7568992376327515,0.7000635862350464,-1.46946382522583,1.2809451818466187,2.088036298751831
3,35,0.417,1.0751736164093018,0.9474993560955947,0.6035923107514356,0.7232093984735481,0.6052541732788086,0.3467664122581482,0.3792606592178345,0.20492768287658691,1.3350447416305542,0.867813766002655,-1.7843384742736816
3,37,0.423,1.6151033639907837,1.2932462703435543,0.8750273733112772,0.9262243424272718,1.3219952583312988,1.3986040353775024,1.0125325918197632,0.5492802858352661,-1.0849609375,1.4021834135055542,1.0613164901733398
3,43,0.483,-2.337113618850708,0.9320174263244799,0.7708432829539678,0.7548211057768919,0.4986916780471802,0.4460475444793701,0.5818836688995361,0.35044217109680176,-1.0656126737594604,0.8822254538536072,1.6880888938903809
3,44,0.51,-4.073609828948975,0.28609620554244436,0.270394029573712,0.18519862769653006,-0.252922385931015,0.08869464695453644,0.15697789192199707,-0.1044389009475708,-0.8663883209228516,1.3814268112182617,1.2520861625671387
3,45,0.52,-2.119067907333374,0.850821329162384,0.6402687262145518,0.7547692068430898,0.5869499444961548,0.44104647636413574,0.5489087104797363,0.33278143405914307,-0.9883061647415161,1.1355400085449219,1.638637661933899
3,46,0.535,-1.9507085084915161,0.46151908712382644,0.5558036449196069,0.48890101005291786,0.4527391493320465,0.45726436376571655,0.5169521570205688,0.3930002450942993,-0.8846799731254578,1.5901050567626953,1.4579894542694092
3,48,0.555,-0.6833506226539612,1.150618841670216,1.2636874310304003,0.5109030361586306,0.7387718558311462,0.5078917741775513,0.22858941555023193,0.45819175243377686,-0.8573811650276184,1.3455666303634644,1.0684305429458618
3,57,0.625,-3.875387668609619,1.5056889685754953,1.447515607387566,1.283367833849673,0.8774175643920898,1.2671394348144531,0.7083141207695007,0.6026880145072937,1.1510035991668701,0.8969852924346924,-1.5620925426483154
3,60,0.654,-0.3310410976409912,0.8409873702680758,0.7084142995557025,0.056102562327344785,0.25272536277770996,0.29857635498046875,0.6955854892730713,0.5661414861679077,0.9681274890899658,1.2282500267028809,-1.4790632724761963
3,61,0.655,-1.7839897871017456,0.6071598537758538,0.7403005747339665,0.5568640622440828,0.2145603895187378,0.49685853719711304,0.2404876947402954,0.19613277912139893,-0.8084389567375183,1.3644517660140991,1.2060974836349487
3,72,0.717,-1.9673149585723877,0.7459388622376015,0.6925283150386624,0.971070470747728,0.6321122050285339,0.6192371845245361,0.8134742975234985,0.7038894891738892,-0.9484679698944092,1.6612608432769775,1.0767179727554321
3,79,0.759,-25.649194717407227,1.1766654282846782,0.8806363547288159,0.7889662857553255,0.6376197934150696,0.5961328148841858,0.12921583652496338,0.5198749303817749,-1.3012657165527344,0.7702174782752991,1.7362046241760254
3,87,0.865,0.6378637552261353,1.6652888052450538,1.1611516170379839,1.5154334839959986,1.666481852531433,1.641094446182251,1.4556548595428467,1.7998842000961304,-2.1511247158050537,0.3585992455482483,1.8211451768875122
3,95,0.895,-1.9432119131088257,1.0897826833933484,1.1491470856861503,1.165527023125788,0.7493059039115906,0.7281394004821777,0.24650633335113525,0.36168551445007324,-0.9908208847045898,1.1403422355651855,1.4586032629013062
3,112,0.995,-0.12863999605178833,1.4072361386061916,1.2520346652023107,1.000350263756614,1.1791788339614868,1.0694732666015625,0.9395219683647156,0.5636066198348999,0.6052328944206238,1.1355092525482178,-0.9468531012535095
3,113,0.997,1.7940224409103394,1.5453063191690646,1.7074695782917464,1.1900327588233894,1.139624834060669,0.9256960153579712,1.204880952835083,1.2084074020385742,-1.103675365447998,1.247979998588562,1.3874908685684204
3,121,1.014,2.850970983505249,1.1153026954423,1.0826694558719487,0.707094701811755,0.7388564944267273,0.7898719310760498,0.7765159606933594,0.6689748764038086,-0.8559555411338806,1.38519287109375,1.0970536470413208
3,123,1.027,29.599271774291992,2.1886204152236663,1.5824394040475016,1.3342205408985413,0.7376512289047241,0.8008701801300049,1.7589986324310303,1.6047658920288086,-1.2990964651107788,1.378477692604065,1.4196093082427979
3,128,1.045,-2.7901973724365234,1.0335849271455682,0.8847936505742485,1.2515420511166715,1.1916053295135498,1.127082109451294,0.5267521142959595,1.0757020711898804,-1.3913261890411377,1.4071615934371948,2.0738563537597656
3,133,1.09,0.18574833869934082,1.741217112284257,2.055880505705613,1.6187081310688192,1.3831534385681152,1.270747184753418,1.1570019721984863,1.3138055801391602,-1.4019505977630615,0.13849951326847076,1.306610345840454
3,140,1.105,-0.8561634421348572,0.8392642859761201,0.44681139908414513,0.6198806500281648,0.7763206958770752,0.8812806010246277,0.9329984188079834,0.5024747848510742,-0.8958479762077332,1.6754281520843506,1.6676369905471802
3,141,1.116,1.0583685636520386,1.2256658888758487,0.9116167899079672,1.2593261004263643,0.799830436706543,0.5206011533737183,0.28841638565063477,0.38245224952697754,-1.2555733919143677,0.2594294250011444,1.3130658864974976
3,152,1.153,0.7976604104042053,1.6111889898083067,1.1345155026590528,0.798423983240216,0.5751833915710449,0.6685896515846252,0.4993283152580261,0.9378478527069092,-1.2457249164581299,1.1555347442626953,1.5107134580612183
3,155,1.161,1.7061734199523926,1.858231755651757,1.9785519694595095,1.718650864605963,1.5720328092575073,1.3916945457458496,0.9241693615913391,2.131786823272705,-1.7338004112243652,1.7292163372039795,1.5500733852386475
3,156,1.164,-1.697446346282959,1.7735589863499368,2.0431514404780344,1.495814871350329,1.4889928102493286,1.6543731689453125,1.2403671741485596,1.2480806112289429,-1.3452647924423218,0.14609932899475098,1.404390811920166
3,158,1.174,-3.1562840938568115,2.680993579697807,2.3904497797817985,1.866941449985013,1.7069118022918701,1.4365789890289307,2.107156753540039,2.1116459369659424,-1.3731319904327393,1.483757495880127,1.5579686164855957
3,160,1.18,-2.041863203048706,1.2972709417161652,1.0637818144286872,0.7735913608773899,1.589920997619629,1.6169424057006836,0.7288281917572021,1.2049026489257812,-1.1754345893859863,1.542432188987732,1.7608802318572998
3,166,1.201,-5.672412395477295,1.1260398688863462,1.1495024956497004,1.6230495216411072,1.239475131034851,1.0561673641204834,1.1204575300216675,1.1884595155715942,-1.4350594282150269,1.25166654586792,2.035874366760254
3,167,1.201,-0.9267356991767883,1.6038847374436573,1.8707183431962158,1.5460934604021133,1.0755615234375,1.1443367004394531,0.7441748976707458,0.7799539566040039,-0.8889259696006775,1.047327995300293,1.0950777530670166
3,168,1.203,-0.16146031022071838,1.329216551661824,1.1928915125448698,1.2826048631848095,1.3146018981933594,1.2704788446426392,1.4395592212677002,1.2947771549224854,-1.202015995979309,1.7640941143035889,2.125277280807495
3,169,1.212,-6.089066028594971,1.463203596854995,1.561561745393551,1.4840579860100744,1.1636055707931519,1.1875196695327759,1.001356601715088,1.3377596139907837,-1.4939723014831543,0.3239063024520874,1.5450398921966553
3,171,1.231,-0.3692888021469116,1.4865696667589918,1.5846335001020353,1.7506554418745273,1.524261713027954,1.5067058801651,1.237888216972351,1.236219048500061,-1.3881425857543945,1.2178702354431152,2.0222573280334473
3,176,1.243,-6.390664100646973,2.355146851019349,2.6785325165131035,1.86456663708246,1.0005860328674316,0.9369058012962341,1.1852693557739258,1.4685627222061157,1.1720726490020752,0.7721274495124817,-1.4274075031280518
3,177,1.247,-3.6154112815856934,1.895668031613713,1.994899874335086,1.4155906725143361,1.4141559600830078,1.364749550819397,1.163512945175171,1.2418125867843628,-1.2534922361373901,0.08405329287052155,1.2351897954940796
3,179,1.253,-0.36107468605041504,1.3994717991423498,1.5673101060373567,1.643457392654811,1.4629223346710205,1.3771672248840332,1.2062113285064697,1.1573494672775269,-1.372798204421997,1.1658028364181519,1.9140785932540894
3,194,1.324,0.2549513280391693,2.016981416641583,1.6640987265313163,1.5524030949650127,1.4627690315246582,1.4588298797607422,1.2348434925079346,1.6049034595489502,-1.290079116821289,1.327642798423767,1.4125864505767822
3,197,1.331,1.2272170782089233,1.2075845555150964,0.6512557968391965,-1.0482914931543057,-0.28292205929756165,-0.18600845336914062,0.3697211742401123,-0.4481046199798584,-0.1668371558189392,1.0998092889785767,0.5550748109817505
3,200,1.333,0.9811059832572937,1.1920355813453856,0.9782507627332485,0.800645772012258,1.2240538597106934,0.9260707497596741,1.4211796522140503,1.069227933883667,1.0957677364349365,1.3135194778442383,-1.6522040367126465
3,201,1.334,2.2692039012908936,1.3444701902451128,1.4473090559617183,0.9974967135501878,0.7676358819007874,0.922633945941925,0.6687240600585938,0.9121764898300171,-0.9666475057601929,1.2611685991287231,1.3132412433624268
3,207,1.352,25.256752014160156,1.7802896495004894,2.173877425639816,1.4755841491654573,1.7226670980453491,1.412001609802246,1.436851978302002,1.504895806312561,-1.5051976442337036,0.22889520227909088,1.5076912641525269
3,210,1.379,1.168147325515747,0.8603737793567543,0.3270594621213709,0.7019850571045261,0.9493774771690369,0.5589823126792908,0.7307283878326416,0.5211988687515259,-1.069955825805664,1.417514443397522,1.742895245552063
3,215,1.389,-0.7645612359046936,1.4772069949966369,1.5373888069245285,1.062275315593253,1.375571608543396,1.6120667457580566,1.3567426204681396,1.3087981939315796,1.3609745502471924,1.1654857397079468,-1.8692333698272705
3,220,1.411,0.28182297945022583,1.591147385283066,1.5621125956583004,1.5484846390873739,1.4904536008834839,1.7126247882843018,1.5875110626220703,1.410142421722412,-1.3840421438217163,1.660187005996704,1.2557544708251953
3,221,1.411,-6.0381669998168945,1.5721164055599597,1.6865921385485985,1.2777644691665486,1.2056376934051514,1.146592140197754,0.9698725342750549,1.0992023944854736,-1.0523158311843872,0.4603177309036255,1.243924856185913
3,225,1.428,0.22936002910137177,2.0709352452152885,1.7816456324811187,1.6852275968343466,1.567582130432129,1.5330018997192383,1.3745425939559937,1.6772412061691284,-1.4901853799819946,1.3341009616851807,1.550026774406433
3,230,1.441,-3.261866569519043,2.633990450253889,2.5005220124315097,2.0521603558329486,2.0870168209075928,1.8260564804077148,2.489767074584961,1.888216257095337,-1.2961057424545288,1.6163265705108643,1.6112443208694458
3,236,1.48,-20.7913818359375,1.8590594580662176,2.041023206911734,2.252465181089969,1.7591054439544678,1.8042690753936768,1.8256781101226807,1.5622589588165283,0.3593774139881134,1.3550939559936523,-1.0480080842971802
3,247,1.507,0.7184751033782959,1.530124154742486,1.6601333399470781,1.0761594053602122,1.0265470743179321,0.9563814997673035,1.0566904544830322,1.0006941556930542,-0.9664264917373657,0.9518983364105225,1.332740306854248
3,252,1.529,-0.32227659225463867,1.5415389520719378,1.4592563188244887,1.3392095174919385,1.7758128643035889,1.8755378723144531,1.8224501609802246,1.0290687084197998,0.2051020860671997,1.5229610204696655,-0.624133825302124
3,259,1.55,-0.8583149313926697,1.9178977847031466,1.9321699376814065,2.0869049018847896,1.6280529499053955,1.818160891532898,1.2831816673278809,1.2638580799102783,-1.3445940017700195,0.15684516727924347,1.3501121997833252
3,271,1.595,1.2001075744628906,1.0071140768682438,0.7868625216782341,0.8895420375875602,0.8128094673156738,0.9288194179534912,0.5283609628677368,0.7133297920227051,-1.2255003452301025,1.0959446430206299,1.7666890621185303
3,272,1.607,-20.354249954223633,2.463849206580456,1.9772301970009543,1.2775871620780763,1.0435857772827148,1.5207302570343018,1.7233854532241821,1.3818663358688354,-1.566051959991455,1.3390339612960815,1.6247862577438354
3,278,1.618,0.07064296305179596,2.011630020806679,1.9227709261357901,1.3799158856150666,1.5562307834625244,1.5105713605880737,1.7430800199508667,1.3618009090423584,-1.097140908241272,1.2821532487869263,1.2211474180221558
3,280,1.621,0.7556162476539612,1.7156683820871035,1.4940970391657464,0.9553137144654169,1.232601523399353,1.3793694972991943,1.255035400390625,1.0348424911499023,-1.1507985591888428,1.4435441493988037,1.1807122230529785
3,282,1.621,-1.1767292022705078,1.6178101435186172,1.5621537789996984,1.6459449589709632,1.5570290088653564,1.4369821548461914,1.3344346284866333,1.5248923301696777,-1.6201196908950806,0.4723049998283386,1.5494755506515503
3,283,1.63,-1.1669979095458984,1.6329031430907877,1.9156905552797021,1.937906454607751,1.492141604423523,1.568529486656189,1.3141860961914062,1.022019624710083,-1.0555776357650757,1.1015539169311523,1.150460958480835
3,288,1.643,-1.1888118982315063,1.8394851263578025,2.1282384677853674,2.2502884274570616,1.7633094787597656,2.0840272903442383,0.913288950920105,1.5328620672225952,-1.414033055305481,0.4701685309410095,1.2721623182296753
3,291,1.665,0.8752490878105164,1.8472537440540244,1.588204122652633,1.6752944763491904,1.659158706665039,1.7954732179641724,1.7845910787582397,1.7564547061920166,-1.7780767679214478,0.7326344847679138,1.9367868900299072
3,306,1.716,0.5961147546768188,2.231301102280058,2.116224836199221,1.92223156031341,1.6163641214370728,1.681101679801941,1.7736642360687256,2.124171257019043,-1.3254748582839966,1.8049635887145996,1.5246950387954712
3,310,1.729,0.6166427731513977,1.4272010631413672,1.248487196881894,1.1310558892487,1.2482786178588867,1.531644582748413,1.1400401592254639,1.5916470289230347,1.0215903520584106,1.3445713520050049,-1.629507064819336
3,311,1.731,0.41369181871414185,2.1513537991823006,2.3256316897335063,2.3304662109686154,1.834780216217041,1.8896830081939697,2.028208017349243,1.6667842864990234,-1.3576717376708984,1.046024203300476,1.7721399068832397
3,317,1.743,-0.17708954215049744,1.3587092317756904,1.5616227960306115,1.2442680232747634,1.0785925388336182,1.1401621103286743,1.182162880897522,1.228219747543335,-1.4106740951538086,0.926802933216095,1.4946997165679932
3,325,1.755,-1.15207040309906,2.9260771265031282,2.8490520737151717,2.655162566180105,3.122837543487549,2.7480721473693848,3.185011148452759,3.649019241333008,-1.8647998571395874,2.2457547187805176,1.896209478378296
3,331,1.778,1.3703978061676025,2.7266754279811325,2.4251463993874998,2.925190129348367,2.8411362171173096,1.9634168148040771,3.0295817852020264,2.2839083671569824,-1.5967779159545898,0.5766228437423706,1.9593210220336914
3,333,1.787,0.21558436751365662,1.4256520145065734,1.3555750648665288,1.652738090390939,1.8336859941482544,1.789438009262085,1.5018202066421509,1.563802719116211,-1.44119131565094,1.7836090326309204,1.5403621196746826
3,343,1.838,-3.1122350692749023,2.8462772312662934,2.6162356206691224,1.703120990878697,1.750135064125061,1.7249846458435059,1.9633833169937134,1.8068994283676147,1.1966594457626343,0.9555266499519348,-1.546743631362915
3,347,1.857,0.6760664582252502,1.737963627955321,1.4698605002030047,1.641877797762033,1.6802245378494263,1.4310996532440186,1.6941564083099365,1.403834581375122,-1.6121892929077148,0.9723313450813293,1.9038366079330444
3,348,1.858,-0.8075078129768372,2.1525489619233897,2.220434119545088,2.2637011061790666,2.144632339477539,1.9106323719024658,2.1239101886749268,2.0848801136016846,0.6664072871208191,1.451194405555725,-1.3354734182357788
3,358,1.88,0.37430238723754883,1.8970179279982753,2.0038302028178077,1.91287962465272,1.9819629192352295,1.8444839715957642,1.8431854248046875,1.7271796464920044,-1.6032391786575317,0.24986258149147034,1.4762910604476929
3,363,1.903,-1.110674500465393,1.709426793653978,1.548984619475398,1.496525753928554,1.3507905006408691,1.3250997066497803,1.6021127700805664,1.3310213088989258,0.9216540455818176,1.2065140008926392,-1.452673316001892
3,365,1.907,-1.1895262002944946,1.7852684138922985,1.3702859717443707,1.778598847597456,1.5802491903305054,1.9513776302337646,1.545837640762329,1.630673885345459,-1.505678415298462,1.1065998077392578,1.667595624923706
3,370,1.924,-2.9631004333496094,1.8119371221615639,1.8984140531059517,1.8214654006282203,1.8987675905227661,1.875169277191162,1.51285982131958,1.5259729623794556,-1.4241628646850586,0.21422509849071503,1.3686240911483765
3,398,2.023,0.4761519432067871,1.8028973627344878,1.3084300332995342,1.619364468044886,1.6246110200881958,2.0417399406433105,1.41463303565979,1.754905343055725,0.8423665761947632,1.469682216644287,-1.4850468635559082
3,399,2.023,-3.5811574459075928,1.3484243750985632,1.59590300321773,1.8711776269428664,1.4328747987747192,1.3305363655090332,0.585716962814331,1.0613234043121338,-1.2998799085617065,1.1721274852752686,1.5816423892974854
3,401,2.026,-1.9405364990234375,2.7244248118137855,2.6861021161993217,1.7911855363078604,2.0967185497283936,1.9289559125900269,2.390082359313965,2.36869215965271,1.138277292251587,1.2716953754425049,-1.721074104309082
3,403,2.039,-2.864915370941162,2.4017526309112114,2.5838906460240034,2.2830803970936486,2.2248928546905518,2.137911796569824,1.9949177503585815,1.894883632659912,1.0049036741256714,1.219683051109314,-1.6131086349487305
3,409,2.053,0.6626176238059998,2.23621632652948,2.103080045113472,1.9451456633603321,1.9297869205474854,1.9015427827835083,2.4304261207580566,2.2992396354675293,-1.4436057806015015,1.9040606021881104,1.66457998752594
3,416,2.064,0.0028271921910345554,1.8166032958070555,1.8437725256574087,1.7077341736341198,1.8205962181091309,1.8212249279022217,1.3710933923721313,1.614164113998413,-1.3824020624160767,1.706162929534912,2.123615264892578
3,432,2.109,-2.448552370071411,1.833430965590927,1.977843768559812,1.9139385831885996,1.6420209407806396,1.9871141910552979,1.7160239219665527,1.8964648246765137,-1.3673216104507446,1.7726306915283203,1.478116512298584
3,434,2.114,-0.09097243845462799,2.1622554993999454,2.1280256277546448,2.106789068722841,2.3079416751861572,2.204690933227539,2.2671761512756348,2.134136199951172,-1.7537188529968262,0.42888718843460083,1.5269311666488647
3,435,2.115,0.7233801484107971,2.192194871877656,2.172273863490016,1.2305620209203285,1.8016258478164673,2.1220929622650146,1.7237404584884644,1.6049833297729492,-1.7250736951828003,0.6029074192047119,1.7826048135757446
3,441,2.137,0.36977890133857727,3.0426196125927976,2.851777778178557,1.9652762855404888,2.226393461227417,2.0188567638397217,2.1276347637176514,2.14776873588562,-1.4074004888534546,0.2532733082771301,1.4565761089324951
3,450,2.156,3.3032164573669434,3.3629200531923855,3.8486729840543665,3.53337388959406,3.4134697914123535,2.768279552459717,2.919172525405884,2.3428902626037598,-0.873323917388916,1.2449464797973633,1.2410156726837158
3,453,2.166,-0.9188388586044312,1.9258699100728496,1.8409875201318837,1.8503698973294127,1.9938346147537231,1.9696558713912964,1.9282360076904297,2.266855478286743,-1.923676609992981,0.7691482901573181,1.7337051630020142
3,455,2.166,0.40994420647621155,2.024822342233404,1.9751783549320663,1.849011206527011,2.099942207336426,2.073378324508667,2.0574300289154053,2.00642728805542,-1.7582076787948608,0.3122169077396393,1.6078020334243774
3,464,2.203,-5.482534408569336,2.4389551942294925,2.4987029727589403,2.141834398849175,2.27530574798584,2.1798095703125,2.0185787677764893,2.2354276180267334,-1.4962339401245117,0.46095341444015503,1.5777677297592163
3,465,2.204,0.7934451103210449,2.0488785319654355,1.8798654437634708,2.3377727945239504,2.6405491828918457,2.3308959007263184,2.343005418777466,2.3902575969696045,-2.106145143508911,1.2007776498794556,2.269190788269043
3,468,2.212,4.656559944152832,1.708910029458635,1.8486914247175221,1.5220306873172813,1.9124220609664917,2.0439655780792236,2.0710654258728027,2.1105093955993652,-1.8295878171920776,0.6030891537666321,1.7968411445617676
3,478,2.23,-2.01161527633667,1.9384985067008604,2.0428579112502736,1.6427368174785637,1.9390921592712402,1.9142404794692993,1.6799589395523071,1.7486751079559326,-1.556422472000122,0.28175216913223267,1.4813578128814697
3,486,2.252,-0.4165160655975342,2.192838198433147,2.124177363117495,2.3377266121261453,2.365901231765747,2.543098211288452,2.229428291320801,2.18519926071167,-1.617620587348938,0.6199124455451965,1.5458712577819824
3,490,2.262,-0.8470886945724487,2.1552368653348357,1.9766068436615272,2.139549606958283,2.087916374206543,2.1184804439544678,2.155841588973999,2.1179678440093994,-1.659548282623291,0.6470577716827393,1.4531526565551758
3,499,2.297,0.053590063005685806,1.7178314665093126,1.8523675257333652,2.124527519766831,1.8863470554351807,2.0669150352478027,2.110015630722046,2.117337942123413,-1.8874797821044922,0.8434864282608032,1.9522751569747925
3,502,2.302,-3.8976099491119385,2.429789538613911,2.533204406989276,2.458012594418816,2.444622278213501,2.4578592777252197,2.5434932708740234,2.4277122020721436,-1.4512206315994263,0.716139018535614,1.4662535190582275
3,503,2.302,9.31777286529541,2.8727676085026066,2.474446315714394,2.8828296754473826,3.745995283126831,3.0311789512634277,2.6943793296813965,1.784798264503479,-1.256963849067688,0.7847452163696289,1.6364145278930664
3,509,2.321,-1.4746228456497192,2.5664741397217905,2.3250699074857692,2.4757031945596286,2.307690382003784,2.298452138900757,1.8413138389587402,1.7295218706130981,1.128659725189209,1.0900754928588867,-1.56422758102417
3,515,2.348,0.09041501581668854,2.131070345965417,2.2839173788574434,2.016488939954174,2.106837511062622,2.2085111141204834,2.084203004837036,2.1285974979400635,-1.5349997282028198,1.7108432054519653,1.4925222396850586
3,516,2.348,13.413064002990723,2.624919299545317,3.009898318123047,2.6340451654998582,3.0665698051452637,2.9906816482543945,2.6681487560272217,2.745377540588379,-1.8437210321426392,1.7449438571929932,1.9249646663665771
3,521,2.363,-0.03966328874230385,2.1864194533613635,2.2427879858181146,2.3564741495730446,2.286684274673462,2.3141331672668457,2.030916452407837,2.164813756942749,-1.520005464553833,0.5242074728012085,1.4670757055282593
3,522,2.363,2.926335334777832,1.9961572811932866,2.945332834194621,2.2955423056678814,2.2576606273651123,2.1987624168395996,2.1929688453674316,1.5163580179214478,-0.8578637838363647,0.7120046615600586,0.5361176133155823
3,523,2.363,0.562842071056366,2.1685756615807557,2.225001268190798,2.3476102254549653,2.2999022006988525,2.2744855880737305,2.3213860988616943,2.1080689430236816,-1.6900829076766968,0.23901112377643585,1.52335786819458
3,526,2.378,8.617238998413086,2.14445947602965,1.8074443970524219,1.681602863577099,1.489166498184204,1.3648145198822021,2.440397024154663,1.8498724699020386,0.40950652956962585,1.2024742364883423,-0.4742944836616516
3,527,2.397,-0.01237985398620367,2.281883332956397,2.2264893166160444,2.620701779770192,2.2000539302825928,2.292259454727173,1.8860857486724854,2.1175262928009033,-1.5157451629638672,1.6011388301849365,1.448343276977539
3,528,2.402,-0.3080442249774933,1.9153519490906528,1.196920655032067,1.6567361111023495,1.873079776763916,1.8340831995010376,1.784947156906128,2.1355104446411133,-2.0271174907684326,0.4836890697479248,1.8275306224822998
3,532,2.426,-0.03496706858277321,2.3325883815256003,2.462447366340256,2.621311983947563,2.817629814147949,2.8220608234405518,2.525667190551758,2.8077170848846436,0.9902458786964417,1.6952927112579346,-1.8403239250183105
3,533,2.428,6.337532043457031,2.0773001598696497,2.1119634655334063,2.4622971159248923,2.2016000747680664,2.2103207111358643,1.2083806991577148,1.689327597618103,-1.4839249849319458,1.1550911664962769,1.3744021654129028
3,535,2.434,-129.9553985595703,2.311928496061022,2.1636516524739586,2.233338301278428,2.435495615005493,2.3412532806396484,2.3831138610839844,2.2890191078186035,-1.7471586465835571,0.462785929441452,1.7970141172409058
3,547,2.458,0.4709053039550781,2.211162162097727,2.269271002144898,2.1374345173173204,2.0389764308929443,2.2172369956970215,2.062201499938965,2.1932849884033203,-1.7643300294876099,0.3306691646575928,1.5754985809326172
3,559,2.486,-0.29343366622924805,2.0382066116036173,3.0317453544188786,2.475717196977778,2.3100316524505615,2.4941329956054688,2.3631808757781982,1.7870914936065674,-0.9773074984550476,0.8985728025436401,0.583268940448761
3,570,2.535,-1.299562931060791,2.1767464501068075,2.3552218018699134,2.328602344846206,2.236415386199951,2.1543490886688232,2.090263605117798,2.4598214626312256,0.7056012749671936,1.4675830602645874,-1.4207677841186523
3,573,2.556,-2.4653244018554688,2.6744872599399834,2.7114954626580157,2.6091727177191415,2.667149066925049,2.7021801471710205,2.7232184410095215,2.4896347522735596,-1.3542379140853882,0.5919296145439148,1.3279110193252563
3,584,2.586,-1.6876639127731323,2.2739008837719448,2.037154174199094,2.267229963767744,2.3721213340759277,2.4143757820129395,2.1998443603515625,2.224834680557251,0.8586747050285339,1.5634218454360962,-1.6232622861862183
3,593,2.611,2.0322787761688232,3.034196112176435,3.0129417144777837,2.702951383750886,2.7933363914489746,2.494285821914673,2.7638015747070312,2.942042827606201,1.1271907091140747,1.3823778629302979,-1.8765058517456055
3,599,2.638,0.25645437836647034,3.6451799680782178,3.527316898881144,3.123346082154223,1.463815689086914,2.0284523963928223,2.4809062480926514,9.683148384094238,-5.265521049499512,3.767148494720459,5.177783966064453
3,600,2.647,1.8888252973556519,3.1047892631683527,2.8306128315828376,2.356242189267627,1.9956845045089722,1.9725666046142578,2.2979540824890137,2.647395610809326,0.9390479326248169,1.1132508516311646,-1.4745357036590576
3,622,2.722,-2.53013277053833,2.2405118882428128,2.114965258862641,2.503705195470757,2.361703395843506,2.4838218688964844,2.139594316482544,2.330204963684082,-1.8881983757019043,0.4361228942871094,1.6078884601593018
3,626,2.732,1.1724430322647095,2.634819794034295,2.604826956232537,2.5337048269995437,2.907353162765503,3.2256920337677,2.78833270072937,2.4302361011505127,-0.9275603890419006,1.071779489517212,0.6740599274635315
3,637,2.789,5.654958248138428,2.4845485024054272,2.722741098253394,2.7147657116873125,2.6252503395080566,2.737478494644165,2.9274659156799316,2.912132501602173,0.9708486795425415,1.5465528964996338,-1.771296739578247
3,642,2.821,9.5267972946167,2.431177401975023,2.477138069396257,2.4917871570122614,2.3786327838897705,2.5560295581817627,2.507321834564209,2.3480515480041504,1.0110454559326172,1.3813011646270752,-1.6471959352493286
3,644,2.829,2.394571304321289,2.6174658684034786,2.8921130326401876,2.881262926072749,2.4382359981536865,2.6696619987487793,2.4266560077667236,2.5470845699310303,1.0002222061157227,1.3634995222091675,-1.6001030206680298
3,652,2.835,0.48602908849716187,3.17369408946609,2.219095001834546,2.571376686073167,2.581284761428833,2.491997480392456,2.602029800415039,1.684582233428955,-1.480130910873413,0.5380736589431763,1.3084437847137451
3,665,2.893,-4.196167469024658,2.9401009405995855,3.203791392485882,3.024782255799787,2.968987464904785,2.992918014526367,2.6975717544555664,2.6995832920074463,0.9432454109191895,1.333510398864746,-1.5667283535003662
3,669,2.91,-1.5098280906677246,2.6548075809167724,2.4061175455385873,3.020539720358441,2.955972194671631,3.21934175491333,2.94205641746521,2.6379125118255615,-1.7636038064956665,0.6094276905059814,1.7068156003952026
3,675,2.928,-6.931664943695068,2.506878557716251,2.797552121496492,1.8732583849768512,1.930781364440918,1.9636684656143188,2.7771477699279785,2.8445661067962646,-1.9580098390579224,0.7111990451812744,2.138387441635132
3,679,2.957,2.1678407192230225,2.481010559645456,2.546730984767047,2.8390601464566494,2.770911455154419,2.8506381511688232,3.297661781311035,3.034330368041992,-2.285398006439209,0.6558696031570435,2.2795348167419434
3,684,2.976,0.1637355089187622,2.7459370161387024,2.7291677746950773,3.1193510586092943,2.88584566116333,2.9450957775115967,2.771069049835205,2.638947010040283,-1.4512746334075928,1.8603354692459106,1.4190737009048462
3,691,3.019,2.015810966491699,2.333842346382314,2.0462909555530673,1.9742929800616031,1.8948347568511963,1.9398589134216309,1.2816853523254395,1.7561432123184204,-1.236981987953186,1.184061050415039,1.495178461074829
3,695,3.051,1.287553310394287,2.506978113512652,2.4104365770377645,3.317568868788863,2.8326289653778076,2.8844821453094482,2.9127049446105957,3.4182913303375244,0.9123145341873169,1.8460297584533691,-1.8871433734893799
3,700,3.089,-0.20824268460273743,3.0969514521744035,3.3867927756368346,3.450360880377957,2.9967596530914307,3.1186654567718506,3.0363941192626953,2.882272481918335,-1.5834541320800781,1.8091797828674316,1.4230241775512695
3,702,3.097,-0.9047061800956726,3.0975067381553636,3.5682744914995004,2.696875872455659,1.6173787117004395,2.9034006595611572,3.0677249431610107,4.483554840087891,-2.499190330505371,2.228821277618408,1.3516857624053955
3,703,3.103,0.7861241102218628,2.793808082808546,2.8623697976517963,2.73299072705959,3.181873321533203,3.0895562171936035,3.3184640407562256,2.68896746635437,-1.0467289686203003,1.5073188543319702,0.6356509327888489
3,709,3.122,-4.382552623748779,2.769743658735108,2.531083291077804,3.051218775101564,2.9816391468048096,3.194891929626465,3.0316648483276367,2.838582992553711,-1.813948154449463,0.6675716042518616,1.8145029544830322
3,725,3.209,18.21585464477539,3.220814637923813,3.0258346705892336,2.870839675773093,3.196490526199341,3.1554934978485107,4.2415337562561035,3.410001516342163,-2.1659529209136963,0.43881237506866455,1.9591022729873657
3,726,3.21,-3.9868171215057373,3.0733580120677484,3.1192402162499624,3.7474766853364727,3.422572374343872,3.4493048191070557,3.1601922512054443,3.2597579956054688,0.8362085819244385,1.518036961555481,-1.7165467739105225
3,728,3.213,-3.394907236099243,2.8255402299082744,2.589132048566931,2.1113256603702446,1.8301832675933838,2.459476947784424,2.5988545417785645,3.4923207759857178,-1.9161053895950317,2.4118711948394775,2.244340419769287
3,732,3.259,0.9735181331634521,3.4483260230564983,3.5525272140416857,3.632518852580194,2.978508710861206,2.7727253437042236,2.6234138011932373,3.3835904598236084,1.0156737565994263,1.4876102209091187,-1.8236031532287598
3,734,3.272,-0.8075418472290039,3.0743911700937954,3.563946262068537,2.7817440696277,1.4460200071334839,2.8782992362976074,3.2437453269958496,4.065559387207031,-2.307678461074829,2.0119669437408447,1.3386335372924805
3,737,3.283,-0.8983724117279053,2.873919272633196,2.7096832242411595,2.8021255876380393,3.1805412769317627,3.183537721633911,3.1633687019348145,2.8993916511535645,0.49431055784225464,1.7339320182800293,-1.314929485321045
3,746,3.35,0.13445939123630524,3.4103561056460348,3.3581417345391498,3.4140466362007467,4.184519290924072,3.839324951171875,3.7491703033447266,2.6185247898101807,-0.21950894594192505,1.488940715789795,-0.4941730499267578
3,752,3.371,0.28399476408958435,2.3293044596511465,2.2653490143904573,3.2235916521108163,2.4416518211364746,2.476496696472168,2.0736618041992188,2.4828994274139404,-1.882412314414978,1.4331098794937134,1.6573481559753418
3,756,3.435,0.9806941747665405,3.456167220288828,3.4144928963156564,3.5996591983863753,3.512014150619507,3.3948111534118652,3.4111433029174805,3.24234676361084,-1.54123854637146,1.2906920909881592,0.8902617692947388
3,758,3.46,-4.74336051940918,3.328835951715553,3.6863501769353366,3.745941331316982,3.7806413173675537,3.4019627571105957,2.9324398040771484,2.9098966121673584,-1.0348163843154907,1.8150556087493896,1.2685621976852417
3,765,3.518,-0.3649339973926544,3.538566849709712,3.5401127390243645,3.6363274173231286,3.828460931777954,3.72627854347229,4.01853609085083,3.6600852012634277,0.251167356967926,1.6630316972732544,-1.255700945854187
3,769,3.528,-3.9177355766296387,3.480635101925853,4.0041521721468705,3.7529922431239426,2.7970731258392334,3.322239637374878,3.900914430618286,3.378232955932617,-1.591060996055603,1.8125150203704834,1.748008131980896
3,773,3.553,-3.004246711730957,3.287823469880882,3.1005597294269758,3.385444116340892,2.9839389324188232,3.125326633453369,3.490574836730957,3.706176280975342,-1.8427597284317017,2.0238418579101562,2.1611411571502686
3,779,3.604,3.9263010025024414,3.1035616530691525,3.665349040520445,2.582833396560053,2.997401475906372,3.193295955657959,3.273660898208618,3.8535914421081543,-2.4390528202056885,1.8543181419372559,2.1112585067749023
3,782,3.619,0.8667080998420715,3.301717623321122,3.4549612620519454,2.1656452730178843,1.0914702415466309,0.5203418731689453,1.6239731311798096,3.9077718257904053,-1.8243247270584106,0.9184980392456055,2.0178608894348145
3,783,3.625,-9.432035446166992,3.0844848764918833,3.4486978058418942,3.3160494734882398,3.305277109146118,3.5153214931488037,3.3011116981506348,3.4255285263061523,1.0249282121658325,1.5802979469299316,-1.7390753030776978
3,784,3.625,-4.0327653884887695,3.5922886868139114,3.743783236179723,3.6466294173929477,3.428528070449829,3.4409286975860596,3.545436143875122,3.5159692764282227,1.1049691438674927,1.3660355806350708,-1.7962958812713623
3,787,3.649,0.15404538810253143,3.185173057666645,3.6953724053291905,3.7541337877014205,3.780290126800537,3.684091329574585,3.52876877784729,3.1694817543029785,0.4349517524242401,1.781915545463562,-1.3620750904083252
3,796,3.719,0.30542445182800293,3.5812790121014033,3.933597548089981,3.7201212497910046,3.025585889816284,2.946261167526245,3.124640464782715,3.517427444458008,0.9505506157875061,1.4769452810287476,-1.7672404050827026
3,798,3.731,-4.147843360900879,2.8970274653679646,2.9880626404470787,2.8567619655079968,3.0322012901306152,3.2299177646636963,3.1661605834960938,4.061259746551514,-2.74481463432312,2.2823565006256104,2.36967134475708
3,799,3.74,0.7410128116607666,2.622636537482817,2.8435126157392325,2.4266221490291215,2.4703500270843506,2.7464065551757812,2.498847246170044,2.7332301139831543,-1.9231568574905396,1.444138526916504,1.8000446557998657
3,801,3.759,-10.442275047302246,3.212599678264031,3.563834177983493,3.324891315886516,3.0929479598999023,3.1570346355438232,3.11525559425354,3.2995314598083496,1.0508373975753784,1.3169314861297607,-1.721001386642456
3,811,3.833,0.2033817172050476,3.0907015061784757,2.7350293661030576,3.517095819637138,3.445723056793213,3.4999263286590576,4.479154109954834,3.6131300926208496,0.18505743145942688,2.183103322982788,-1.2371009588241577
3,814,3.864,-4.54793643951416,3.2829821547374185,3.0149910127536828,2.7597913986825393,3.1773481369018555,2.8724420070648193,2.416658639907837,3.0398504734039307,-0.7949045300483704,1.1330077648162842,0.9829738736152649
3,816,3.869,1.2985366582870483,4.015540479871979,4.0858459308891915,3.977522820479311,3.6033403873443604,3.468067169189453,3.3933181762695312,3.422379970550537,0.6160356998443604,1.121812343597412,-0.970754086971283
3,818,3.881,1.04056715965271,3.2557453823398834,3.4589802470313233,3.060545940346039,2.831441879272461,3.055957317352295,3.0540771484375,3.1664528846740723,-1.7572187185287476,1.4998947381973267,1.3103656768798828
3,823,3.947,-0.49609437584877014,3.550943080476335,3.8800741318345597,4.17144215516436,4.506905555725098,3.860814332962036,3.7541427612304688,3.4522340297698975,0.07333139330148697,1.4318517446517944,-0.5810872912406921
3,830,4.018,0.007455221377313137,4.457335759324011,4.595578657050578,4.783239312179859,4.387972354888916,4.2581634521484375,3.940910816192627,4.376881122589111,-1.6673054695129395,0.7915608286857605,1.6528534889221191
3,832,4.028,0.7811611294746399,3.133325849604098,2.4795730901586532,3.201688708150487,2.4916248321533203,2.6062166690826416,2.6472835540771484,2.0696356296539307,-1.6104719638824463,0.6518480777740479,1.2424570322036743
3,836,4.056,-2.1058735847473145,3.9812441046153926,4.166092033047425,4.703457081929926,4.8988752365112305,4.904767990112305,5.291007995605469,5.097138404846191,0.789165198802948,2.1077520847320557,-2.041198253631592
3,837,4.057,1.6365866661071777,3.5452519702031533,3.3204845373943925,3.687460928787047,3.7591867446899414,3.479241371154785,3.3711180686950684,3.390868663787842,0.4494982063770294,1.4865339994430542,-1.1977285146713257
3,839,4.074,-18.487939834594727,3.4400429071504943,3.8155032209009314,3.7277416536368406,3.853724718093872,3.9418246746063232,4.074261665344238,4.0149383544921875,1.1617431640625,1.5686750411987305,-2.03075909614563
3,840,4.083,-1.1645832061767578,4.31079721558723,4.330910872284507,4.789796154249473,4.48642635345459,4.3431501388549805,4.3723883628845215,4.307051658630371,0.7080252766609192,1.32763671875,-1.4373295307159424
3,851,4.219,0.21732592582702637,4.021902441705413,3.727336357406089,3.841146329922642,4.073568344116211,3.973703622817993,3.890212297439575,3.338285446166992,0.6031158566474915,1.496451497077942,-1.4847427606582642
3,855,4.28,0.6551733613014221,3.377563706478705,3.3343638758232923,2.9654002728818707,3.674913167953491,3.459355592727661,3.8362317085266113,4.624928951263428,-2.7449209690093994,2.2500884532928467,2.0579957962036133
3,869,4.549,-0.4132597744464874,4.346450487382985,4.422704357136094,5.067139852697576,5.499205112457275,5.373395919799805,5.7552924156188965,4.892856597900391,-0.5786934494972229,1.7251088619232178,-0.4900696277618408
3,871,4.6,-0.06509735435247421,4.198383428298957,4.193633259349028,4.087255247110068,4.609593391418457,4.158846378326416,4.421755790710449,3.8784148693084717,1.0280007123947144,0.9825748205184937,-1.4653220176696777
3,873,4.607,-1.0329676866531372,4.634710802096051,4.02616216812427,4.779114773742736,3.7137584686279297,3.6051809787750244,4.147251129150391,4.272683143615723,-2.18264102935791,1.2330901622772217,2.2112181186676025
3,875,4.652,-0.06101064011454582,4.37773152801949,3.9485687706632073,4.8106194932059445,3.8523316383361816,3.8435826301574707,3.755859851837158,3.4712252616882324,-2.0644190311431885,0.8893094062805176,1.9588476419448853
3,876,4.675,2.6143815517425537,3.8047289832528235,3.9777993746249343,3.8705936016265934,4.422178268432617,3.88564133644104,3.3766252994537354,3.8810203075408936,1.0027086734771729,1.2521909475326538,-1.8554461002349854
3,891,4.853,1.4768688678741455,3.742377411143205,4.548370139783734,4.301899407479302,4.475701808929443,4.439061164855957,4.138454437255859,4.220150947570801,0.25557956099510193,1.566851019859314,-0.8483679890632629
3,892,4.857,-0.5185590386390686,4.671811826802828,4.674247527356142,4.50695201713585,4.402409553527832,4.237878799438477,4.511253356933594,4.304061412811279,0.4387645125389099,1.2905397415161133,-0.9386133551597595
3,899,4.992,1.6398569345474243,3.8356069108350797,3.8610922433772297,4.31382166343924,4.4099440574646,4.436975479125977,4.138503551483154,4.1555705070495605,0.5251866579055786,1.769260287284851,-1.6531097888946533
3,900,4.995,7.204305648803711,4.699409290126537,4.695432811264686,4.154382429901032,4.03541374206543,3.905611276626587,3.825347423553467,4.500253200531006,-1.1756633520126343,1.7008769512176514,0.5250781178474426
3,903,5.087,-4.384554386138916,4.531391415575167,4.700813309451456,4.862543094258035,4.9639081954956055,4.7946062088012695,4.961792945861816,5.165257453918457,0.8665505051612854,1.9464694261550903,-2.0898942947387695
3,917,5.286,3.0087430477142334,5.389601804954305,5.363867614954817,5.462123547805609,5.501862525939941,5.485196113586426,5.7800493240356445,5.6335673332214355,1.2991350889205933,1.4874799251556396,-2.1827454566955566
3,919,5.324,4.478145122528076,5.0544301931216875,5.1546948382422055,5.418310974282026,5.25694465637207,5.2622270584106445,6.0687713623046875,5.744382858276367,1.0060497522354126,1.5602985620498657,-1.9781038761138916
3,924,5.361,0.35669612884521484,3.7894181975246997,5.109093668498583,4.222586405670082,3.4418551921844482,3.623682975769043,4.702183246612549,5.498403549194336,-2.5808608531951904,2.751035213470459,2.376258373260498
3,925,5.379,0.8368069529533386,5.229163736846483,4.959920103711769,5.039072767704362,5.115665435791016,5.0009002685546875,5.378523349761963,5.312963485717773,0.41429972648620605,1.7890784740447998,-1.1083945035934448
3,926,5.384,-6.215968132019043,4.34840183968383,5.2987657076024535,5.336174522209216,5.238609313964844,5.1375885009765625,4.913782119750977,5.344405651092529,0.7299807071685791,1.651232361793518,-1.8077737092971802
3,940,5.76,12.007107734680176,4.899807320041069,5.639533660895715,4.532412202854911,4.795816898345947,4.73915958404541,4.778085708618164,5.0737152099609375,-1.6409608125686646,1.7479925155639648,1.003140926361084
3,941,5.77,0.11525291949510574,5.168570312169314,5.285686259840273,5.858871917054536,5.1682233810424805,4.862375259399414,5.219457626342773,4.929756164550781,0.6447977423667908,1.2713106870651245,-1.3384212255477905
3,947,5.856,-0.1856299638748169,5.5345330952380944,5.244946219123625,5.656136719079656,5.757105827331543,5.794605255126953,6.049668312072754,6.1341776847839355,0.7112707495689392,1.969923734664917,-1.717376470565796
3,950,5.932,-3.948443651199341,4.934868621091874,5.654778849859628,5.762260918742545,6.349146366119385,5.925750732421875,6.951495170593262,7.060534477233887,0.8434302806854248,2.693209409713745,-2.365042209625244
3,951,5.938,0.903853178024292,5.516200394660892,5.888632701993209,5.821959851881847,5.693820476531982,5.705539703369141,5.868949890136719,5.7979326248168945,1.1659061908721924,1.6260658502578735,-2.100646495819092
3,959,6.07,-0.8682495355606079,5.983728598244352,6.397831056506082,6.774705367335427,6.309799671173096,6.339128494262695,6.626801013946533,6.542543411254883,1.5654126405715942,1.567840814590454,-2.49234938621521
3,964,6.176,-1.360896348953247,6.078395268398271,6.44214238231659,6.701314795383553,6.310880184173584,6.592646598815918,7.065097332000732,6.98347282409668,1.5233503580093384,1.6892565488815308,-2.5292820930480957
3,968,6.301,-1.051207184791565,5.854830951418953,5.809006974319527,6.057209102395959,6.249467849731445,6.113703727722168,6.352065086364746,5.853780746459961,1.2085682153701782,1.4692602157592773,-2.303323984146118
3,972,6.767,0.16500963270664215,5.186621969622967,6.5983194029581425,7.0213978813043125,5.953738689422607,5.889493942260742,5.206173419952393,4.392190933227539,-1.4603712558746338,1.3929435014724731,1.210909366607666
3,974,6.8,1.0255215167999268,5.8805577687590205,6.762934639450096,6.452499526943263,6.2170610427856445,6.25712776184082,6.3220415115356445,6.094491004943848,1.5061876773834229,1.5524741411209106,-2.5526301860809326
3,980,7.451,3.76311993598938,6.410330463009214,6.817760287857856,8.22685677701077,8.166794776916504,8.021468162536621,9.608898162841797,10.038105010986328,0.5243204832077026,3.527369976043701,-2.474642515182495
3,984,8.005,0.21524998545646667,4.514203316618566,6.220677181461252,6.434336409993166,5.907660007476807,5.371735572814941,6.382004737854004,5.935458183288574,0.09628915041685104,2.2942934036254883,-1.5344932079315186
4,5,0.029,0.2764213979244232,0.7129366666666667,0.5104547884461181,-1.014085854723299,0.057816118001937866,-0.07448695600032806,-0.8333172798156738,-0.17544567584991455,-0.6857696771621704,0.9476448893547058,0.58952796459198
4,17,0.138,0.7969906330108643,1.0547433333333336,0.4256352341806598,0.30674109600586785,0.6867375373840332,0.8019484281539917,0.7028080224990845,-0.3056025505065918,-0.5656534433364868,0.3051638603210449,0.6479938626289368
4,23,0.228,-2.6749775409698486,0.37129666666666744,0.4948927086258329,0.5643578753822736,0.06467187404632568,0.13099326193332672,-0.013350844383239746,-0.1345757246017456,-1.1106536388397217,1.174517035484314,0.4959987998008728
4,27,0.331,-1.1847617626190186,0.5873599999999995,0.9803489154851345,0.6254105405313384,0.6190797090530396,0.5335770845413208,0.5792081356048584,0.49672913551330566,-1.3185341358184814,0.939842939376831,0.7409046292304993
4,41,0.45,-3.3332595825195312,0.9553599999999997,0.7409506078558105,0.6553372533720951,0.5515457391738892,0.26400500535964966,0.14971184730529785,0.07782280445098877,-0.850825309753418,0.6832317113876343,0.5646048188209534
4,42,0.458,1.9146575927734375,0.8810400000000008,0.5872640983113637,0.26127453810083434,0.26237237453460693,0.5903741121292114,0.0712442398071289,0.5197101831436157,-1.2046380043029785,1.3548444509506226,0.9537646770477295
4,47,0.545,-1.0487878322601318,0.8139233333333321,0.9903519354287416,0.806647355505417,0.38034307956695557,0.2582501173019409,0.014618992805480957,0.3535343408584595,-1.1062426567077637,1.1997214555740356,0.6280413269996643
4,50,0.598,-3.3354315757751465,0.802893333333332,1.0012715987207355,1.2635320619785766,0.6181495785713196,0.6982041597366333,0.2733556032180786,0.4534635543823242,-0.9762402176856995,0.7386816740036011,0.7073274850845337
4,51,0.598,1.3836615085601807,0.8844266666666664,0.34853942913766767,0.8514237150695481,0.5465287566184998,0.7086055278778076,0.3469301462173462,-0.1726001501083374,-0.7552520036697388,0.4640341103076935,0.6581124663352966
4,53,0.609,-4.709595203399658,0.9565899999999999,0.9535609945402983,1.205002129435865,0.9897693395614624,0.8029229640960693,0.7094053030014038,0.8825528621673584,-1.3370158672332764,1.318942666053772,1.0667340755462646
4,55,0.618,-1.6454452276229858,0.8489666666666666,0.48155452340871996,0.7952934637967664,0.5259779691696167,0.48116186261177063,0.28962016105651855,0.3676074743270874,-0.8741903901100159,1.4168946743011475,0.6337733268737793
4,62,0.677,-7.494929790496826,0.9867799999999992,0.9870907010145219,0.6412097192177582,0.07851162552833557,0.18425005674362183,0.9101619720458984,0.17999267578125,-1.0336291790008545,0.5397167205810547,0.729597806930542
4,65,0.69,-1.9871654510498047,0.7151400000000003,0.5927284410547817,0.8635237805653686,0.5872159004211426,0.49899640679359436,0.5760769844055176,0.572334885597229,-1.1967480182647705,1.4211461544036865,1.0354605913162231
4,75,0.722,-1.537847638130188,0.6725266666666663,0.49538084243256214,0.6688787643380119,0.6554703712463379,0.665668249130249,0.9621196985244751,-0.006431221961975098,-1.063237190246582,0.9998261332511902,0.8598970174789429
4,77,0.735,0.06841978430747986,1.5859933333333347,0.8794071928610794,0.2509163950759845,1.1885066032409668,0.9563421010971069,0.2999672293663025,0.705788254737854,-0.8801307678222656,1.6433398723602295,0.7870339751243591
4,80,0.766,-2.0323562622070312,0.736616666666669,0.7917196086275405,0.986441686004448,0.7213501930236816,0.637395977973938,0.7608766555786133,0.7606774568557739,-1.180922031402588,1.4655342102050781,1.0159398317337036
4,81,0.793,-1.973074197769165,0.6922166666666666,0.7310065902595514,0.7916214849778864,0.7286553382873535,0.7441762685775757,1.0536936521530151,0.20315492153167725,-1.0647234916687012,1.0698763132095337,0.900483250617981
4,82,0.801,-17.66728973388672,1.6200499999999993,1.2815834049123243,1.1557473623457017,0.531398594379425,0.7660537958145142,2.6691102981567383,-0.48847293853759766,-0.39612653851509094,0.2066824585199356,0.18987345695495605
4,98,0.899,0.5847476124763489,1.085643333333335,0.8458218952032313,1.0833860940579108,0.7383556365966797,0.865715742111206,1.2804971933364868,0.4528384208679199,-0.8989449143409729,1.039530634880066,0.6588924527168274
4,99,0.914,-4.8336639404296875,1.6595766666666703,1.6688896302537866,1.362150944208639,1.6667020320892334,1.7600114345550537,2.262935161590576,1.6023898124694824,-1.0584590435028076,1.054443597793579,1.1953151226043701
4,105,0.958,-0.8343847393989563,1.4275900000000021,1.2821726862971106,1.4239867380838005,1.3049015998840332,1.281064748764038,0.7113569378852844,0.8426380753517151,-0.8542999029159546,0.8565669655799866,0.8172842264175415
4,108,0.973,0.6331604719161987,0.720140000000001,0.5192324768997899,0.6612213131983227,0.6400434970855713,0.8696253299713135,0.7749835252761841,0.8085179328918457,-1.2792737483978271,2.204575538635254,0.8912667632102966
4,111,0.986,-25.889680862426758,2.4021433333333317,2.601017493452372,1.3919281606326823,0.8926583528518677,1.049689769744873,0.8166812062263489,1.1679176092147827,-0.7422197461128235,0.48951956629753113,0.8987482786178589
4,114,0.997,1.516018033027649,2.0554966666666656,1.5364923491860911,1.740152399190011,0.669977068901062,1.1221575736999512,0.6882755756378174,0.31846868991851807,-0.24345186352729797,0.2890230715274811,0.5196872353553772
4,116,0.998,1.9912385940551758,1.3029566666666699,1.6574887020801727,1.1390944245395453,0.8132873773574829,0.725740909576416,1.2918802499771118,0.692307710647583,-0.6255919337272644,0.8621690273284912,0.6226643919944763
4,124,1.029,0.6349376440048218,0.8835800000000016,0.764298695900216,0.5614779147852014,0.7161463499069214,0.8929945230484009,0.9399425983428955,1.0463972091674805,-1.2210361957550049,1.4578723907470703,1.00955069065094
4,125,1.03,-0.10477297753095627,1.1286966666666667,1.0587237289851281,1.1726293025840273,1.0106006860733032,0.8038268089294434,0.29944920539855957,-0.05751955509185791,-0.400677889585495,0.6689133644104004,0.4433293342590332
4,127,1.031,-1.5632671117782593,1.3337399999999981,1.251764505041795,1.2783442171187454,1.0198588371276855,1.0834813117980957,0.8326476812362671,0.7191468477249146,-0.6649686098098755,0.8714607357978821,0.6430494785308838
4,131,1.067,0.5318527221679688,1.3156133333333309,1.4569328659319793,1.4270279121205953,1.102012276649475,0.9957526922225952,0.948434591293335,0.8728460073471069,-1.0651757717132568,0.897365152835846,1.2601717710494995
4,138,1.103,1.179202675819397,1.2733866666666678,0.5886311161647657,1.5874135534396627,1.1476792097091675,1.4150886535644531,0.8758219480514526,0.011917829513549805,-0.6568299531936646,0.6153817176818848,0.8336238265037537
4,147,1.138,-0.010786209255456924,1.4640366666666655,1.6076795944484807,1.3573175470268333,1.2264573574066162,1.2607498168945312,0.8926810026168823,1.1040141582489014,-1.0205128192901611,0.8460267782211304,0.9883369207382202
4,148,1.144,-5.114729404449463,1.9547333333333294,1.7886048365560039,1.7643520158149304,1.3077882528305054,1.2049394845962524,2.7168526649475098,1.2632801532745361,-0.7729749083518982,0.9320247173309326,0.758405864238739
4,150,1.147,1.7849030494689941,1.8523099999999988,2.1802400632267678,2.281310430230343,1.660775899887085,1.623988151550293,1.1495952606201172,1.1267600059509277,-0.4723663926124573,0.6576025485992432,0.5671457648277283
4,151,1.15,2.4136011600494385,1.2033433333333368,1.1464952781492157,1.335302050066979,1.1895205974578857,1.5500470399856567,1.6240532398223877,1.3971861600875854,-1.1713507175445557,1.3240290880203247,1.268543004989624
4,162,1.184,-0.1039048358798027,1.225666666666667,1.4663026744177554,1.5646995195161875,1.965526819229126,1.140746831893921,0.519598126411438,1.568803310394287,-2.0140905380249023,1.7750182151794434,1.1648612022399902
4,165,1.195,-0.5131081938743591,1.1659766666666687,1.200015216730022,0.849806506101122,0.9536478519439697,0.8429993391036987,1.106710433959961,1.010119080543518,-1.0338959693908691,1.439045786857605,0.951463520526886
4,180,1.256,-6.027248382568359,1.6024499999999995,1.5950626839253654,1.306324631090428,1.1769764423370361,1.1274828910827637,0.8958848118782043,0.9795895218849182,-0.9935676455497742,0.768528163433075,0.8048615455627441
4,182,1.275,-0.2687426209449768,2.1296966666666646,1.9754630886653215,1.779432868411515,1.3235766887664795,1.250467300415039,2.125990152359009,1.5522712469100952,-1.200202226638794,1.703573226928711,1.0321632623672485
4,183,1.279,-0.8885270357131958,1.1298633333333352,1.0316601724530543,0.8002345641838184,1.0056425333023071,1.0528305768966675,1.216135025024414,0.9963821172714233,-1.2554149627685547,0.796268880367279,1.3533295392990112
4,186,1.286,-0.5078958868980408,2.8800666666666657,2.902527417858561,2.849841215510317,1.9117217063903809,2.147247791290283,1.7113224267959595,2.225184440612793,-1.2488799095153809,0.7705765962600708,1.3119720220565796
4,189,1.303,1.084594964981079,1.663693333333333,1.5364220536714122,2.004610484715279,1.7787686586380005,1.9683693647384644,1.4612460136413574,0.804714560508728,-1.2057409286499023,1.5359386205673218,0.8231512904167175
4,191,1.311,0.8910963535308838,1.691103333333335,1.3850285979033905,1.1134451096585098,0.979570746421814,1.3852665424346924,0.97608882188797,0.9035837054252625,-0.8594492077827454,0.8887940645217896,0.911085844039917
4,203,1.341,-1.2471040487289429,1.6218833333333338,1.511453271979719,1.5679520286430457,1.6125160455703735,1.487256407737732,1.514957070350647,1.5292716026306152,-1.2513511180877686,1.3187931776046753,1.1123757362365723
4,212,1.379,0.6026036739349365,1.799413333333332,1.924340089822793,1.0343934518357454,0.7581205368041992,0.9344018697738647,0.5442941188812256,0.8089058995246887,-0.8318397998809814,0.8675385117530823,0.6390109658241272
4,213,1.381,-0.038392916321754456,2.597183333333335,2.5552217233939003,2.239313561094919,2.3645737171173096,2.0473287105560303,2.013413190841675,2.1652278900146484,-0.7908036708831787,0.8950023651123047,1.1505229473114014
4,214,1.387,1.1419081687927246,1.4693000000000023,1.066959008902249,1.1969926145179244,1.5326018333435059,1.3261356353759766,1.6438648700714111,1.4652291536331177,-1.8054163455963135,1.5857033729553223,1.3769317865371704
4,216,1.39,-1.6990540027618408,1.6713133333333374,1.477346371862806,1.1519551852203467,1.139579176902771,1.0809636116027832,1.469175100326538,1.259326696395874,-0.9277240633964539,1.0295673608779907,0.863227128982544
4,218,1.391,-0.3164370059967041,1.5300733333333332,1.597644617457568,1.4110944446509461,1.3808497190475464,1.3388150930404663,1.0807688236236572,1.4595606327056885,-0.9153841137886047,0.8831732273101807,1.1406879425048828
4,222,1.413,2.029378652572632,1.5380266666666698,1.9111070872643139,2.0238464833184016,1.4442638158798218,1.831788420677185,1.5932281017303467,1.2500770092010498,-0.7012603282928467,1.2630959749221802,0.6726067066192627
4,224,1.419,-0.9847241044044495,1.7134766666666683,1.6051486340447345,1.1275977696003294,1.2398920059204102,1.254043698310852,1.3280611038208008,1.5578138828277588,-1.245556354522705,1.5066698789596558,0.706522524356842
4,227,1.432,-0.23113864660263062,1.0615200000000002,1.1663505217452472,0.9872527956499795,1.4578896760940552,1.5380359888076782,1.4712506532669067,0.8840831518173218,-1.2460498809814453,0.7422971129417419,1.1017768383026123
4,231,1.442,0.08048004657030106,1.6307500000000028,1.6201954166437005,1.6129460054432907,1.6962149143218994,1.5457593202590942,1.639941930770874,1.5087361335754395,-1.310692548751831,1.3125345706939697,1.1128073930740356
4,233,1.454,-1.2716137170791626,1.7903566666666673,2.152972684764201,1.8955804432409384,1.3822238445281982,1.325944423675537,1.3544831275939941,1.2376980781555176,-0.8575567603111267,0.7592427134513855,0.7805402874946594
4,234,1.472,0.0664333924651146,1.7976933333333318,2.155543184858209,2.1163187855614507,1.572571873664856,2.1126043796539307,1.8253296613693237,1.7492709159851074,-1.1416053771972656,1.1468970775604248,1.0517207384109497
4,237,1.483,0.58769291639328,1.4103,1.1055023487712994,1.4247923474307616,1.0364536046981812,1.4871264696121216,0.7439098358154297,0.7006089687347412,-0.8140588998794556,0.8841192126274109,0.9408285617828369
4,246,1.503,-0.904341459274292,1.6782600000000023,1.6562964831832623,1.5810649560415921,1.69162917137146,1.6080188751220703,1.4884027242660522,1.7105166912078857,-1.2941226959228516,1.4439536333084106,1.2143481969833374
4,251,1.528,-1.477989912033081,1.7138966666666673,2.068568954992578,1.7736296978909292,1.2568762302398682,1.269707202911377,1.257731318473816,1.2254875898361206,-0.9265751242637634,0.7899307012557983,0.7603966593742371
4,260,1.557,0.7219196557998657,1.77314,1.4963054079530826,1.0011355252377543,1.092855453491211,1.6434084177017212,1.4931654930114746,1.1538646221160889,-1.0843679904937744,1.2908189296722412,0.9973266124725342
4,261,1.558,0.2236519455909729,2.201679999999998,2.1671913985325304,1.5752674421651225,1.3612593412399292,1.4732784032821655,1.6190648078918457,1.6523759365081787,-0.7151973247528076,0.6380230784416199,1.0462568998336792
4,264,1.564,6.467120170593262,2.010213333333333,1.7905475911820536,1.4671926523545973,1.799586296081543,1.6824333667755127,1.4768643379211426,1.365628957748413,-1.0864999294281006,1.6567925214767456,0.8517536520957947
4,267,1.583,1.1574921607971191,1.240866666666668,0.7403345792226524,0.71842854954033,1.02435302734375,0.6951011419296265,0.7876152992248535,0.4157731533050537,-1.1141636371612549,0.8854057788848877,0.9334867596626282
4,277,1.617,-1.755643606185913,1.9746599999999996,2.1125428994124724,1.5759217169921556,1.8716628551483154,1.6216974258422852,2.8272640705108643,2.123333215713501,-0.9491548538208008,0.9680218696594238,1.0625234842300415
4,284,1.636,-3.018812656402588,1.5143933333333341,1.4066052376833877,1.508209253992474,1.757726788520813,1.7797856330871582,1.5350341796875,1.7509229183197021,-1.093024492263794,1.2128305435180664,1.2054568529129028
4,286,1.637,2.451774835586548,1.6922733333333329,1.742701458714605,1.4563318876904132,1.216194987297058,1.340696096420288,1.1339694261550903,1.2589421272277832,-0.5857800841331482,1.221410870552063,0.8116007447242737
4,290,1.658,-1.2876842021942139,1.8650699999999958,1.7764931320321966,1.9147889853466742,1.620944857597351,1.72019362449646,1.223107933998108,1.5777314901351929,-0.9546085000038147,1.2832753658294678,1.120310664176941
4,293,1.67,4.363698959350586,2.003849999999997,1.8093961426207479,2.0761933595032054,1.9098834991455078,2.063385009765625,2.4585747718811035,2.2466673851013184,-1.232140064239502,1.2567930221557617,1.2952210903167725
4,294,1.671,0.5089914798736572,1.551443333333339,1.3808291429957802,1.5660283138166378,1.6695634126663208,1.8170042037963867,2.190481662750244,1.412978172302246,-1.2945494651794434,0.9606300592422485,1.4004559516906738
4,297,1.678,0.18274490535259247,2.1340000000000017,2.183698424971805,1.9507101380839016,0.8692981004714966,1.0607291460037231,2.0480270385742188,0.668900728225708,-0.5673306584358215,0.5947287678718567,0.5822572112083435
4,300,1.7,0.3031351566314697,1.8003299999999975,1.615333549931965,1.8222064366991098,1.518991231918335,1.8507187366485596,2.0832631587982178,1.3315269947052002,-0.8296011090278625,0.8204970359802246,0.983771800994873
4,303,1.703,-0.08300066739320755,1.3701399999999988,1.344558215264329,1.8305724186962813,1.1356788873672485,1.3497638702392578,1.4652899503707886,1.2414610385894775,-1.0533108711242676,1.010964274406433,1.1831005811691284
4,304,1.703,30.26677131652832,1.899190000000001,1.9536814560323774,2.021667171861884,2.4707729816436768,2.6373867988586426,2.6202144622802734,2.487025499343872,-1.2827439308166504,1.286503791809082,1.4197486639022827
4,305,1.715,-1.1217010021209717,1.4287133333333295,1.6825631351998096,1.743770231556669,1.629858136177063,1.5752308368682861,1.5041013956069946,1.6606817245483398,-1.0410473346710205,1.9913580417633057,0.9375126957893372
4,312,1.731,-0.359133780002594,1.9504533333333347,1.9379316435155143,1.8038247673572005,1.8067097663879395,1.77799391746521,1.4686017036437988,1.6364142894744873,-0.8388855457305908,0.7473536729812622,1.0678867101669312
4,316,1.742,-0.006824338808655739,1.8345333333333322,1.6898644042553745,2.0737458144056746,1.973602533340454,2.476630687713623,2.195948839187622,1.7454572916030884,-1.2260072231292725,1.0431276559829712,1.3273643255233765
4,326,1.771,-1.9893429279327393,2.785543333333335,2.7127741349233516,3.5417556943123176,2.926145076751709,3.1709353923797607,3.176767110824585,3.499993085861206,-1.2221767902374268,1.241152286529541,1.7560123205184937
4,330,1.778,-2.0945582389831543,2.0207599999999974,2.148952966972139,1.6803572661556023,1.5912220478057861,1.4519895315170288,1.308962106704712,1.3186790943145752,-0.6735445857048035,0.6828358173370361,1.067718744277954
4,336,1.818,-0.24928607046604156,2.0968400000000003,2.1422253358365895,2.2639895474724203,2.321164131164551,2.1616106033325195,2.1151137351989746,2.1219208240509033,-0.9953951239585876,1.156244158744812,1.279445767402649
4,350,1.86,-4.937168598175049,1.6612299999999984,1.5744868538678045,1.4713133146820363,1.596072793006897,1.5722304582595825,1.5283331871032715,1.637187123298645,-1.409271001815796,1.201114296913147,1.2340831756591797
4,352,1.865,-2.8946831226348877,1.622706666666668,1.1916950170788376,0.8689998272951049,1.0695396661758423,0.8545864820480347,1.4276823997497559,1.071241021156311,-1.419722080230713,2.057541847229004,0.857948899269104
4,354,1.871,-2.8799641132354736,1.6404466666666682,1.6080904232081352,1.5837485229689605,1.8874627351760864,1.798349380493164,1.485479474067688,1.821044921875,-1.0178126096725464,1.0684572458267212,1.2808516025543213
4,360,1.887,-1.7096543312072754,2.164923333333334,1.870001092985785,2.0585979203161173,1.869018793106079,1.8920814990997314,1.96726393699646,1.9708576202392578,-0.9525100588798523,0.9591645002365112,1.2244877815246582
4,366,1.909,-0.36803027987480164,1.8104966666666693,1.3289492962477523,2.063571002701815,2.153613567352295,2.1313345432281494,1.0341038703918457,0.9956216216087341,-0.9548900723457336,0.7120023965835571,0.9701635241508484
4,377,1.961,0.3980029821395874,2.0496833333333333,2.3878814461015043,2.0179677525511064,1.7398076057434082,1.5433605909347534,1.5836026668548584,1.7506763935089111,-1.1573283672332764,0.8503901958465576,1.0894551277160645
4,378,1.962,0.519317626953125,1.888336666666665,1.4926534764028871,2.116505509046619,1.812654972076416,1.7783726453781128,1.6523661613464355,1.5203161239624023,-1.027770757675171,1.6530814170837402,0.5508972406387329
4,380,1.963,-167.19805908203125,1.9852333333333312,1.8770431963735965,1.9130324533556782,1.9264800548553467,1.9536046981811523,1.8175197839736938,1.9285449981689453,-1.1857588291168213,1.1436716318130493,1.0902012586593628
4,384,1.987,1.1438430547714233,1.9282133333333342,1.6979595500354303,2.220576581967719,1.9812853336334229,2.040050983428955,1.8018205165863037,1.942087173461914,-1.1822943687438965,1.1135987043380737,1.3427295684814453
4,386,1.991,-3.199261426925659,1.6842766666666664,1.722899206738413,1.3725406331859684,1.8277908563613892,1.7855209112167358,1.714714765548706,2.000093460083008,-1.6189630031585693,1.267988920211792,1.36769700050354
4,389,2.003,-1.1859326362609863,2.14929,2.193231445032056,2.287506793864583,1.9826897382736206,2.0260658264160156,1.7670183181762695,1.7555855512619019,-0.776923418045044,0.6299945712089539,0.9836040139198303
4,405,2.045,0.10013604909181595,2.1350900000000035,2.2583403082307236,1.957554501257171,2.1896891593933105,2.0727715492248535,2.0646862983703613,2.382641077041626,-1.0669257640838623,0.9398768544197083,1.6732066869735718
4,414,2.061,0.19705526530742645,1.8547499999999983,1.69115625134939,1.9361966408200795,2.189784526824951,2.035698890686035,2.262162685394287,2.1030592918395996,-1.7240943908691406,1.831497311592102,1.2108646631240845
4,421,2.083,-5.550581455230713,2.35113,2.501420363870713,2.5587379451087693,2.3200278282165527,2.226090431213379,1.7359312772750854,2.2785909175872803,-1.1703219413757324,0.9637681841850281,1.3617233037948608
4,428,2.102,-0.017467264086008072,2.5135999999999994,2.2903536983499175,2.035354970409851,2.1557624340057373,2.2960476875305176,1.9433344602584839,2.153268814086914,-0.9975687861442566,1.321395993232727,1.194911241531372
4,429,2.102,-0.0163086149841547,2.5475799999999986,2.298828514462511,2.322501581750018,2.1329939365386963,2.248938798904419,1.9415963888168335,2.2642922401428223,-1.0629631280899048,1.3137472867965698,1.2581214904785156
4,433,2.113,0.6207090616226196,2.0184099999999994,1.8338157989554813,2.0622313779574104,2.0540831089019775,1.9659026861190796,1.9707735776901245,2.1387267112731934,-1.4947612285614014,1.2498136758804321,1.4805545806884766
4,438,2.122,0.7752307057380676,1.8210100000000016,1.6436104964017775,1.9207432933558128,1.948807716369629,1.6153839826583862,2.2853639125823975,1.3110240697860718,-1.186767816543579,1.6514601707458496,0.8777399063110352
4,439,2.127,0.8061043620109558,1.6941866666666707,1.1372671406092234,2.1081950137937606,1.594504475593567,1.7459698915481567,2.051717758178711,1.8717243671417236,-1.7681212425231934,1.6558326482772827,1.4860042333602905
4,440,2.135,0.8827372789382935,1.9864700000000004,1.8110889914464445,2.1038525936369066,1.9964386224746704,2.0605568885803223,2.1451210975646973,1.993772268295288,-1.4847829341888428,1.129560947418213,1.3509308099746704
4,447,2.153,-8.237946510314941,2.2198099999999994,2.403909985450624,2.286654847443595,2.1799144744873047,2.231509208679199,2.201073408126831,2.2468831539154053,-1.1095333099365234,1.3416433334350586,1.1500784158706665
4,463,2.203,-0.11335894465446472,2.2657066666666674,2.300404794167865,2.4315482363684557,2.2249677181243896,2.2343320846557617,2.051673173904419,2.1372885704040527,-1.039440393447876,1.0636814832687378,1.2947465181350708
4,469,2.214,-0.7189984321594238,2.206213333333334,2.1315885395240417,2.373631032049526,2.2587320804595947,2.32558274269104,2.356510639190674,2.2354750633239746,-1.1668457984924316,1.2459160089492798,1.2146587371826172
4,475,2.225,-7.466242790222168,3.550593333333336,3.310609583680653,3.16258001851074,3.0899248123168945,3.1265249252319336,3.59013032913208,2.8677942752838135,-1.144871711730957,0.8824730515480042,1.5494089126586914
4,479,2.232,10.120022773742676,1.7707066666666662,1.8385570215607507,1.8391913892097191,1.9598259925842285,2.246443271636963,2.3371124267578125,2.046703577041626,-1.1597812175750732,1.072647213935852,1.2909412384033203
4,480,2.235,0.6802176833152771,2.0553133333333333,1.8213224106562784,2.0336982473320924,2.2273755073547363,2.1126832962036133,2.1434073448181152,2.126227378845215,-1.6627857685089111,1.4556246995925903,1.40688955783844
4,485,2.244,-2.6913363933563232,2.0319733333333336,2.030850962995916,1.8665948417837348,1.9998849630355835,2.066188335418701,2.017855405807495,1.936410903930664,-1.044041633605957,1.2239007949829102,1.0475214719772339
4,494,2.27,-0.12887266278266907,2.3763766666666686,2.1778106386604086,2.3510599285533362,2.2920773029327393,2.2857534885406494,1.9444559812545776,2.0013022422790527,-0.8151296377182007,1.1314512491226196,1.1238799095153809
4,497,2.282,1.9668251276016235,3.2263200000000025,3.648491183755124,2.6538388215372293,1.6272691488265991,1.8596850633621216,2.0222465991973877,1.1397749185562134,-0.542904794216156,0.3912891745567322,0.42557960748672485
4,498,2.29,-1.949483871459961,2.5715099999999955,2.558223618753677,1.8056731548803024,2.39880108833313,2.2981929779052734,2.6131632328033447,2.5796279907226562,-1.1197609901428223,0.8689287304878235,1.7556710243225098
4,505,2.308,-0.4958136975765228,2.1533433333333307,1.9412066231168177,2.241419328870769,2.3995296955108643,2.2642104625701904,2.2966437339782715,2.250904083251953,-1.0076301097869873,1.4097532033920288,1.339556097984314
4,506,2.313,-20.85561180114746,2.091316666666663,1.9687633993079208,2.0791390100543485,1.969721794128418,2.1499297618865967,2.185445547103882,1.9810765981674194,-1.0422804355621338,1.283367395401001,1.1040239334106445
4,510,2.322,-0.5506224632263184,2.5669266666666735,2.518235449984268,2.1796716936826597,1.7945570945739746,1.4883079528808594,2.218230724334717,3.6263363361358643,-1.4994497299194336,1.5064184665679932,1.7366597652435303
4,518,2.351,1.1130852699279785,1.8444199999999997,1.9613655767570788,1.685363524760862,0.9268105030059814,0.9726918935775757,1.4395091533660889,1.5451788902282715,-1.473832607269287,1.6644383668899536,1.1896932125091553
4,519,2.354,0.06090695783495903,2.579486666666669,2.4144595147812544,2.2558553960690313,2.554072856903076,2.2137112617492676,2.1821441650390625,2.691659450531006,-0.9939455389976501,1.1342175006866455,1.513848900794983
4,520,2.362,0.1783987134695053,2.2289533333333367,2.30148476875422,2.211321266655495,1.9783865213394165,2.148632526397705,2.3138198852539062,2.1236026287078857,-1.2329084873199463,1.2506757974624634,1.0808892250061035
4,524,2.37,6.7624735832214355,2.049479999999997,2.137935428323215,2.132584113051915,1.9618548154830933,1.685678482055664,1.3665120601654053,1.8858541250228882,-1.213383436203003,1.1245205402374268,1.093198299407959
4,543,2.442,-0.3583236336708069,2.3276500000000016,2.0420708584456166,2.1388352004259388,2.18856143951416,2.128359079360962,1.8160858154296875,1.8743749856948853,-0.7937150001525879,1.1873812675476074,1.1385539770126343
4,544,2.444,50.51675796508789,2.2320299999999933,2.4111506632137485,2.2204587072155344,2.5193183422088623,2.5077407360076904,2.7448534965515137,2.5101583003997803,-1.2107739448547363,1.0961716175079346,1.3557586669921875
4,551,2.462,0.1756400167942047,2.89347666666667,2.8692422098508583,2.465906240111901,2.312251329421997,2.400151252746582,2.075418472290039,2.222494125366211,-1.2762272357940674,0.8717943429946899,1.5371872186660767
4,552,2.466,0.47704631090164185,2.2591200000000016,2.018311449481026,2.256853398193862,2.2512214183807373,2.309638261795044,2.3837108612060547,2.3345212936401367,-1.2139911651611328,1.2430129051208496,1.3102881908416748
4,557,2.483,-3.402796745300293,2.4927733333333357,2.3072155500742184,2.3223516059829947,2.41351056098938,2.344324827194214,2.832155466079712,2.4153175354003906,-1.0431864261627197,1.0789486169815063,1.286608099937439
4,564,2.509,1.6150388717651367,2.7128400000000013,2.6822407358295726,2.293430929259299,1.8200347423553467,2.1675631999969482,2.138706684112549,2.3820512294769287,-1.3683786392211914,1.3544857501983643,1.4010722637176514
4,566,2.52,0.6434838175773621,2.1527333333333356,2.2906021775400593,2.271837334183186,1.9438471794128418,2.1901168823242188,1.8389639854431152,2.2360734939575195,-1.0821795463562012,1.0686644315719604,1.317357063293457
4,575,2.572,-10.680458068847656,2.4598200000000014,2.3172621430711824,2.4224550036809447,2.5587165355682373,2.541384696960449,2.766782522201538,2.4298901557922363,-1.0059733390808105,1.146840214729309,1.3577570915222168
4,578,2.579,-0.059713900089263916,2.725679999999993,2.511050509533395,2.8735277332796887,3.013770341873169,2.8090033531188965,2.6820385456085205,2.7316439151763916,-1.151930570602417,1.1554286479949951,1.6115543842315674
4,580,2.584,2.0032193660736084,2.316173333333334,2.42675723130724,2.7773350935449996,2.6825411319732666,2.6862587928771973,2.307995319366455,2.492216110229492,-1.0865938663482666,1.1500918865203857,1.2638964653015137
4,585,2.586,-0.22195693850517273,2.2960433333333317,2.2655772908640888,2.351506635391834,2.0717265605926514,2.1804656982421875,2.5792109966278076,2.901447057723999,-1.3536202907562256,1.5581613779067993,1.4987953901290894
4,592,2.607,-2.361806869506836,2.433310000000002,2.1652990594498074,2.078148758758734,2.627640724182129,2.6561872959136963,2.488805055618286,2.4481823444366455,-1.0911242961883545,1.2550119161605835,1.5539112091064453
4,594,2.621,-7.166394233703613,2.5776733333333346,2.6407077358332383,2.9271372843002568,2.5184426307678223,2.4997475147247314,2.648531198501587,2.746690034866333,-1.2777760028839111,1.0947275161743164,1.3738319873809814
4,596,2.622,-2.1860008239746094,2.8142533333333404,2.9584316532820423,2.7549955289283603,2.7344813346862793,2.6095166206359863,2.587066173553467,2.729863166809082,-1.0611845254898071,0.8773651719093323,1.368512749671936
4,602,2.651,-7.112874507904053,2.582863333333338,2.6463911690374884,2.792819641547861,2.7331185340881348,2.7132201194763184,2.7507126331329346,2.63004994392395,-1.2580554485321045,1.3322129249572754,1.356716275215149
4,604,2.658,-1.0395978689193726,2.5598266666666687,2.0789946003616837,1.891933006904957,1.698899269104004,1.771357536315918,2.490452289581299,1.8153657913208008,-1.2584493160247803,1.8854838609695435,0.89692223072052
4,606,2.664,-2.055561065673828,2.229523333333331,2.284315287380978,2.2090323118220567,2.3199479579925537,2.287874937057495,2.48052978515625,2.2644448280334473,-1.2090580463409424,1.0877631902694702,1.7394988536834717
4,610,2.682,4.382885456085205,2.8815799999999996,2.835216203390379,3.5084816225779614,3.3062775135040283,3.489746570587158,3.1906845569610596,2.6453394889831543,-1.434542179107666,0.9678102731704712,1.651423692703247
4,617,2.702,-3.74712872505188,2.8455900000000027,2.9528473629720815,2.839301855720362,2.8978726863861084,2.8917055130004883,2.9454774856567383,3.0740556716918945,-1.098233699798584,0.9837578535079956,1.333091378211975
4,618,2.704,-1.3288583755493164,2.7774499999999946,2.687136182429255,2.782187590361346,2.5279839038848877,2.5153677463531494,2.3537518978118896,2.5304362773895264,-1.0088810920715332,0.9258017539978027,1.3157650232315063
4,625,2.732,0.8881242275238037,2.3061400000000005,2.29071961146624,2.4314452057442746,2.053241014480591,2.266627788543701,2.49015736579895,2.363370180130005,-1.687438726425171,1.4810991287231445,1.5310109853744507
4,628,2.737,-1.8534245491027832,2.6510766666666665,2.4521542113028034,2.515452479388125,2.4970085620880127,2.441248655319214,2.4771294593811035,2.388718605041504,-0.984067440032959,0.8776835799217224,1.323775053024292
4,632,2.759,-0.20501160621643066,2.486266666666667,2.619933597762552,2.317728075156586,2.2983648777008057,2.4036707878112793,2.186283588409424,2.705700397491455,-1.2902212142944336,0.9826385974884033,1.5674054622650146
4,638,2.811,0.6851047873497009,3.0200599999999937,2.8998527754073677,3.3235858602970425,2.611236572265625,2.7509799003601074,2.8557772636413574,3.086749315261841,-1.316174030303955,1.1529561281204224,1.6942102909088135
4,662,2.869,0.56764155626297,2.9368633333333354,3.1249681793214625,3.20850626810366,3.2522008419036865,3.799232006072998,3.335516929626465,3.1104507446289062,-1.2357163429260254,1.3686537742614746,1.454001545906067
4,668,2.901,-1.2524468898773193,2.5622833333333364,2.745078517647987,3.143908445531618,2.9790284633636475,2.9565088748931885,2.90374755859375,2.7807321548461914,-1.2569680213928223,1.0911628007888794,1.4421882629394531
4,674,2.922,-1.651283860206604,2.4030333333333367,2.200750767385874,2.654750716622858,2.598344564437866,2.5505146980285645,2.5970845222473145,2.462218999862671,-1.1623961925506592,1.193098783493042,1.4273704290390015
4,678,2.951,-0.2698982357978821,3.3879800000000007,3.2862371640721104,3.522964531943075,3.7735695838928223,4.050449371337891,3.81742000579834,3.6868600845336914,-1.4836583137512207,1.3002177476882935,1.771841287612915
4,688,2.995,0.0719527080655098,2.7057033333333322,2.6388762409002258,2.5938403330028392,2.927649736404419,2.602017402648926,2.7672438621520996,3.3488993644714355,-1.2830955982208252,1.1836018562316895,2.0739071369171143
4,708,3.12,-0.1569771021604538,2.9195000000000064,3.1783712390863763,3.3069343636478328,2.994339942932129,3.072622060775757,2.8418760299682617,2.8223845958709717,-1.1976509094238281,1.0494420528411865,1.6700519323349
4,710,3.123,-1.150516152381897,2.7809133333333347,2.6366986106745003,2.7278715625916714,2.9045169353485107,2.732062578201294,2.937589406967163,2.724855422973633,-1.2666473388671875,1.2154542207717896,1.463661551475525
4,712,3.13,2.2971651554107666,2.501883333333332,2.633927768849212,2.1992664147910026,2.636823892593384,2.50115966796875,2.7250924110412598,2.9340224266052246,-1.2367606163024902,1.502189040184021,1.2623929977416992
4,733,3.271,-3.433722734451294,2.8809433333333305,2.7257835377006687,2.705168844094333,2.919220209121704,2.770003080368042,2.940988779067993,2.7719876766204834,-1.2333838939666748,1.3467897176742554,1.5001753568649292
4,744,3.34,-2.3188607692718506,2.754650000000003,3.1384305752020967,2.6771259630416915,2.9841468334198,2.744962215423584,2.9286670684814453,3.2849442958831787,-1.3535900115966797,1.4313571453094482,1.4284894466400146
4,747,3.35,-0.6230403780937195,3.0614099999999986,4.433170558403857,3.9072244109496337,3.1731207370758057,3.3698081970214844,3.926481008529663,3.5997507572174072,-1.2774879932403564,0.8033979535102844,1.7116953134536743
4,759,3.462,5.351973056793213,3.150209999999999,3.1434819807073446,3.3848713265162402,3.358344793319702,3.2053604125976562,2.5654726028442383,2.5540831089019775,-1.055734395980835,1.4411721229553223,1.3232274055480957
4,762,3.502,4.7072296142578125,2.96115333333333,3.0511490894982316,4.013686603032189,4.594777584075928,4.785655498504639,2.8632595539093018,2.451140880584717,-0.7728379964828491,0.8843869566917419,1.2910879850387573
4,763,3.507,-9.13164234161377,3.079183333333333,3.337732330314296,3.4887042257710115,3.534602165222168,3.417689323425293,3.433311939239502,3.448192596435547,-1.2536954879760742,1.0425957441329956,1.625209927558899
4,770,3.531,-0.22180242836475372,3.841486666666658,3.7630549997504716,4.2661896782746025,4.021490573883057,3.886353015899658,4.256793975830078,4.000720024108887,-1.4872426986694336,1.328182339668274,2.169950008392334
4,774,3.561,-2.3901000022888184,3.215363333333338,3.098382837999694,3.077876159556893,3.50760817527771,3.3359665870666504,3.066934108734131,3.525756359100342,-1.248220443725586,1.0841654539108276,1.524338722229004
4,792,3.685,10.76400089263916,3.4813966666666767,3.8574381426437765,3.664891127244002,3.544041633605957,3.4866960048675537,3.0102741718292236,3.664440631866455,-1.0190949440002441,0.7957831025123596,1.5208020210266113
4,805,3.786,-4.699216365814209,3.677000000000004,3.705006324555208,3.752210226708804,3.6422107219696045,3.5926713943481445,3.4471566677093506,3.331117630004883,-1.0085231065750122,0.7812570333480835,1.4817384481430054
4,813,3.859,0.62135249376297,3.298426666666676,3.3797134262157282,3.3638817526240894,3.5652034282684326,3.447458267211914,3.1132400035858154,3.381162405014038,-1.221369743347168,1.1407055854797363,1.7139710187911987
4,821,3.908,0.8180147409439087,4.2285633333333354,4.342251754087378,4.261984303370994,4.131026268005371,4.100419998168945,3.9894213676452637,4.121626377105713,-1.6052391529083252,1.3693711757659912,2.195403575897217
4,825,3.966,-3.2894322872161865,3.742990000000001,3.8997653376147983,3.938309794414739,4.1265668869018555,4.140979290008545,4.532400608062744,3.8635239601135254,-1.2626914978027344,0.9788929224014282,1.7038770914077759
4,834,4.04,-1.663692831993103,3.150663333333332,3.5112510969555437,3.400353715242326,3.8757102489471436,3.6574182510375977,2.584820508956909,3.0079238414764404,-1.202624797821045,1.0222408771514893,1.5246692895889282
4,838,4.073,-0.3284439146518707,3.6464100000000075,3.624565166886233,3.81255577776827,4.117354393005371,3.955509662628174,4.439301013946533,4.218814373016357,-1.5893142223358154,1.200860857963562,2.104663610458374
4,842,4.108,-8.513537406921387,4.2591333333333345,4.555521333582108,4.255561699234365,4.31939697265625,4.318080902099609,5.056456089019775,4.5545172691345215,-1.6037564277648926,1.1315306425094604,1.8894957304000854
4,844,4.122,-0.09499968588352203,4.214280000000001,4.660772533013105,4.240089406442446,4.08420991897583,3.938040256500244,3.8402132987976074,4.10886287689209,-1.3520984649658203,1.0049561262130737,1.647312879562378
4,847,4.164,-0.999919593334198,3.994789999999993,4.158956045514301,4.061259706293067,3.90114688873291,4.051190376281738,5.294484615325928,5.096504211425781,-1.7819905281066895,1.734848976135254,2.523796319961548
4,849,4.203,-0.1836477518081665,3.0722266666666678,2.81314573371252,3.61177619889588,4.632823944091797,4.563077449798584,3.546130657196045,3.6897192001342773,-1.241713047027588,1.3322099447250366,1.6424540281295776
4,852,4.227,-1.346505045890808,3.6634466666666663,4.155939715156043,5.0944077896422035,4.4214324951171875,4.455975532531738,5.025856018066406,4.447979927062988,-1.7903263568878174,1.4570567607879639,2.3849780559539795
4,853,4.238,-5.765562534332275,4.362070000000002,4.465635273086695,4.944925918836313,5.558341026306152,5.360085964202881,5.895224571228027,5.649962902069092,-2.000865936279297,1.7908047437667847,2.472341537475586
4,859,4.358,-0.8045207858085632,4.312643333333333,4.135679098639308,4.381768689791185,4.312620639801025,4.328340530395508,4.328373432159424,4.165295124053955,-1.3821518421173096,1.2196024656295776,1.7164115905761719
4,874,4.609,0.2756815254688263,4.683136666666668,4.538011958487936,4.562208463434672,4.6329498291015625,4.706120491027832,5.110632419586182,4.25999641418457,-1.4419019222259521,1.1919338703155518,1.8340407609939575
4,878,4.701,-4.660605430603027,4.4355600000000015,4.405415571912361,4.136039410967255,4.342311859130859,4.279784202575684,5.359678745269775,4.5601806640625,-1.461512804031372,1.0014861822128296,1.922583818435669
4,879,4.702,1.1926419734954834,3.55749666666667,3.501825775704639,4.867577521450286,4.3684844970703125,4.412280082702637,4.059649467468262,4.469686031341553,-1.680690050125122,1.4659619331359863,2.6343209743499756
4,881,4.706,0.7156691551208496,3.547136666666671,3.2695472517827286,4.2100789648405765,3.674337387084961,3.48362398147583,4.120456695556641,3.9439873695373535,-1.568922758102417,1.329851746559143,2.2928624153137207
4,886,4.765,-2.2823004722595215,4.764696666666662,4.887897147698185,4.951953399734995,5.130657196044922,5.036295413970947,4.918534278869629,4.5779709815979,-1.6037590503692627,1.4065529108047485,2.2627413272857666
4,890,4.835,-3.310328245162964,4.476616666666669,4.634882609273321,4.446149578162737,4.609652042388916,4.5504679679870605,5.302157878875732,4.621976852416992,-1.4907104969024658,0.9541829228401184,1.931837558746338
4,894,4.911,-0.05275974050164223,4.843466666666655,3.865256323201191,4.855970512512344,4.3273797035217285,4.66372537612915,4.416167736053467,4.530827522277832,-1.274590253829956,1.6972523927688599,2.2971696853637695
4,895,4.957,-10.939046859741211,4.045903333333337,3.984821898825789,4.493422753856003,4.959109306335449,5.083864212036133,5.696669101715088,4.93442964553833,-1.5993340015411377,1.476854681968689,2.3171627521514893
4,905,5.091,-2.2732012271881104,5.110066666666668,5.797865727562895,5.6566857961085475,5.391412734985352,5.379884719848633,5.262487411499023,4.950043678283691,-1.0328025817871094,1.0154261589050293,2.3703670501708984
4,908,5.137,7.476564884185791,4.080489999999997,4.1249794223984155,4.578148544609459,4.286345958709717,4.505362510681152,4.502884864807129,4.335549831390381,-1.4476549625396729,1.225096583366394,2.55753231048584
4,909,5.159,-0.9283029437065125,5.025843333333331,5.154243832878866,5.262240098440326,5.026752948760986,4.620444297790527,4.5078277587890625,7.596900463104248,-3.156846761703491,1.8664584159851074,3.7487447261810303
4,911,5.176,0.8376595377922058,5.2487233333333325,5.257530556926377,5.065093926172781,5.161725997924805,5.10090446472168,5.09596061706543,5.568111896514893,-1.969362735748291,1.8803073167800903,2.814531087875366
4,912,5.179,-1.6917953491210938,5.311296666666667,5.880734542109728,5.69661810861464,5.4344635009765625,5.5045623779296875,5.414429664611816,5.100391387939453,-1.00699782371521,1.0858951807022095,2.4571006298065186
4,913,5.193,-0.9250845313072205,4.788300000000002,4.739210766759326,5.1031899643362895,5.77565860748291,5.473629951477051,4.827738285064697,6.858160495758057,-2.873605728149414,1.664565086364746,3.3478641510009766
4,914,5.202,-0.2477438747882843,4.114689999999995,3.9742954226107177,4.662563232177337,5.026704788208008,4.933448314666748,5.249939918518066,5.5416412353515625,-2.418933391571045,1.9278167486190796,2.888744354248047
4,920,5.331,1.341410517692566,5.444076666666669,5.315274183333456,5.695925623792368,5.470315933227539,5.559659481048584,5.753139972686768,6.017193794250488,-2.092203140258789,1.8963642120361328,3.1870474815368652
4,921,5.342,0.8965755105018616,3.1362566666666614,3.8030861289534763,4.043084193101334,3.296034336090088,3.1287310123443604,2.108027696609497,2.1723456382751465,-0.745441734790802,0.8178256750106812,0.9172201752662659
4,929,5.463,-1.8856908082962036,5.306026666666662,5.3317298223636245,5.82335830477273,5.5545878410339355,5.582421779632568,5.6431474685668945,5.477435111999512,-1.8160994052886963,1.5264248847961426,2.7039716243743896
4,931,5.487,0.49150192737579346,5.094936666666666,5.1352895496314135,5.062680271434525,5.307503700256348,5.336931228637695,5.420188903808594,5.145572185516357,-1.5770163536071777,1.571540117263794,2.5694785118103027
4,935,5.631,0.6631563305854797,5.3757999999999955,4.708212996382022,5.162625384165012,5.360020637512207,5.4965643882751465,5.137424945831299,5.1962175369262695,-1.7948315143585205,1.7488641738891602,2.890728235244751
4,937,5.694,-0.36367809772491455,6.066419999999996,5.759010979660367,5.898404871189831,5.700611114501953,5.899969577789307,5.494332313537598,5.579701900482178,-1.4493300914764404,1.8123819828033447,2.8757622241973877
4,938,5.741,-0.044172074645757675,5.501143333333332,5.418771978033665,6.0615042094557,6.254240989685059,6.2276082038879395,6.297144889831543,5.480554580688477,-1.808595895767212,1.2346419095993042,2.0975594520568848
4,948,5.874,-1.3732728958129883,5.076576666666666,5.493697597666184,5.65815300581732,5.651726722717285,5.852922439575195,6.5282440185546875,6.01414680480957,-1.8938095569610596,1.5567668676376343,2.408719301223755
4,949,5.908,1.150770664215088,5.8266266666666615,5.929312614111052,6.54832950313858,5.6567487716674805,5.401054382324219,6.835525989532471,5.501744270324707,-2.04329252243042,1.7199689149856567,2.084707736968994
4,955,6.001,-3.7986350059509277,5.233773333333336,4.582350790934158,5.966469962475703,5.7150559425354,5.67948055267334,5.936070442199707,5.7329888343811035,-2.1100146770477295,1.7146012783050537,2.6315479278564453
4,957,6.047,-0.48783761262893677,4.943346666666658,5.238384221787555,4.9651777962261825,5.655524253845215,4.742670059204102,5.157990455627441,5.380484580993652,-1.6302080154418945,1.024841547012329,2.826953411102295
4,963,6.136,-0.71453458070755,5.592253333333321,5.627648252063594,5.418065146322051,5.730584144592285,5.203650951385498,5.496225357055664,5.80030632019043,-1.6759097576141357,1.2339069843292236,3.0305051803588867
4,979,7.217,-36.909915924072266,5.910000000000002,7.568090176997589,6.592592477693048,6.603391647338867,7.048952102661133,8.607575416564941,7.834500789642334,-2.3873233795166016,1.9472979307174683,2.7877197265625
4,986,8.177,-0.2818228602409363,7.135859999999992,7.564374460569478,7.643543356137993,7.621823310852051,7.471632957458496,8.455878257751465,8.880517959594727,-3.098045587539673,2.1591973304748535,3.924337148666382
4,988,8.681,-0.29124778509140015,6.698793333333321,7.337416979373015,7.217281299217591,7.925966262817383,7.742773056030273,9.875839233398438,8.508994102478027,-3.138113498687744,1.8937931060791016,3.916796922683716
