rf,gbr,svr,mlp,pinn,true,stack_nnls,repeat,fold
0.33014000000000016,0.7138425076531713,0.58788688819436,0.35551956,0.33559954,0.033,0.4304019337678564,0,0
1.0065699999999997,0.9442756736897235,0.9351463783177438,0.897638,0.65888405,0.108,0.9106936346603836,0,0
0.4153299999999999,0.6131667502362943,0.7242539824559202,-0.006364219,0.049870186,0.126,0.21951186138098427,0,0
0.5625100000000006,0.6171821119752033,0.9860972641247654,0.52741975,0.39000526,0.197,0.5426223438956244,0,0
1.3903799999999995,1.0742255038358957,0.9482934139576091,0.81064254,0.35704106,0.29,0.9265436121315438,0,0
0.8096699999999999,0.8335685010918493,2.7241569236816265,0.5452435,1.5505117,0.346,0.8486784553181499,0,0
0.5275599999999998,0.5821249922185975,0.6075607718906229,0.2505535,0.10979817,0.362,0.35862301702402277,0,0
0.24029000000000011,0.49429418908370315,0.28951733159241666,0.062006228,-0.16417027,0.406,0.15110179765076587,0,0
0.4662899999999997,0.5356703506092352,0.4433771176136694,0.37515,0.31380147,0.427,0.42612331284594085,0,0
0.6003599999999999,0.6042096339441086,0.573598295743663,0.13000003,0.15353006,0.447,0.3333354211488006,0,0
0.8299099999999997,0.8632432283670483,1.050896826358299,0.5150299,0.27059388,0.45,0.6229375400265057,0,0
1.1795399999999998,1.0749250898427742,0.9871939851697742,0.7036656,0.55273575,0.622,0.8706194404467784,0,0
1.8574499999999994,1.2093213480049008,1.8152904804301955,1.1464412,1.1037819,0.693,1.3275686317814799,0,0
1.8158599999999996,1.943724182141529,1.7714413132254798,1.5686135,1.6963164,0.72,1.7593077873439982,0,0
0.6954099999999999,0.7432133788501745,0.778279578561047,0.63752085,0.71925867,0.724,0.7016754972299845,0,0
1.1145200000000008,1.0974257078513694,1.3218753390703053,0.7626903,0.7407836,0.759,0.9203652256014049,0,0
0.7143099999999997,0.7971818550811952,0.8304183028064729,0.7023944,0.7645243,0.766,0.7529885162188747,0,0
1.0392800000000002,1.333035873120487,1.614438692056086,1.0845677,1.4530474,0.823,1.2183021377765608,0,0
1.2757100000000008,1.167550668062105,1.196111867436768,0.4354014,1.1407665,0.885,0.8952953203145901,0,0
1.134770000000001,1.0718786802783526,1.1539093339950066,0.66842806,0.7068701,0.899,0.8722303558450971,0,0
1.9658999999999998,1.8773676110918975,1.7667407057376212,0.88242805,0.7002275,0.918,1.3038905642261371,0,0
1.3663000000000003,1.1869179862644494,1.3014818078131518,0.8026625,0.7216411,0.937,1.005096919908133,0,0
1.4993400000000008,1.8409384442219836,1.637212164034169,1.005638,1.1090105,0.94,1.3248642536268798,0,0
0.951619999999999,0.7830952816981859,0.8412696804796311,0.83942807,0.84465194,0.973,0.8727298665976748,0,0
0.77887,0.8920139529953247,0.878899564426868,1.1388749,1.1816198,0.98,1.0489727081819167,0,0
1.5630299999999995,1.6265944187422081,1.315095471871869,1.2461061,1.1995454,1.004,1.4138968822772768,0,0
1.83515,1.9173580586062888,1.8720548780057062,1.3906794,1.4279745,1.09,1.6335039064222427,0,0
1.2762699999999993,0.9504485190048167,1.4668049422807858,0.9857386,0.86885774,1.1,1.0426371059979924,0,0
1.4605599999999996,1.535509812126952,1.5363083354221407,1.088498,1.060008,1.158,1.280753247296772,0,0
1.136239999999999,1.190706364401611,1.6484895420017374,1.3386818,1.2513255,1.201,1.2842604267937054,0,0
1.3914099999999994,1.0958341689689945,1.378422522220648,1.4269874,1.4394163,1.203,1.3884138285431498,0,0
1.03581,1.333375171805995,1.297604751531263,1.1957653,1.4634892,1.232,1.2679384253408,0,0
1.3707500000000001,1.5614295703007697,1.3856529971604088,1.4044642,1.3010589,1.238,1.4473084413801853,0,0
1.4659100000000007,1.4534926017011023,1.5769538404961416,1.7896421,1.3423833,1.271,1.6195217274524993,0,0
1.3706299999999998,1.4718102299874865,1.048313132143244,1.1592506,1.187791,1.283,1.3019974526915539,0,0
1.5842,1.6068827099065786,1.5591108730792964,1.4426341,1.5972574,1.327,1.5690852236601247,0,0
1.1254799999999998,1.0966020312032916,1.3873072149423795,1.1671784,0.22158995,1.331,1.0083100719078777,0,0
1.322989999999999,1.4465350456479922,1.3905843908525781,0.8743168,1.2471994,1.331,1.1730564480558212,0,0
1.6096200000000007,1.4653526543012891,1.7360335955889508,1.3385988,1.4427401,1.341,1.4725690849650392,0,0
1.5491400000000006,1.6079636717922083,1.6465020210699408,1.8001729,1.4777874,1.343,1.6970881826962372,0,0
2.42543,2.4103818138821618,2.725967175396847,1.9536908,1.8772103,1.351,2.1818019837968885,0,0
1.177559999999999,1.4226010433630192,0.8377712662418193,1.0336019,0.98394275,1.366,1.1616053412255238,0,0
1.5233599999999987,1.6861650028367312,1.5290229101026451,1.6663091,1.7027473,1.411,1.6889123825090997,0,0
1.9608799999999997,1.6566516542128056,1.5460914621363009,1.3737885,1.5277047,1.434,1.6151165573910855,0,0
2.446350000000001,2.3943290304957614,1.9989735408132003,1.44471,1.1293207,1.452,1.8306762496719773,0,0
1.6944999999999992,1.7304603516688284,1.8776219651629638,1.6008865,1.6413513,1.503,1.6942765160394808,0,0
2.0060299999999995,2.035901856612901,1.9668887790213416,1.4966884,1.460966,1.545,1.7454507449375054,0,0
1.1375799999999996,1.4680279106356962,1.4465428605758641,1.6002461,1.4110781,1.548,1.484181887449776,0,0
1.8829999999999998,1.8462755780250462,2.0422237111036003,1.5715766,1.6435724,1.55,1.744956838320009,0,0
1.5884600000000009,1.392845641681384,1.2734356119385086,1.3332571,1.3803558,1.557,1.439888152591884,0,0
1.28638,0.8414737741954205,0.7633874151359992,0.6846541,0.861805,1.583,0.8895533947032661,0,0
2.0659899999999993,2.0115364265139783,2.001754769462393,1.664865,1.8731468,1.618,1.8978417555965665,0,0
1.60618,1.49390587209741,1.3148522380166996,0.8579885,0.93900263,1.621,1.1806055920986214,0,0
1.53109,1.696409310253169,1.6272084194606111,1.484504,1.2780628,1.621,1.5394356893192507,0,0
1.8255400000000008,1.7562912346794337,2.0931209680084595,2.0308156,2.092008,1.67,1.992590916656221,0,0
1.7833799999999984,1.8149189149914333,2.271299773456859,1.72838,1.7075647,1.7,1.7973360509881224,0,0
1.4964000000000002,1.614789676795827,1.591129505087462,1.5601581,1.7227439,1.715,1.6256834664816893,0,0
1.5431099999999989,1.6684197821690143,1.6221288661985611,1.6618774,1.7112875,1.729,1.6888464426707885,0,0
2.2767700000000017,2.541207866981399,2.6307281443503836,2.3245816,1.9340194,1.731,2.34992518668304,0,0
2.114249999999999,2.148795572143191,1.6879830936006246,1.2622436,1.4733533,1.751,1.6913131120664668,0,0
2.793529999999998,2.0875464728661735,2.828326590528108,1.9519696,2.3168013,1.778,2.2663129676767317,0,0
1.3513799999999998,1.1546085498177254,1.638995640682769,1.7087977,1.7526166,1.787,1.5697783965592396,0,0
2.016099999999999,2.235876979314198,1.6445069890764983,1.8656857,1.5666305,1.845,1.9684494414961808,0,0
1.6559500000000014,1.7040042553108679,1.571287074803006,1.643196,1.5260595,1.86,1.6791588567248221,0,0
1.7107600000000003,1.7299524662880772,1.866272164035799,1.9322323,2.052128,1.863,1.9134883358424701,0,0
2.8359599999999996,3.298317286052683,2.596401572473625,1.9942461,2.3097086,1.873,2.5447077183618285,0,0
2.84261,3.298317286052683,2.6669902009024287,2.2836738,2.418311,1.883,2.6911386230108323,0,0
2.145989999999999,2.1247734145908934,1.4125260986741233,1.5352336,2.396751,1.894,1.9726747553235837,0,0
1.8638399999999988,1.9503393947348755,2.1895453873910125,1.6374071,1.9467869,1.905,1.8442034657268727,0,0
1.6882800000000007,1.556590484333494,1.865885838820815,1.5671928,1.5902015,1.907,1.6331465003593841,0,0
1.7596099999999988,1.8243171222897865,2.1418384118924507,1.2134026,1.0643117,1.956,1.4579018679467388,0,0
1.7851400000000006,1.7264513982409404,2.0075703500870854,1.9091778,2.0138566,1.962,1.9114018208621832,0,0
1.9709699999999986,1.9098741858256092,2.263508033347048,2.130617,1.8389271,1.965,2.054054343979276,0,0
1.862899999999999,1.5336509487417525,1.852852978901093,2.0665941,1.9503868,1.987,1.9448099617274415,0,0
1.5316399999999992,1.5153106526033613,1.3783320692302385,1.7541976,1.7150885,2.001,1.6954531062552354,0,0
2.3292699999999993,2.495279788542037,2.2399890191349865,1.9874667,1.8421093,2.003,2.1882552133410202,0,0
2.484489999999999,2.39383779110487,2.1579090188693897,1.9514996,1.8256646,2.026,2.180613574330208,0,0
2.1364399999999986,1.9152344789667515,2.252765181573788,2.095759,2.1420848,2.058,2.1269496764567912,0,0
1.8062800000000008,1.5841264753021256,1.6529887355351112,2.1764865,2.2990394,2.061,2.052267025901177,0,0
1.892099999999997,1.5633631481792307,1.6338527889468413,1.5734136,1.6271929,2.062,1.6857964608050673,0,0
1.9399799999999998,1.7644508699068846,1.9927384282632625,1.8431584,2.1295981,2.084,1.942681893436325,0,0
2.025580000000002,1.910197972559044,2.0249352089592687,2.0188196,1.9865417,2.099,2.0423846040995124,0,0
2.0935099999999984,1.8964032453167097,1.8658214261928407,1.9190707,2.1885614,2.113,2.0452488937647253,0,0
2.5207600000000023,2.3087881773404226,2.5608794829857704,2.2402697,2.1291068,2.117,2.3490785213360037,0,0
2.0342400000000005,1.8900328299959324,1.961746083464967,2.0543933,1.9120731,2.118,2.0425012306641865,0,0
3.1893999999999982,2.537739839530094,2.201741796941584,2.1545293,1.9569441,2.137,2.4675151311355954,0,0
1.9691999999999994,1.8625888545132492,1.5337962550844293,1.4500163,1.51916,2.166,1.691506069104144,0,0
2.1445200000000018,2.117338941737922,2.036508761937101,2.0725002,1.87647,2.172,2.1143542491230893,0,0
2.5803800000000012,2.8467591826195986,2.387773458026138,2.3675003,2.3553019,2.175,2.5684048334522975,0,0
2.365210000000002,2.4905329596971013,2.0485373335743593,2.1654093,1.9429201,2.202,2.2897983330759244,0,0
2.1341400000000013,2.1084442377844397,2.341857909327418,2.2629185,2.1983628,2.203,2.2494145351880217,0,0
2.4192499999999995,2.284838419962644,2.113676621036449,2.0508475,2.1703253,2.203,2.247749625809056,0,0
2.0079500000000015,1.6891200346968567,2.1490737379588962,2.151799,2.2333465,2.204,2.0935954318997614,0,0
2.0653799999999984,2.4181075877895783,2.767899301825334,2.3310852,2.6001604,2.212,2.399476967855623,0,0
1.52719,1.3757259520228267,1.7837944699935084,1.7351166,1.5542356,2.218,1.629097264631782,0,0
2.1883399999999993,2.131434840060578,2.2207921194366484,2.2872527,2.1897228,2.227,2.2744995283430964,0,0
2.2738199999999993,2.168196259598906,2.299372442363572,2.3198857,2.2847223,2.303,2.330583293549375,0,0
2.127600000000002,2.029015713308104,2.1717606442926964,2.1656876,2.459734,2.308,2.2346535554590274,0,0
2.1847700000000003,2.0685495664859586,2.2399713544449704,2.2112687,2.1426234,2.315,2.2193309460894386,0,0
1.7349300000000005,1.8285696654035086,1.6227259168202859,1.265823,0.98260355,2.351,1.462306996519626,0,0
1.9021999999999997,1.6176050448942414,1.8242432022643076,2.3143785,2.4748883,2.435,2.169779435649645,0,0
2.1951000000000014,2.25131167482645,2.1655052925458005,1.8702403,2.0571685,2.436,2.096054398318813,0,0
2.327050000000002,2.200501670467198,2.083204146276835,1.9515967,2.1210744,2.442,2.1592935859961093,0,0
2.19055,2.216206868035723,2.3606416307526072,2.433534,2.5370588,2.444,2.416884238453289,0,0
2.331869999999999,2.2924695275819973,2.173080042328973,2.1671455,2.3092608,2.455,2.3061853053465167,0,0
1.7671799999999989,1.799604501840015,2.578093681559778,1.5385255,1.6307299,2.467,1.694670615167047,0,0
2.3963900000000002,2.4258984870012155,2.4672908394899813,2.3426266,2.5037398,2.476,2.4576814404743454,0,0
2.527360000000002,2.301164089877021,2.568996253501876,2.4178836,2.384345,2.483,2.4707191160917676,0,0
2.049299999999999,2.033632671692347,1.967017030944633,2.159804,2.1200106,2.52,2.1577113222094635,0,0
2.66488,2.398507610262368,2.498553241057279,2.6329138,2.6043782,2.525,2.651451814473584,0,0
2.2190899999999996,2.173636553814329,2.364596717549415,2.2932196,2.287324,2.526,2.3092485440137747,0,0
3.51562,3.524961758591732,3.7811152112105653,4.192524,4.4193788,2.567,4.0578369832218915,0,0
2.906329999999999,2.8355538282021984,2.789025254479632,2.5031762,2.5288954,2.574,2.7227370792094048,0,0
2.616279999999998,2.1850470187667317,2.4871388286934657,2.445825,2.4896479,2.581,2.4953880884129775,0,0
2.44101,2.3566209058523393,2.5358831632851935,2.699685,2.6924167,2.584,2.640930947221257,0,0
2.206169999999999,2.1871475845069313,2.03198617749608,1.700814,1.6804041,2.584,1.9454951646605851,0,0
2.075210000000001,2.173676947165713,1.7031823514670419,2.4943233,2.8354974,2.6,2.462678703318855,0,0
2.451579999999998,2.401019277270442,2.6235002994423122,2.6910994,2.6003723,2.602,2.6325959716826226,0,0
2.936229999999999,2.823863965917819,3.197805866043243,2.8864756,2.9839346,2.611,2.9727864310968166,0,0
2.7772500000000018,2.8710135188569335,3.301341123246404,2.6894264,2.69905,2.625,2.814290121837206,0,0
2.2863100000000003,2.3184694834776596,1.6618892737210307,1.6052411,1.5610652,2.628,1.9269821176372892,0,0
2.3157799999999984,2.0234061939946817,2.547152534097849,2.0317147,1.8863217,2.658,2.114070457096845,0,0
2.0577699999999997,1.6926329047092221,2.3122847698742994,1.8190193,2.2361138,2.664,1.9600610700888295,0,0
2.3154200000000005,2.2893405651162055,2.186709571098839,2.2127967,2.3108482,2.676,2.3223090848178294,0,0
2.7949900000000025,2.9048383396310533,2.8307007452866646,3.5658383,3.583518,2.682,3.361030620268814,0,0
2.411739999999999,2.007613126390033,2.2906837731399747,2.2671049,2.0691307,2.686,2.2650229882150503,0,0
2.449500000000002,2.412349057260526,2.4590787155479608,2.5005484,2.445939,2.692,2.5245813666577592,0,0
3.032710000000001,3.279825238143212,2.980812186531208,2.9614596,2.794979,2.702,3.087541899899133,0,0
2.161159999999999,2.082397977628913,2.601628390229604,1.5402352,1.5593704,2.732,1.8232946506546495,0,0
2.911710000000001,2.5096111935258687,2.560901529644965,2.1021235,2.7505445,2.752,2.519705903460406,0,0
3.139839999999999,2.951502340446568,2.773150829920436,2.7274919,3.2468488,2.82,3.0179440746422688,0,0
2.547809999999999,2.4877327676965706,2.540534865223166,2.5393896,2.4286196,2.821,2.574508608582735,0,0
2.6354200000000003,2.388207610219171,2.7230176307079184,2.614184,2.5829804,2.83,2.631331386141488,0,0
2.5264600000000015,2.4024654912457595,2.4812494501389795,3.1781251,3.4480922,2.869,3.0082764475455397,0,0
2.502350000000003,2.206601969138953,2.532735166388874,2.406474,2.5917745,2.922,2.476997067422645,0,0
2.6397599999999994,2.7790296576735014,2.8536014812545494,2.1375859,1.9229028,2.976,2.391023849402462,0,0
2.732160000000002,2.49629904846334,2.55001053665042,2.5740285,2.5483084,2.987,2.6503023659622036,0,0
2.6741199999999994,2.7737368217514984,2.7572325232460844,2.651918,2.6914244,2.995,2.755038893075981,0,0
3.1450100000000014,3.504468204051963,2.1209256399995264,2.258523,1.6392618,3.097,2.6499002889398957,0,0
2.5251200000000003,2.4041938353921464,2.200254187092134,2.7052925,2.5020027,3.111,2.6374934284171268,0,0
2.696189999999999,2.388207610219171,2.7032312898921154,2.671828,2.8055055,3.122,2.707761756358419,0,0
2.8901000000000017,2.579859253845715,2.903146515028722,2.7535036,2.8380246,3.123,2.8290190236913233,0,0
3.02974,2.95238612244647,2.7473569831145066,3.0449758,3.094444,3.148,3.107218369618651,0,0
3.0839799999999995,3.0744382934112284,2.8281537487330652,3.4775655,3.4167602,3.168,3.3885425426291813,0,0
3.0077800000000003,3.664012045646332,2.411515448207215,2.6775594,2.8033202,3.181,3.0402176197769983,0,0
3.2246900000000007,3.102467704994765,3.8247367782197923,3.8280365,3.8789854,3.21,3.656696725015572,0,0
3.152650000000001,3.399729258213561,2.135939856491818,2.3508716,1.7266113,3.272,2.685102806212782,0,0
2.40726,2.452561672182708,2.2687430979747027,2.2254953,2.576849,3.34,2.42717007737447,0,0
3.0127600000000005,3.3432684578539664,3.295716084378735,3.7608674,4.238536,3.46,3.6964984672701844,0,0
3.5077699999999994,3.1460255934669363,3.6899542425617433,3.6541398,3.5639188,3.518,3.5935585262476923,0,0
3.1632800000000003,2.9935689245197277,2.896592181549605,2.656996,2.8982792,3.519,2.9401157677399588,0,0
3.2991900000000016,3.2274713586133634,3.5447069892151704,3.7955468,3.5620878,3.601,3.628784105060979,0,0
2.38703,2.420694812225171,2.4956344372248584,2.2526383,2.0200095,3.613,2.331187047881417,0,0
2.90678,3.555566296023337,2.8799146427934215,1.6973444,2.7390685,3.619,2.5583545324464274,0,0
2.64543,2.487182264020503,2.639681426325807,2.8182504,2.4969447,3.651,2.7279866527104577,0,0
2.6892799999999992,2.8160517433996737,3.5078178458817355,3.52415,3.2981358,3.719,3.2528148039227402,0,0
3.471329999999999,3.5571828502574383,3.7081024770805087,3.4229743,3.507412,3.719,3.561169097982815,0,0
3.183089999999998,3.1734954795739263,3.083616137669588,2.9518147,3.3345432,3.745,3.186200727165212,0,0
3.7288300000000008,3.6560007375785633,3.8246753353794016,3.5464056,3.786101,3.786,3.7372771384700436,0,0
3.5414800000000017,3.51324276561463,3.8271066655045587,3.7548935,3.856431,3.808,3.771945017336917,0,0
3.1856600000000004,2.846206422592791,2.736126409013594,2.696163,2.8033383,3.859,2.9145448402085705,0,0
4.108680000000001,3.866164639946207,3.6243605584954777,4.1615987,3.916035,3.869,4.15027669268221,0,0
3.3436900000000027,2.4222814952740017,4.404321572387354,3.4959702,3.283606,3.877,3.2910201272190003,0,0
3.998460000000004,3.8801020820141083,4.045925703582959,4.020231,3.7749095,3.983,4.044231211497927,0,0
3.1299699999999997,2.8408179981575317,3.056369387554792,2.9199672,2.587381,4.028,2.961847463774422,0,0
4.239400000000001,4.075567861246069,4.525772661269786,4.5815253,4.4995637,4.056,4.505584185111092,0,0
3.2495499999999993,3.32192296215956,3.569257292406075,3.4189382,3.451395,4.057,3.454809794163005,0,0
3.521609999999999,3.202920766972943,3.3349797269076094,3.5172966,3.7003655,4.073,3.572404939000201,0,0
4.629169999999997,4.209028952755588,3.8738667268372575,4.2996836,3.93786,4.108,4.393213863593449,0,0
4.512829999999999,4.183307624734803,3.954363571831863,4.097513,3.8377237,4.122,4.258276022115609,0,0
4.274260000000001,4.1044104580773455,4.01557201280545,4.0176845,3.906983,4.186,4.169839679122612,0,0
4.3433200000000065,4.427683977387003,4.764798869768401,4.1672335,4.165009,4.358,4.361622364776287,0,0
3.16058,3.198510718491854,2.3002649991133155,2.4277248,2.3078835,4.44,2.7795286527927727,0,0
4.361019999999999,4.08252487698786,3.952355041987058,4.3607388,4.2762227,4.446,4.397018565885864,0,0
2.9472499999999995,2.549138522977752,4.241683108623611,3.2509112,2.667217,4.472,3.021447207065802,0,0
4.392509999999998,4.526092745292808,4.158343570366963,5.7660236,5.8857083,4.549,5.388812870191959,0,0
4.013560000000004,4.208946287994632,4.222755876102019,3.9832306,4.3546453,4.675,4.200766501427204,0,0
4.091429999999999,4.161634965989966,4.188980984611941,4.3985147,4.4652567,4.705,4.407240042054865,0,0
4.214409999999997,4.6178847720690595,4.192610058417541,5.3255014,5.2503147,4.867,5.068511387321883,0,0
4.669290000000004,4.444293309226679,5.391715473283497,4.816171,4.613959,4.911,4.7934151001374055,0,0
5.294810000000004,5.419969865923977,5.183944375413194,4.5787325,4.5059223,5.211,5.003694716184709,0,0
3.3989999999999996,3.4246696646533343,4.006067912388556,3.6211493,2.8459687,5.342,3.4897648818037137,0,0
5.008719999999998,4.931684869268171,4.769700298640581,5.39597,5.012663,5.485,5.28725968383916,0,0
4.517640000000001,4.950008097188407,4.612620089265993,4.6483355,4.763696,5.535,4.82047807221115,0,0
5.472080000000002,4.365735052352237,5.227887462318889,5.52639,5.337129,5.631,5.378288709182982,0,0
5.599859999999996,5.527571226059212,5.591655049347915,5.686903,5.6462727,5.796,5.770716895612272,0,0
3.68301,4.179844148490481,3.776268191806292,4.6019506,4.5929513,5.806,4.43761435567011,0,0
4.677679999999998,4.686184895781229,5.342385213153442,5.439724,5.2846923,5.813,5.234174365562708,0,0
5.664459999999999,5.037571649364826,5.3726813253497046,5.6863995,5.54314,5.856,5.663707442365062,0,0
5.696470000000001,5.31103658307865,4.8615511673533325,4.675089,5.060873,5.908,5.202571987653695,0,0
5.749799999999999,5.818117145311825,5.6705281838446435,5.747037,5.650748,5.989,5.889241617586203,0,0
6.210260000000001,6.217296050644266,5.955641057565943,6.120281,5.7724195,6.07,6.25140671795363,0,0
6.860110000000002,6.685486110388855,6.615798387808293,6.8165193,6.7048135,6.255,6.949048405017743,0,0
5.39089,5.459425122251608,5.644241634730362,5.6649694,5.021599,6.767,5.594995319325301,0,0
5.166100000000003,4.962746090148417,5.0363901841474785,6.738964,6.774893,6.795,6.218497047521043,0,0
4.589019999999998,4.29346121341332,4.321672291575598,5.0813217,4.8299727,6.921,4.898579525067378,0,0
6.0970800000000045,6.076769683298485,4.210921448574314,5.704316,5.927806,6.986,6.044514055636404,0,0
6.622850000000005,5.786135787795686,4.6160341055420595,6.5973988,6.244472,7.674,6.536864529629393,0,0
1.2761200000000001,1.241585722923566,0.7046981001233057,0.58501613,0.41837615,0.009,0.8439894916291437,0,1
1.029,0.8430301180867772,0.8943486815589918,0.6857583,0.2983576,0.071,0.6528446108786006,0,1
0.7544299999999998,0.8276664726005726,0.7404790015865665,0.58691204,0.7140773,0.158,0.7419514658528779,0,1
1.16922,1.3170110430498634,1.0742958577894277,0.5854095,0.597208,0.32,0.9310872755019536,0,1
0.44699000000000005,0.8541220866977219,0.667051120486402,0.4737182,0.52164096,0.331,0.6679120182484776,0,1
1.0316299999999998,0.9116339624329824,0.8802141260288268,1.0414393,0.15786014,0.417,0.7361619344954708,0,1
1.2214800000000006,1.4260292060419937,1.3478559573208795,0.67414534,0.6005408,0.42,1.0051785996613534,0,1
0.6736899999999999,0.353464389376864,0.6338809360548314,0.2523222,-0.047940508,0.458,0.21370957168930751,0,1
0.8925700000000001,0.7326554928559772,1.0246883945429082,0.4201394,0.5459861,0.52,0.6054611806200605,0,1
0.7912100000000001,0.7964416361052004,1.1932616193931824,0.43131968,0.6415357,0.598,0.6656143792181892,0,1
0.8951600000000002,1.2353334586980143,1.173511820460438,0.6089953,0.9345029,0.598,0.9989139357742132,0,1
0.9464899999999997,0.5672040628679332,0.9589125349342036,0.5649851,1.0487636,0.598,0.7153100602690055,0,1
0.8618699999999997,0.5380229588945395,1.0148091365633585,0.5297915,0.40808594,0.618,0.5046795526756812,0,1
1.5465999999999998,1.5028731698605267,1.1652751182356869,1.1671798,0.38983136,0.625,1.1076378277144978,0,1
0.7971300000000001,1.0130447533435245,0.879484076895106,1.2893155,1.4826795,0.654,1.2363693132964513,0,1
0.6351600000000003,0.8607633589993818,0.7161882664159656,0.40974292,0.4225697,0.655,0.6251090939879398,0,1
0.7035199999999999,0.7569497883731776,0.7284301678392191,0.6110286,0.6395291,0.69,0.6940395484891269,0,1
0.7496399999999999,0.6001478494066655,0.7235850575180747,0.6630306,0.6601779,0.722,0.64199973403388,0,1
1.173349999999999,1.429084796874751,1.7032259823900624,1.6004013,1.5971655,0.756,1.5417746918220003,0,1
2.1172400000000007,1.8372679779841028,2.092688474861644,1.4553894,1.3549012,0.817,1.6193824764261506,0,1
1.6710899999999995,1.5674274065975844,1.7080348332952542,1.6884212,1.692577,0.87,1.6561205628134898,0,1
1.54779,1.448552912590555,1.5647199950139292,0.9725748,1.1208278,0.958,1.2463847583427001,0,1
1.4464899999999992,1.2115162324339204,1.5333364830659844,1.436006,1.0505008,0.967,1.2387216790816566,0,1
2.4860100000000003,2.5260795015266426,2.8959517362662277,3.2234206,3.0989945,0.971,2.9095859151913013,0,1
1.5875800000000004,1.8488034954708725,2.2290627586282117,0.8507899,0.7383371,0.997,1.2852871330532871,0,1
2.3330700000000015,1.7669849967429931,3.0005441181221992,1.3815209,1.2217332,0.997,1.5287926290399128,0,1
1.3452199999999996,1.4171569302664053,1.7002654114049711,1.2494121,1.5427929,1.067,1.4284094443637059,0,1
1.6198600000000005,1.6450227401386317,1.411637629432052,1.0760913,1.1606355,1.098,1.375056882742215,0,1
1.2688699999999993,1.0539163284439106,1.3548402282440453,1.2357507,1.329311,1.103,1.1960129200162681,0,1
1.1425799999999997,0.9235870323826576,1.1404204262544742,1.3101672,1.1904303,1.104,1.1151262301160896,0,1
0.7959,0.618353949726423,0.7140691128515981,0.78829056,0.7949747,1.105,0.7227098478917572,0,1
2.2617900000000013,2.4475801618906003,2.6024266431817353,1.8162757,1.4251207,1.147,2.013703801538095,0,1
1.1264200000000002,1.0995056384664692,1.0963599228012069,0.99656785,1.0529917,1.174,1.0730973804459525,0,1
1.4753999999999996,1.5220473021939802,1.3085331985825865,1.188379,1.2789016,1.18,1.3829373407517793,0,1
1.6612700000000007,1.6789821277678023,1.6078170819294855,1.075861,1.31017,1.256,1.4344241677975609,0,1
2.1182099999999995,1.846745167559072,2.0966001398590906,2.030768,2.4204843,1.275,2.0872382494490056,0,1
3.06067,2.9429951207356386,2.6507378978738316,3.2055063,3.386685,1.286,3.180045418205529,0,1
1.3801699999999997,1.2331939549652955,1.700937928171725,1.5656074,1.4429961,1.324,1.397801304339552,0,1
1.0186899999999988,0.8778179333150838,1.0148759382506622,1.2350197,1.1708626,1.326,1.0687603317681393,0,1
1.2934100000000002,0.9615341446079715,1.2160992587076305,1.3220077,1.3892734,1.333,1.1939536591297135,0,1
1.6921599999999994,1.6399472956985,1.6603412011430645,1.442099,1.6213347,1.351,1.6038509730559227,0,1
1.8427399999999998,2.044184622736411,1.7092450920059405,1.56969,1.5924097,1.352,1.8136908692396576,0,1
0.8663500000000001,0.5277912838278228,0.8277709834155775,0.60273063,0.13435914,1.379,0.4387582639777226,0,1
2.455240000000002,3.0449814688213963,2.484360941222648,2.4327936,2.3688624,1.381,2.725498828292032,0,1
1.4882799999999998,1.3511379766048552,1.2970553398120352,1.3326969,0.94572884,1.387,1.2447687501874838,0,1
1.3811099999999996,1.8849326387584435,1.3719492722852418,1.1571248,1.3188416,1.411,1.552463737052257,0,1
1.428919999999999,1.5065172666005757,1.4596660754793698,1.68967,1.5765978,1.483,1.5945420767462342,0,1
1.938849999999999,1.6883944022085677,2.3015343128929096,1.648215,1.5440019,1.49,1.6573078440635292,0,1
1.79148,1.824031469246418,1.741612800753577,1.4717852,1.7869794,1.501,1.7444542001417955,0,1
2.80977,2.097514257734637,2.9245984824441065,2.0917232,2.0489502,1.511,2.1088538385360605,0,1
1.5275999999999996,1.7825024409200128,1.7106796979455903,1.3020673,1.3446134,1.528,1.5511460206498078,0,1
1.6654699999999998,1.433950990785507,1.5833734218477198,1.721527,1.551769,1.529,1.5624063912318233,0,1
1.96699,2.110625396029458,1.9465039902832464,1.6379006,1.3539681,1.541,1.7919597131665113,0,1
1.3934799999999994,1.3439489365335637,1.4731949378206222,1.3792272,1.5254062,1.561,1.423826902951739,0,1
1.5372700000000001,1.3973959825041937,1.4590827478099615,1.4846977,1.5000914,1.577,1.4684738701558888,0,1
1.49033,1.7620145649355512,1.628460202692439,1.3808911,1.4050754,1.585,1.5801718766467074,0,1
1.693939999999999,1.833022893304583,1.6866899740493213,1.4578232,1.3403302,1.586,1.6138011579566078,0,1
2.1433700000000004,1.7784463707781746,2.5742512846686725,1.1844474,1.1931664,1.607,1.474022380973628,0,1
1.5406699999999987,1.8045327713133494,1.4631989331556075,1.6063232,1.4566518,1.616,1.6738166511494912,0,1
1.8431700000000009,1.873479460485204,2.26881161289802,1.600185,1.5514151,1.617,1.7315626313826353,0,1
1.5855900000000003,1.4696280210998158,1.4973428818493504,1.5319046,1.6631225,1.636,1.5617366291117114,0,1
1.6261800000000006,1.277046056395003,1.3778698324119152,1.3063325,1.2544509,1.643,1.2945925496843893,0,1
1.8844899999999978,1.919210655695374,2.0349791655576563,1.7328897,1.7958583,1.658,1.8589988133139044,0,1
1.9539699999999993,1.8607451549114173,1.2980300724402003,0.70953786,0.9730642,1.678,1.322646756493643,0,1
2.1215399999999986,2.6132727301935383,2.5971229545514873,2.4438047,2.4311783,1.702,2.549204208981658,0,1
1.9602399999999998,2.0880436784508416,2.238232758685168,2.2733288,2.1465054,1.718,2.1807332337364724,0,1
1.7008799999999988,1.880254345201536,1.753001029849573,1.5889906,1.460892,1.737,1.705157041672425,0,1
2.4859900000000006,2.321357793832663,2.5165845411847454,2.1772003,2.1301575,1.747,2.2574737212810447,0,1
1.6267699999999994,1.203592230540747,1.3534216140894713,1.6646911,1.6403193,1.749,1.468139691256416,0,1
2.9321900000000003,2.1741568510462677,3.1885740727073917,3.6395664,4.042272,1.771,3.13451542852614,0,1
1.4417600000000004,1.5973427355187704,1.555367091831761,1.4274048,1.6265074,1.776,1.582031825859798,0,1
2.583309999999999,2.711792926041591,2.6053045632279117,2.3231893,2.4189334,1.777,2.5590770454474594,0,1
2.0320599999999995,1.8227533719659474,1.8050161581154454,1.770488,1.6446619,1.778,1.780345415670781,0,1
2.136720000000001,2.0191265245508565,2.0561701153385803,2.1887271,2.1766589,1.818,2.135897341711728,0,1
1.7003799999999996,1.5522406956427623,1.5945994317623742,1.6719378,1.465345,1.857,1.5781546357681733,0,1
2.2549999999999994,2.1319235789133115,2.3957109161327286,2.4631486,2.4252515,1.858,2.3323543005707537,0,1
1.5403900000000001,1.37890475796147,1.5552163972217468,1.0450841,1.0167751,1.865,1.2029784210670504,0,1
1.87629,1.9546682309307066,1.9447925297253406,1.9458759,1.8844312,1.924,1.9570133488997876,0,1
1.9390499999999997,1.7339928721379791,1.9740399189950772,1.833589,1.9049379,1.931,1.8326760962867392,0,1
2.01207,1.994984864202853,2.043717758782689,2.130703,1.9083856,1.937,2.030905665866114,0,1
2.476889999999999,2.455260611578816,2.205564144654862,1.4460617,1.8047361,2.004,2.03166312224361,0,1
1.92459,2.029386180166099,1.9459166212608479,2.1735225,2.0972939,2.017,2.1133105158219454,0,1
1.7860000000000011,1.858885594749202,2.06536835775149,1.8619503,1.6029264,2.023,1.8085824201090865,0,1
2.1977499999999996,2.0803762600731797,2.16694150513083,2.0761285,2.1632228,2.045,2.1304725339873203,0,1
2.08814,1.9812769412692317,2.1194640923435286,2.1595135,2.0593157,2.047,2.0764865336078837,0,1
1.9441799999999996,1.7302416907727962,1.766266351177087,1.9981309,1.7751539,2.067,1.83596893981758,0,1
2.411320000000002,2.2754574158729977,2.349514358146627,2.2958708,2.3108296,2.081,2.320600278424175,0,1
2.08964,2.057419280379833,2.2316026963695714,2.148408,2.1929982,2.098,2.1476468809114087,0,1
2.1708000000000016,1.93347837253997,1.5175901326585208,1.0269511,1.6621038,2.115,1.641328033266694,0,1
2.0564199999999975,1.844972299129815,1.9407400813024227,2.158802,2.2403371,2.135,2.067088549718935,0,1
2.6193299999999993,2.5541713653277736,2.356284926002969,2.2061045,2.0816236,2.144,2.3572923277156614,0,1
2.315640000000001,2.410110737045277,2.235766337885452,2.2630882,2.1751993,2.153,2.333792456927341,0,1
1.8488499999999994,1.8264114736756252,1.969098795137179,1.4830071,1.367382,2.217,1.6253151387600355,0,1
2.0808200000000006,1.9577929091304451,1.8661587691326864,2.1359615,1.9642708,2.244,2.0316753855712166,0,1
3.1785100000000006,2.8406249220384914,2.3193286660078773,2.059983,2.2477677,2.259,2.4988112674378113,0,1
2.1909400000000003,1.884886031076101,2.145229745616725,2.2665915,2.2394254,2.262,2.1133158629636553,0,1
2.2677000000000005,2.3011875936508517,2.4141885445448357,2.3570337,2.3284724,2.269,2.3535714165005643,0,1
1.72159,1.6438619418622635,1.5180226380916244,1.9538608,1.7425685,2.297,1.7752947963711434,0,1
3.0537299999999994,2.5705655404109913,2.762592355991024,2.687697,2.1975482,2.298,2.5249825671160764,0,1
2.0374699999999994,1.9539335876012984,2.1961517436020963,2.1047907,2.284796,2.299,2.1158303401209815,0,1
2.931869999999999,1.9619489009954332,3.1574443576819347,2.8343368,2.629561,2.302,2.4118177023256293,0,1
2.320249999999999,2.5157344614379675,1.9011091339087378,1.8297584,2.1187134,2.322,2.2520062417197284,0,1
4.196140000000001,3.6938854080689003,3.551965726099458,2.3451052,2.1404939,2.328,2.932312557956325,0,1
2.32786,2.575209593033098,2.74833683430392,2.87004,3.281535,2.332,2.8930659876097136,0,1
2.3713799999999994,2.3322588429189066,2.3280036916081537,2.3127813,2.3497813,2.345,2.3624460919970867,0,1
1.9510100000000004,2.0208436968261165,2.1992042351957215,2.3879251,2.2005336,2.35,2.1958749605058916,0,1
2.1613600000000015,2.135537863093952,2.5653266043796092,1.7839983,1.7901448,2.363,1.9696625667418026,0,1
2.2884199999999995,2.171248806013268,2.2941091495860446,2.5477457,2.5793555,2.421,2.4177395990764134,0,1
2.027119999999999,2.08149836439627,1.927198440499976,2.3659158,1.825313,2.428,2.1077123857672015,0,1
2.30239,2.4672639196734925,2.5245445446789567,2.5715451,2.5072863,2.433,2.538221938318124,0,1
2.322500000000001,2.312833169341568,2.37124452320207,2.2961173,2.3677118,2.434,2.3544582319852716,0,1
2.748900000000001,2.6554342785387837,2.8038765571191324,2.6571946,2.5248237,2.516,2.651879929735966,0,1
2.291890000000001,2.187862644488216,2.3201926999713303,2.5244894,2.3723965,2.535,2.3584963904132925,0,1
2.5317800000000004,2.403465658267109,2.6113377210534954,2.7135658,2.6901367,2.572,2.599918141299384,0,1
2.58715,2.5403485472434935,2.6604851998789343,2.8143454,2.704436,2.651,2.6931294933705345,0,1
2.1399500000000002,2.030340024787309,2.0782893665146913,2.711728,2.809561,2.654,2.463817907496159,0,1
2.721690000000001,2.606737556276327,2.6660652786715047,2.7464194,2.6328213,2.732,2.6846808086319864,0,1
2.5339200000000006,2.4884534779915017,2.6502286797502665,2.6588297,2.5658839,2.737,2.5879809847111033,0,1
2.3464700000000014,2.2469684796890754,2.4342127075281046,2.5833993,2.4613562,2.746,2.4270781080680015,0,1
2.6865599999999996,2.6401495014998897,2.364465226094985,2.249691,2.1578252,2.781,2.43040667948781,0,1
1.9605799999999993,1.9010972440116218,1.8194258080637056,2.4372783,2.1379998,2.787,2.13567384139614,0,1
2.7055999999999996,2.8295112843281967,2.715524450571993,3.0375967,2.7307334,2.829,2.8916022162520543,0,1
2.698419999999999,2.5489518555440362,2.696122387120938,2.7970352,2.7193253,2.829,2.6969006003914817,0,1
2.6472899999999995,2.7218089801564638,2.78788680455035,2.7788153,2.7366598,2.831,2.776283750916574,0,1
3.2649399999999997,2.7286823382510343,2.8642502451067,2.5718994,2.9345634,2.835,2.7833139951472177,0,1
2.6252999999999984,2.8676955350585094,3.0274583007778237,2.6423798,2.70454,2.844,2.7978444221085432,0,1
2.8442599999999976,3.0587241559267655,3.0745550738081193,2.9447374,2.8108633,2.893,2.995642980906445,0,1
3.175389999999999,2.9561112011669906,2.872470259985383,2.992939,3.196245,2.912,3.0744573162886404,0,1
2.9605700000000006,2.929893201748643,2.9134820469790017,2.9310126,2.9920368,2.921,2.986299127012015,0,1
2.3354999999999997,2.3765876100309415,2.5649467984782093,2.22786,2.2012312,2.938,2.3168709722240344,0,1
2.97778,2.8854338750812314,3.0648508578102556,3.1230812,2.9944074,2.976,3.016974815244743,0,1
2.800250000000001,2.6028301500584528,2.9339575498965957,3.0642743,2.85483,2.985,2.8313299770246703,0,1
3.5213100000000024,3.3989465818934455,3.3827155937333946,3.4321928,3.3523605,2.992,3.437915432462453,0,1
2.833189999999999,3.2079920713680976,3.3339415758455093,2.9222283,2.7196233,3.042,3.0312417325339274,0,1
2.3103700000000003,2.4828122178100283,3.0043624076252002,2.9201446,2.7450492,3.051,2.7064491144603595,0,1
3.489730000000003,3.3649747024380927,3.4690070842945366,3.1658163,3.2523315,3.065,3.3232310335921347,0,1
3.14866,3.408207887321164,3.1920505157560677,3.2576342,3.1830122,3.076,3.3467124490236384,0,1
2.96737,2.7460111512638448,2.1370292798223915,1.8986892,1.7816483,3.125,2.276455520255813,0,1
2.88344,3.0508264425449227,2.9564106632533225,3.1447978,2.7490466,3.19,3.026294847510191,0,1
1.5292199999999994,1.6885621688754937,2.060344951855761,2.1693609,2.4153917,3.21,2.049694931676005,0,1
3.37683,2.9985626904376836,3.02050588837837,2.6617508,2.3014615,3.217,2.744461404160825,0,1
3.07307,3.0522012783973915,3.1526222090350244,2.8860078,2.8792322,3.324,2.9973426918869785,0,1
2.8050499999999987,2.910391035939869,2.85578089697526,3.1875548,3.2203672,3.324,3.111608503052645,0,1
3.1065100000000005,3.270595827420279,3.732925999996802,3.8072948,3.120808,3.35,3.4095018670293062,0,1
2.688319999999999,2.560874398909043,2.020485363754242,2.9104786,1.8566972,3.356,2.478859410165316,0,1
3.3001199999999984,3.6295651274330436,3.60875238847552,3.848383,3.8071287,3.359,3.7859255058529344,0,1
2.6732299999999993,2.646690032379938,3.000611448274753,3.4419174,3.2383468,3.369,3.062900172365073,0,1
3.426069999999998,3.195050561430538,3.1503116631763324,2.9538674,2.6085894,3.396,3.0010179626801254,0,1
3.305110000000001,3.243724038968215,3.307699806580132,3.4141917,3.1614754,3.435,3.306166218184174,0,1
3.010939999999999,2.9140061786618854,3.413097442809681,4.1086097,4.136932,3.502,3.6235974212107873,0,1
3.1171399999999987,3.3858462723515346,3.420351731680217,3.6863856,3.6007316,3.507,3.5714203736188264,0,1
3.825470000000001,3.9375229710805844,4.204394315427573,4.418418,3.8434894,3.531,4.086796545574222,0,1
3.0870900000000008,3.00668901480479,3.0756743618031086,2.2982836,2.6791632,3.604,2.7638303981753176,0,1
3.2218,3.3700709623794074,3.1462782678823586,3.8979783,3.5776608,3.625,3.6128633768544267,0,1
3.784529999999998,3.6603903366109196,3.7851741342415077,3.9779153,3.937162,3.628,3.8721287902561556,0,1
3.46858,3.369523897211419,3.3593485724427863,3.6089053,3.5587468,3.629,3.5313325569464187,0,1
3.2262999999999993,3.214605503012189,3.0542073817302997,3.0408263,3.2121103,3.649,3.209899352408435,0,1
3.48133,3.5966951094884125,3.497348816713891,3.3801775,3.4664156,3.667,3.5482221052211127,0,1
3.5933300000000004,3.508691773830494,2.526847239755763,2.8823943,2.7648969,3.731,3.1716412689606237,0,1
3.0760300000000007,2.5813956687990585,3.0768306836575787,2.753418,3.2536824,3.731,2.857168322155228,0,1
3.174359999999999,2.8361391919471326,3.271040630069621,3.613975,3.2879002,3.781,3.209177405194465,0,1
3.5955300000000006,4.573026404770939,4.196462926219782,3.8478498,3.8844109,3.8,4.240027057854503,0,1
3.2278799999999994,3.0168005248123455,3.0583661609851704,2.8334398,2.889482,3.881,2.9703872125938244,0,1
4.350250000000005,4.50156640937703,4.044032638399656,4.30622,4.231245,3.908,4.429228296098751,0,1
3.6644999999999976,3.627101142413147,3.882043217131315,3.3888745,3.4175727,3.951,3.550071513810498,0,1
3.7512500000000006,3.8445275468172144,3.9844380654452833,4.1854935,4.2839036,3.966,4.112517455627807,0,1
3.512820000000001,4.316307473997099,3.4506612754333816,5.0835238,5.119956,3.972,4.808988163823344,0,1
4.093119999999998,4.162819100699114,4.071267371654569,4.4422565,3.9613345,4.164,4.230687931111399,0,1
3.9976200000000004,3.843124381209505,4.264788361685913,3.8510213,4.0302887,4.219,3.9498082930541702,0,1
3.7795500000000017,3.7315097305211,3.639353229133581,4.4688015,4.369322,4.44,4.16011290620314,0,1
4.25257,3.8718237821762087,4.266605865634336,4.1065273,4.067729,4.652,4.040861105218741,0,1
2.95286,2.9742042571292275,4.266251755370111,4.779824,5.2078414,4.702,4.141323426774252,0,1
3.16737,3.276311121485013,3.085603945988942,3.4131417,3.2008858,4.706,3.332365474447841,0,1
3.7881299999999998,3.7633288811307564,4.096149993581136,4.677489,4.656775,4.724,4.313715743012916,0,1
3.9387999999999983,4.177616645164516,3.806070204666894,4.662972,4.6133122,4.792,4.486657421567683,0,1
5.198539999999995,5.404455980571443,5.258609343103801,5.1772118,5.2993426,5.081,5.38392685959829,0,1
5.259720000000001,5.771148527983717,5.50372606175697,5.4548626,5.2707334,5.179,5.615997023428997,0,1
4.160899999999997,3.8649845615021707,3.8786038188450296,5.203519,4.7695003,5.202,4.531108344806558,0,1
5.440309999999998,5.946145422910192,5.553489440939471,6.009096,5.8531203,5.225,6.012188960731792,0,1
5.307790000000003,5.61553577518106,4.881832294073462,5.7923594,5.6293445,5.286,5.738496969754253,0,1
4.804510000000002,5.379538740783681,4.04124400029707,5.324735,5.219122,5.324,5.3876282880334525,0,1
5.444550000000003,5.443455654591331,5.448763411526317,5.6427646,5.516592,5.347,5.587497967260069,0,1
5.1014100000000004,5.13270499891842,5.628987027843358,5.5806203,5.5321383,5.348,5.433638534331994,0,1
3.6866799999999995,4.4628953185673925,3.809185731095039,3.9052248,4.277843,5.361,4.320168730838571,0,1
4.0384899999999995,4.296062625239399,4.134807246015278,4.779542,4.7651744,5.397,4.615951850831622,0,1
5.13077,5.230021945899653,5.2214603925517284,5.2091084,5.2380223,5.487,5.2944937908788114,0,1
5.195560000000001,4.969928710778736,4.806383282251083,4.7799873,4.6019077,5.613,4.8763820080091325,0,1
5.1951800000000015,4.969928710778736,4.848195012401366,4.8810744,4.7091537,5.635,4.9343445412128055,0,1
5.114249999999999,5.240391884093508,5.243723641768021,5.4365954,5.495471,5.787,5.434402922656254,0,1
5.229459999999996,5.4429650980419835,5.29930069716195,5.444272,5.4454665,5.946,5.514396378378377,0,1
5.098480000000005,5.178555162424869,3.438050300202703,5.9250574,5.6065516,6.047,5.566686696817174,0,1
5.162750000000002,4.885928289476312,3.04427842666696,2.950675,3.1910024,6.116,3.9445792185426676,0,1
6.27125,5.906090140033999,5.894446434079741,6.16581,5.870259,6.176,6.039952194484122,0,1
4.37928,4.377062898812218,4.657198345885298,5.0094213,5.236861,6.247,4.851682178775265,0,1
6.106240000000003,5.964808158856459,4.93751639579304,6.140451,6.1923847,6.301,6.154723509305406,0,1
5.749300000000002,6.075245505302879,5.609097099745625,6.815778,6.611564,7.217,6.505200122157019,0,1
7.856890000000005,8.409091663831893,5.642352899952046,8.246376,8.408006,8.25,8.474840365693977,0,1
7.326310000000009,7.750127885038221,4.847898579774968,8.354249,8.134602,8.681,8.121423804349122,0,1
0.3982000000000002,0.7248277904073531,0.7882274838898407,0.9997693,0.39967865,0.001,0.6689990236651915,0,2
0.5078500000000002,0.5258416610567876,0.7036820721668624,0.83987993,0.6148435,0.009,0.6631059300880046,0,2
0.5712200000000001,0.6794324586032342,0.8665194769404865,0.84677243,0.71275187,0.013,0.7449419836121329,0,2
0.7935599999999998,0.8212393000985432,0.3287852478314379,0.56138253,0.2809051,0.029,0.5619613878778198,0,2
1.3345099999999994,1.0292325768037727,1.0718712763376181,1.2959462,1.0477475,0.069,1.1754074554705782,0,2
0.4101800000000001,0.7459528993289839,0.831579111889591,0.3286705,0.36840814,0.228,0.4602817915331481,0,2
1.1908500000000009,1.2044622663330202,1.2011931994051326,0.7795131,0.5466083,0.555,0.8627126659219028,0,2
0.7780500000000005,0.9177639264041574,0.8741099662036831,0.47505093,0.44094193,0.636,0.615058138874065,0,2
0.6644100000000003,0.48993132021047897,0.49179489525713116,0.7365122,0.5671562,0.651,0.6239886042022604,0,2
1.0990900000000001,1.0058808778187474,1.0189879171992773,1.0548493,1.1423283,0.71,1.1034209359469702,0,2
3.746379999999998,3.7097293086106466,4.534780667866603,4.3475947,3.9986358,0.712,4.095186432051395,0,2
0.6564199999999998,0.7328419775371411,0.9213808007766577,0.67799944,0.49433282,0.722,0.6374005131570684,0,2
0.87716,0.8115504633419895,1.1665380242735837,1.5088544,1.0996981,0.841,1.153386640896363,0,2
1.7783899999999997,1.8227817971289142,1.5491887118011325,1.2126452,1.1091008,0.845,1.4148198341864908,0,2
1.0682700000000003,1.1708238559512085,1.2567833261513632,0.7918161,0.4458141,0.889,0.807657355962524,0,2
1.663549999999999,1.7194996634864175,1.7636875673972645,1.2981404,1.2699988,0.896,1.4608081617666642,0,2
1.8909400000000007,1.89474770212805,2.300401578462342,1.2330784,1.0160795,0.919,1.4177650319672646,0,2
1.3501399999999992,1.4342546800948501,1.0006674108090852,1.1740062,0.90382093,0.995,1.1855853808577677,0,2
0.7842300000000002,1.0198393863886965,0.9963703218173297,0.77454245,0.66777897,0.998,0.8133883035894893,0,2
1.5074399999999994,1.547422215819735,1.5682908451444582,1.5849638,1.2020755,1.017,1.4638324767892454,0,2
1.9352699999999987,1.3633972520895752,1.0501631711880994,1.6639869,0.6551756,1.027,1.2953834330128866,0,2
0.9088199999999996,0.8789114139498472,0.9059413220430144,0.9841123,0.90495026,1.029,0.9434055999391717,0,2
0.9922000000000001,1.0540825190313565,1.2817845120583182,1.4460125,1.2853615,1.045,1.273188813186151,0,2
1.5006299999999997,1.7110236147598743,1.4024379975357462,1.4483371,1.4296218,1.097,1.5432252418376926,0,2
1.5077500000000013,1.820114193531179,1.5047640763920205,1.0987883,1.0615451,1.098,1.330957735828039,0,2
1.7025700000000006,1.1102588016499566,1.1713741935702917,0.7603117,0.63016903,1.126,0.9238572196921455,0,2
2.259180000000001,2.308163775417598,1.4461573468538405,1.0159125,1.0028968,1.129,1.4892763126666622,0,2
1.5826500000000003,1.700821042809686,1.2514951896803483,1.0540073,0.78599524,1.131,1.197657547205601,0,2
2.4264099999999997,2.7005763268808796,2.2302848985047,1.8280134,1.827844,1.144,2.148285725132929,0,2
2.7889299999999997,2.5839709529471526,2.6463623750909715,2.1871994,1.7472708,1.174,2.2422908438580498,0,2
1.14981,1.001895964391455,1.1627739520139226,0.9999338,1.2430065,1.194,1.128089561854942,0,2
1.2205,1.1351234777375332,0.9437369931572248,0.7524991,0.8640944,1.195,0.9561152045976722,0,2
1.3740399999999997,1.576614212067716,1.6994647161356702,1.8664309,1.6346924,1.231,1.6973813445740031,0,2
1.8236699999999988,1.3662681319013459,1.191975068808853,1.344929,0.81222284,1.234,1.2429990641114728,0,2
1.7612499999999995,2.0045417378636956,1.6092379918127955,1.1363508,1.1198779,1.247,1.4372936057754797,0,2
1.4074200000000006,1.5788741901181433,1.2889839371855147,0.8746206,0.75173676,1.289,1.0810702832408676,0,2
1.400739999999999,1.2530153319274826,1.304598342365182,1.5323422,1.4668905,1.333,1.4604017913256495,0,2
1.29123,1.4712146010573066,1.2945418894101375,1.0883703,0.9752721,1.334,1.1874718426777895,0,2
1.399569999999999,1.6136598824336914,1.6223494241830345,1.5430808,1.181488,1.366,1.4470760929031088,0,2
0.6874799999999998,0.44625130961922305,0.7186121678302015,1.3348682,0.99615633,1.379,0.9531313288884293,0,2
1.8870100000000005,2.0940064632916338,1.7262420083021488,0.8075604,0.7565722,1.379,1.242111570713686,0,2
1.482150000000001,1.6142835286488852,1.2238530641651628,0.98239976,1.0455222,1.389,1.2372931400654608,0,2
1.2599400000000005,1.387635621434736,1.143667572072319,1.0881592,1.1350911,1.409,1.2214758746039205,0,2
1.6495800000000003,1.8315125907231635,1.7535507819832639,1.8057039,1.7386837,1.419,1.8098935455411798,0,2
0.9929699999999997,1.1554019083196911,0.5843857724324844,0.7501142,1.0342212,1.432,0.9953955848875029,0,2
2.49099,2.363158432027109,2.5632557101861573,2.6921232,2.3210363,1.441,2.51551388395797,0,2
1.669479999999999,1.4197330858249821,1.7206989214123618,1.8034842,1.725125,1.442,1.7075232927095256,0,2
1.8064899999999997,2.0975287921953027,1.9831913714163365,2.0154855,1.7484859,1.48,1.9594128997843716,0,2
1.7191300000000005,1.5636120673685243,1.4636494096714798,1.421084,1.4556746,1.484,1.534265669505501,0,2
1.701719999999999,1.5705798083902682,1.4451557294262671,1.3106507,1.2988313,1.487,1.4436314906046852,0,2
3.0547700000000004,2.962992789248097,2.783997668976211,3.1226118,2.7779956,1.488,3.0214324101079417,0,2
1.826569999999999,1.6752906248348223,1.6599691147981395,1.562956,1.3481545,1.522,1.5778230338470856,0,2
1.389379999999999,1.5481604848618837,2.009001013781001,0.947716,0.3838519,1.538,0.9607037860630219,0,2
1.81867,1.8738600015923232,1.808512587091324,1.4281716,1.347664,1.544,1.5835697681497152,0,2
0.8205699999999997,0.9530404622102533,0.6781248469572905,0.7946847,0.78458166,1.595,0.8499056578321748,0,2
1.8684199999999995,1.839773125414735,1.9216814134719322,1.6231697,1.7927042,1.611,1.801381702766346,0,2
1.7054699999999992,1.7143076201343415,1.501060128603556,1.4494938,1.2093958,1.621,1.4884837311780592,0,2
1.7104000000000013,1.6798813510505886,1.4307750554853633,1.3796244,1.6061288,1.672,1.6030670648611234,0,2
1.8375600000000005,1.8128145746440356,1.8446887550703264,1.4709752,1.6569589,1.677,1.6959661682631482,0,2
2.27184,2.528360933136357,1.978380178602705,1.59831,1.3790768,1.7,1.8567602662246958,0,2
1.8821900000000014,1.6509849748099859,2.2229747369930646,1.384587,1.7837332,1.716,1.6818188031982604,0,2
3.3961599999999983,2.5039869151028484,3.012401794292571,3.5603588,3.423089,1.718,3.316964118941856,0,2
2.0188400000000004,1.881641817784607,1.7807341056552697,1.788245,1.5918392,1.731,1.8064096136690235,0,2
1.4100300000000001,1.6304931165608973,1.2039525183350874,1.3554708,0.76851064,1.743,1.245946876736523,0,2
1.7233500000000004,1.626383625040265,1.8019771944322733,1.7223451,1.6605521,1.749,1.7155025800858759,0,2
1.6066100000000003,1.695925900480087,1.3209301248357146,0.7878204,0.8749008,1.753,1.1505565618739948,0,2
2.847310000000001,3.361948983838633,2.891847570241071,2.749842,2.6606836,1.755,2.93767134881877,0,2
3.353539999999998,2.439428183802902,2.9880559883686417,3.561465,3.3811374,1.772,3.2816375836345637,0,2
2.260309999999999,2.4025534182083774,2.367080915161144,2.3265862,1.9402798,1.828,2.249415520982264,0,2
1.62535,1.4633945823740218,1.753001827935947,1.8304763,2.133986,1.829,1.8690169263173997,0,2
3.61533,3.2965151286751446,2.9470638153795243,3.295617,2.9456167,1.831,3.2799898829564764,0,2
1.8936399999999995,1.6818912482747561,1.994587808046016,1.8623976,1.6998515,1.833,1.805400336677236,0,2
2.0648600000000004,1.99468569420143,2.1445441244381938,1.9103246,1.9452355,1.835,2.0038920946698227,0,2
2.565760000000001,2.622980058874775,2.461737682555577,1.9502704,1.562495,1.848,2.086940941897841,0,2
2.415050000000001,2.0755180503492285,1.976688539894205,2.2727997,2.0796075,1.849,2.2227401907878432,0,2
1.9126200000000002,1.836534454597401,2.2618034026374083,1.9448516,1.8119459,1.887,1.9104227112454963,0,2
2.4597899999999995,2.858786359573833,2.501265518229642,2.7008336,2.3415499,1.947,2.641239370861431,0,2
2.95959,2.8324480304031856,3.366370566608718,2.7832792,3.0738926,1.951,2.9829169765720804,0,2
2.009440000000001,1.967328650524169,2.027522426919627,2.3129425,2.1696906,1.954,2.194387344569306,0,2
1.9244799999999989,1.8779906632879602,1.9381397790046384,1.7370619,1.9444952,1.963,1.9066015606750573,0,2
1.9092999999999998,1.847597825453034,1.9931053015158735,1.5525081,1.8110026,1.966,1.793164448989701,0,2
2.209200000000001,2.178364826684506,2.492683118369701,1.9599843,2.2144198,1.99,2.1773252305134982,0,2
1.97589,2.187828069579637,2.0329034685914715,2.4355788,2.3706188,2.013,2.3535033404161214,0,2
2.0978700000000003,2.159807578701282,1.6909037254680366,2.2002897,1.8451955,2.015,2.09936552021085,0,2
2.21201,2.473586743405212,2.8295868742423007,2.5261421,2.8690648,2.023,2.6575254652211338,0,2
1.837849999999999,1.8987980408967373,2.009476169273298,1.7175467,1.8977369,2.038,1.8787057558335831,0,2
2.1203100000000004,1.85029002865188,2.0180397653152466,2.1392374,2.277389,2.04,2.1652835982919116,0,2
1.8711799999999994,1.8558146333997978,1.3409025179909584,1.6882217,1.6197109,2.048,1.7627434799631527,0,2
1.9911200000000004,1.6809750911739831,2.2233729258926886,1.6377608,1.9055854,2.053,1.8226808997692305,0,2
2.0703899999999984,2.240690527310616,2.0726955976419474,1.9431272,1.7728878,2.054,2.0113562396799174,0,2
1.8388200000000001,1.6466940179079905,1.7451086130943267,1.9289684,1.8276464,2.064,1.8570192939379049,0,2
2.087809999999999,2.1303449343105636,1.850570473559858,2.2385333,2.0528598,2.09,2.1778498644159567,0,2
2.06621,1.9895361583536457,2.20323009074118,2.090242,2.485311,2.114,2.252846644389071,0,2
1.8508499999999994,1.9159107240628035,2.2331266138603825,2.3887699,2.1828573,2.143,2.191396943558364,0,2
2.0839099999999995,2.147564963969061,2.3206641551071603,1.916638,2.10105,2.153,2.101182711574902,0,2
3.6525300000000005,4.04513180865425,3.6567207975403817,3.5758138,3.094953,2.156,3.6036245938586866,0,2
2.1639699999999986,2.319260252569202,2.236260555279711,2.236952,1.9800109,2.157,2.205324915849866,0,2
2.352899999999999,2.3352292379204997,2.2373436399826407,2.1989775,2.2523456,2.167,2.3180898815557156,0,2
2.1837299999999984,1.7336367592328241,3.057848802824017,2.5003817,2.2304864,2.211,2.237321523687537,0,2
1.879139999999999,1.924685236259394,1.8180419871516285,1.9432377,1.9924763,2.212,1.9925685132866238,0,2
2.084629999999999,1.9770415233779024,2.1276669603090843,1.9950801,2.3394017,2.214,2.1702840652099797,0,2
1.7498399999999996,2.176748050228281,1.7482330644682949,1.3730245,0.9502384,2.214,1.4879456428698683,0,2
2.4335800000000023,2.7518179095183024,1.9430495575978757,1.907355,2.046619,2.223,2.2646986236345756,0,2
1.8348100000000007,1.5797596076575007,1.577921609870137,0.8358233,1.2571149,2.223,1.3019509987850533,0,2
2.0473799999999995,1.9166579927311551,1.9918425283207584,1.6938074,1.9363897,2.23,1.9141055877803799,0,2
2.26742,2.1735404792826483,2.3885671838137914,2.1533241,2.286974,2.239,2.267908572697634,0,2
2.1384700000000008,1.8691769386568338,1.945666175767145,1.2177551,1.7091459,2.242,1.6864230603577062,0,2
2.13441,1.9357855425217567,2.1233348716277565,1.5293,1.967549,2.252,1.8901096352350188,0,2
1.9090299999999985,2.1468572584799595,2.3406586705553742,1.976477,1.6978317,2.265,1.9530160167575,0,2
2.274460000000001,2.319051559747779,2.8137065127731167,2.4569333,2.7887378,2.27,2.577500781013103,0,2
1.923969999999999,1.665811230888006,1.8170617033731518,1.6039646,1.5620502,2.281,1.676689183197418,0,2
2.245159999999998,2.103425177599979,2.090586443418185,2.1703188,2.292777,2.348,2.255711665048857,0,2
2.175429999999999,2.2724874678281557,2.4061675108193246,2.008367,1.9840654,2.354,2.1274215674812353,0,2
2.186849999999998,2.0142209091299517,2.2528655963137076,1.9779102,2.1371565,2.362,2.112720993476095,0,2
2.1774899999999975,2.0033254359808725,2.289841802609438,2.0172863,2.2510118,2.363,2.1621628293808732,0,2
2.0422000000000002,2.070009435656805,2.015722272529505,1.8658681,1.980884,2.37,2.0187790806479278,0,2
2.261,2.1534243678587384,2.4156825230341665,1.948555,1.8819848,2.378,2.0536036831980495,0,2
2.368969999999999,2.3710066145640294,2.2942968433505166,1.5001075,1.7128607,2.457,1.9210849604389482,0,2
2.3861999999999997,2.0557607029174956,2.3029267735898364,2.4964538,2.7001643,2.461,2.5070745191902946,0,2
2.2872200000000005,2.14941732627027,2.5651599708746735,2.6755302,2.3639617,2.462,2.4508996063826833,0,2
2.14364,2.069959989308053,2.1667355813642555,2.120895,2.5153713,2.466,2.301380141807339,0,2
2.5672599999999988,2.5069782172667887,2.5983516928705237,2.601518,2.2555962,2.473,2.5077833619676335,0,2
1.8444899999999993,1.9336275407533123,1.9886457199655396,1.8608242,2.275404,2.486,2.0680119979557965,0,2
2.2445999999999997,2.5176461300905424,2.34676609035046,2.059634,2.5655608,2.535,2.420392257337887,0,2
2.4259300000000006,2.352883698615873,2.3950299463617717,2.5102923,2.3201685,2.585,2.449932140301485,0,2
1.999289999999999,2.354386251012891,2.5737557092633874,1.4305315,1.6981126,2.585,1.8476854801992457,0,2
3.268750000000001,2.5974501679332866,2.502755290201919,1.9318829,1.1445382,2.596,2.0056409508007627,0,2
3.44185,3.676502717983187,3.3797057173884593,3.2267363,3.2379384,2.598,3.4361204256875943,0,2
2.348780000000001,2.105388733952451,2.033552576382681,2.0313559,2.6929817,2.607,2.3707778844193736,0,2
2.574959999999999,2.6159611787665855,2.692704169402966,2.7371762,2.496954,2.621,2.6634328833230336,0,2
2.7813399999999966,2.855174571726985,2.818371879548509,2.7176821,2.4121346,2.622,2.7083617214511064,0,2
3.2835599999999983,3.373607068508454,2.7205922143086037,2.0638032,1.9384679,2.647,2.521445992590435,0,2
2.548230000000001,2.6746368048462243,2.7597300779120237,2.606458,2.5381122,2.649,2.6496274743726764,0,2
2.7395199999999993,2.5328428824436378,3.0660655050046968,3.122969,2.4485922,2.69,2.7622462243456907,0,2
2.6891500000000006,2.564260166808629,2.8352323081911757,2.825045,2.5127072,2.704,2.6966433588617704,0,2
2.3658600000000005,2.3561912104148774,2.272777082043272,2.3858888,2.246161,2.717,2.3791860259020003,0,2
2.276710000000001,2.0891248512142124,2.444989839340977,2.3731332,2.1586113,2.729,2.269012759505321,0,2
2.54071,2.515608054469925,2.8335864868069187,1.8396881,2.091214,2.759,2.215866118807241,0,2
2.5609399999999996,2.4513258596803347,2.4262525015187175,3.0445135,2.7110357,2.768,2.792998185262001,0,2
2.8290699999999998,2.8263726447849713,2.9550040160553017,3.0421512,2.6913524,2.834,2.906556270420617,0,2
3.00231,3.0121543091071294,2.8814932775422792,2.7653196,2.728191,2.862,2.90060947787679,0,2
2.8259599999999976,2.7425663283707764,3.0077945444321745,3.0682106,3.1064467,2.868,3.044107470127741,0,2
3.0414799999999986,3.1833787952332577,3.441346999077321,3.3753364,3.1983361,2.89,3.301769346824657,0,2
2.8117100000000006,2.8047391473017633,2.693450879461695,2.981741,2.880506,2.891,2.949409703873229,0,2
2.2732599999999987,2.2693142112103812,2.345667554945561,2.7848222,2.768734,2.9,2.657767486884572,0,2
2.8413000000000013,2.492336021699496,2.833404905971634,2.8672693,2.9483428,2.91,2.8674247596133053,0,2
2.429959999999999,2.550796378183167,2.6263692139576222,1.3418857,1.4354359,2.928,1.82300724197665,0,2
2.8850999999999996,2.9487620035692568,2.8981585118434694,3.1087167,2.9543977,2.97,3.057899607710737,0,2
2.9120599999999994,2.7412155954880744,2.9460027484056868,2.995227,2.913393,3.12,2.9617685881032427,0,2
3.1654299999999966,3.24039816954749,3.0294659727506996,2.6631079,1.7851986,3.167,2.6022919688894453,0,2
2.6838400000000013,2.4926925075543127,2.817904928198598,2.709246,3.074832,3.172,2.8469776762094128,0,2
2.7820799999999974,2.430056188355545,2.3606121750841567,2.238216,2.447547,3.213,2.473284565310071,0,2
2.9729800000000006,2.6955376911819684,2.773719514041868,2.6905544,3.0681896,3.271,2.921289103281978,0,2
2.7801299999999993,2.854907572627179,2.8521548062819364,2.5465858,2.855856,3.283,2.8166988214892292,0,2
3.557370000000002,3.7612309650426567,3.4751394756817597,3.631724,3.4364977,3.284,3.664792204470888,0,2
3.8305400000000005,3.959897412710638,4.9571765206545955,5.059446,4.536885,3.311,4.576144195167334,0,2
3.8206099999999994,3.4883914698588034,3.8284464822024473,3.441333,3.6418934,3.344,3.6461593041883127,0,2
3.4672799999999997,3.6753973862846263,3.3431051423191906,3.9178956,3.5872283,3.35,3.7751411142634255,0,2
3.101679999999998,3.0477420864895324,2.8102253289989974,3.0134723,3.052465,3.385,3.1134115839110628,0,2
3.248549999999999,3.3585873478232213,3.239518835941974,3.1819375,3.0128293,3.523,3.2421173109916346,0,2
3.212729999999999,3.131690806036582,3.1788312584365217,3.2475116,2.840396,3.547,3.1408932578232776,0,2
3.084910000000001,2.99830075472442,2.8980099135221264,3.0643206,3.3295693,3.561,3.2152585925771415,0,2
3.276810000000001,3.0658163799331763,2.9534828349905915,2.737013,3.0159097,3.562,3.0408847853836067,0,2
3.9719299999999986,4.282936764849405,3.6263361309461515,3.4625015,3.6661272,3.685,3.8701490161605907,0,2
2.6850099999999992,2.5403937481629275,2.6938654680100824,2.8827448,2.9620805,3.692,2.8705135827335178,0,2
3.418859999999999,3.231619469186662,3.423368594943443,2.8967588,3.2411194,3.811,3.227285685992629,0,2
2.66674,2.444180658190467,2.5821375876106982,2.8650284,3.1530623,3.891,2.9089442882654515,0,2
3.7019499999999987,4.323463408944405,4.0645408103163545,4.0242333,3.650632,3.98,4.013601232872415,0,2
2.8975700000000013,2.9841475982382364,3.2989057651528326,3.1472385,3.589088,4.019,3.309172756078622,0,2
4.076590000000003,3.973681474702153,4.0012321647685365,3.9776275,3.816288,4.038,4.018692303950466,0,2
4.078599999999998,3.915009195534828,3.8326042120148966,4.6609583,4.3923016,4.055,4.420780470083925,0,2
2.6481499999999993,2.4277512501803047,2.6053150136309977,2.823037,3.0771503,4.269,2.862612606755708,0,2
4.105350000000002,4.054063127237297,4.1244465459221775,4.333027,4.213145,4.562,4.292914767173485,0,2
3.4494399999999983,3.3645993966649352,3.567672126791682,2.2323081,2.5877829,4.606,2.8246286078309932,0,2
2.433340000000001,2.6406777211553036,1.9284659653056266,2.3298914,2.0588975,4.689,2.370731615374618,0,2
4.407140000000001,4.5007409229126765,4.461456655662028,4.2183633,4.4655714,4.726,4.491942184718754,0,2
4.402890000000002,4.5007409229126765,4.527358232104584,4.670803,4.6600356,4.747,4.699249553476795,0,2
4.515930000000001,4.773283364327743,5.173366802246043,5.278206,5.086345,4.8,5.1167188737218385,0,2
4.174539999999999,4.02682323287434,3.813053485676675,2.9165628,2.9835982,4.827,3.4192693374327807,0,2
3.7980400000000007,4.164974440878728,4.231551631741439,4.0522895,4.4146676,4.853,4.2715377517997934,0,2
5.664919999999999,5.3571963760882895,4.193107799469629,5.952404,4.8943505,4.995,5.526032818512857,0,2
5.699459999999998,5.976690936890495,5.5401586741246795,5.6253066,5.686088,5.084,5.866182702499737,0,2
4.88514,5.204710740835904,4.614406957345624,4.3077655,4.6656537,5.159,4.816411778996409,0,2
4.247139999999998,4.401888554515539,4.967815082033763,4.618216,4.7401314,5.166,4.670373029626549,0,2
4.521939999999998,4.859540620088264,4.789197393358508,4.546906,4.9472413,5.193,4.865684547121084,0,2
5.387039999999996,4.904028544622414,5.06906740211186,5.1103354,5.054301,5.379,5.186746118015769,0,2
4.298320000000001,4.801338244803275,5.0528603942829555,5.3537483,5.199578,5.384,5.16211495862375,0,2
4.811969999999999,5.172713733165472,5.098615877370154,5.268487,5.347429,5.447,5.338721706138644,0,2
4.9699800000000005,4.753267748363778,4.5051940906770485,5.239409,5.1911955,5.496,5.190769995901283,0,2
5.672020000000004,5.95010642365688,5.569688366983774,5.8985248,5.948771,5.741,6.034630521954884,0,2
5.454580000000001,5.480112791813614,5.6240667177486525,5.950267,5.813255,5.938,5.862964469425722,0,2
5.0499500000000035,4.690015284822083,5.413757950958215,5.754829,5.4890733,6.001,5.449178546785339,0,2
5.610320000000005,5.7428080783703885,5.794195153223871,6.4907146,6.416812,6.063,6.326802435837513,0,2
4.659030000000001,4.779295275071426,4.209724728313471,5.83135,5.961321,6.127,5.619359651601453,0,2
5.828600000000006,6.206059521767754,4.775396468751932,6.327646,6.023009,6.136,6.27163534563472,0,2
6.997010000000002,7.569709303040853,6.535136663981941,7.9469347,7.402413,7.966,7.726450460875691,0,2
7.589680000000004,7.759129788835136,5.4017388578611865,8.500203,8.686762,8.177,8.473568407084516,0,2
7.7499100000000025,8.155176852320254,5.437594317594995,8.341838,7.938081,8.85,8.268534716908457,0,2
0.5180100000000005,0.81810209578426,1.0335055627758951,1.0717587,1.0249053,0.009,0.9236763277846538,0,3
3.03198,2.9900967407542494,3.28016320979859,2.9181268,2.89309,0.085,2.9990217451343053,0,3
0.8021599999999993,0.7066166513540746,0.5243927678601956,0.96089077,0.7851786,0.086,0.8035186867422554,0,3
1.2998699999999999,1.226509410268072,1.26549903104041,1.0681292,1.1334436,0.1,1.1987790326858603,0,3
0.5989999999999999,0.8220707535700889,1.0853159697645536,1.1387111,0.88931644,0.118,0.8653874380817324,0,3
1.2450399999999993,0.9501983453195041,1.2038942163129918,0.76856613,0.5640979,0.138,0.7835396770790274,0,3
0.8589699999999995,0.9863726890180105,0.9307420329714322,0.813071,0.8462745,0.142,0.890897591287205,0,3
0.7845599999999996,0.8955296186382186,1.0256691603290575,0.4898802,0.6757376,0.165,0.7364583606431383,0,3
1.0045999999999997,1.017426347189668,1.0080650254182821,0.93400156,0.83094907,0.195,0.9225926552501234,0,3
1.7529500000000007,1.580933632007538,1.7709298776658822,1.5855951,1.5914886,0.243,1.6503585581238003,0,3
1.1100499999999998,1.118036722581531,0.9428751072289938,0.7790128,1.0737853,0.346,1.0878826579924383,0,3
1.5937000000000003,1.6764176966313424,1.623427739577456,1.1682261,1.2701972,0.361,1.4230213818379807,0,3
1.41374,1.1029127477028093,1.651054243230887,0.45669442,0.69421434,0.372,0.8922082519221896,0,3
1.3772099999999992,0.6735585473169555,1.243894236366504,1.1414937,1.1014441,0.423,1.0922855265550124,0,3
0.8203000000000006,0.8774034257563843,0.8145442010734214,0.3096599,0.3710295,0.428,0.5488993043782552,0,3
0.93375,0.9180617562503136,0.9360571906744093,0.7553655,0.7317939,0.483,0.8198047075705296,0,3
0.35487,0.1311047407726095,0.22765136150286214,0.3292445,0.33567327,0.51,0.3059485268683216,0,3
1.1281599999999992,1.0469070246636165,1.4356349940111701,1.2630548,1.1467309,0.609,1.15782165073471,0,3
1.905849999999998,2.3927706761724457,2.0222620579649284,1.630986,1.5480725,0.615,1.8122930110215418,0,3
1.04964,1.047961234719436,0.8337003023285181,0.48287135,0.38495454,0.677,0.6429627202603997,0,3
1.5636000000000003,1.7445629150075694,1.5264391059829996,0.9114878,0.89533687,0.701,1.1943468610068508,0,3
1.4771899999999996,1.0889908595760576,1.5118004488141217,1.3311377,1.3962615,0.702,1.3750387196345124,0,3
1.3877499999999998,1.2031019235754727,1.2515879666290337,0.84985536,0.92207193,0.801,1.0699360406841067,0,3
0.8954699999999994,0.8919215960779392,0.808534153766507,0.98263854,1.0046597,0.893,0.9837290451376017,0,3
1.02571,1.1680437658938825,1.3133801748240606,0.9431693,0.90581083,0.895,0.9992964725998896,0,3
1.67124,2.050127542119999,1.2697010656102805,1.3490583,1.3579127,0.896,1.5736608849166511,0,3
1.5552999999999997,1.6325448999732786,1.9297171716874133,1.5611296,1.6446085,0.914,1.6552657516550529,0,3
1.3462700000000003,1.2143966017064816,1.298397148569402,0.73343325,0.84128916,0.998,1.0091540279722946,0,3
1.89894,1.895792387351948,1.6004480962837273,1.4782594,1.3012083,1.013,1.5602649593697224,0,3
1.1484099999999997,0.5949704259992319,1.1489548175368247,0.5479471,0.57205606,1.014,0.6852515009348258,0,3
1.3757999999999995,1.5279180613174117,1.3385611728434301,0.97929615,0.9439037,1.031,1.1537017627927018,0,3
1.3244300000000002,1.365654820481729,1.1039510994819368,1.0053247,1.0429897,1.031,1.1727366289603656,0,3
1.5608599999999992,1.3615781128756628,1.1679192898888575,0.98692995,0.8847898,1.06,1.11962391681132,0,3
1.3962900000000003,1.2269575753455946,1.366217549905311,1.3554255,1.5223835,1.088,1.4626327043464462,0,3
1.6062800000000002,1.8114358469447691,1.7195627265338032,1.5172765,1.7110227,1.135,1.733457439407083,0,3
1.3836900000000003,1.721232081671646,1.6077684221717399,1.5161818,1.4862697,1.138,1.5481658756135281,0,3
1.508899999999999,1.6542229032723201,1.7688577313732687,1.4652882,1.4663112,1.144,1.5410271025828879,0,3
1.308710000000001,0.7384328649397193,1.264820293290542,0.6548765,1.0746548,1.15,1.0389468998701097,0,3
1.0683399999999994,0.9764667088303097,0.8801406422989322,0.89634216,1.0094374,1.157,1.0255449286277227,0,3
1.6216499999999996,1.8837431994428708,1.4780830460269088,1.1553899,1.2479178,1.164,1.4540766392613977,0,3
1.180949999999999,1.1767771121009647,1.9580941638316673,1.8525307,0.49869817,1.184,0.8650146725609552,0,3
1.1356899999999994,1.1006076515485748,1.0169204179654234,0.942924,1.0177501,1.191,1.069606391025535,0,3
1.4327999999999996,1.6771803630958326,1.6138533806779018,1.3497267,1.4462337,1.212,1.5116799144459463,0,3
1.1142999999999983,0.7609673701675839,0.9217384284931838,0.95821416,1.0299811,1.22,1.0084442302756496,0,3
2.1440299999999985,2.335730729805594,2.3689701241100165,1.5214777,1.7254821,1.243,1.9356119329280586,0,3
1.4214400000000007,1.5622554167537253,1.2274947423162652,1.5972848,1.2662787,1.248,1.4033536882041031,0,3
1.329629999999999,1.4621156373616724,1.5593558645656531,1.165104,1.2924917,1.253,1.3489858265386314,0,3
1.5043600000000001,1.3541592341460669,1.5302859602840473,1.5047541,1.2704264,1.311,1.3722546514521887,0,3
1.451110000000001,1.3434743190184777,1.8868623349173543,1.3068396,1.6747203,1.413,1.5786002078047465,0,3
1.6820199999999994,1.5621096072747644,1.5736300682212827,1.5537465,1.8620079,1.419,1.78813774021086,0,3
1.6976299999999993,1.7806021035825839,1.694738285277798,1.5507394,1.638752,1.43,1.7040674239200153,0,3
1.4875199999999995,1.07809288625894,2.203798206931875,1.2959921,1.4733264,1.437,1.4163620853383834,0,3
1.6372600000000004,1.8580533233132195,1.9021214197752223,1.345012,1.3790356,1.454,1.5425173849501232,0,3
1.8439499999999986,1.9711140441557715,2.110150793824155,1.7468156,2.014181,1.472,1.998205689241551,0,3
1.400830000000001,1.4097548116814218,2.160122192735787,1.0911341,1.5454698,1.475,1.4910947023190022,0,3
3.0083100000000007,2.4355974029281633,2.605049714988256,2.5390563,2.370868,1.494,2.5560926528687595,0,3
1.5104500000000007,1.5596606202302878,1.108824095466106,0.450799,0.23013872,1.507,0.7289667776371713,0,3
1.8468,1.8130312162803666,1.963189992395571,2.0400844,1.951674,1.515,1.9553550390232313,0,3
1.4889800000000002,1.048230285812174,1.597648176644622,1.4772621,1.5286721,1.544,1.457191093230545,0,3
1.73108,1.6663081339421897,2.074385103789729,1.5194321,1.4720287,1.581,1.5889608833733995,0,3
1.6032300000000002,1.7089144440867359,1.226741637347595,1.5796056,1.3004076,1.614,1.4811216343549065,0,3
1.5972800000000005,1.5981920299902,1.6210602548143105,1.8149086,1.8549278,1.636,1.7973422236330705,0,3
1.9257999999999993,1.6028075349845046,1.5851893719464327,1.5666327,1.5278931,1.665,1.645942465671249,0,3
1.8636399999999997,2.1038645793698416,1.5190773163574764,1.571835,1.6957715,1.703,1.8296351976569047,0,3
1.4580799999999985,1.3078228338651918,1.3297833916304835,1.5496414,1.505142,1.749,1.4943695541939102,0,3
1.7146,1.8472105823426226,1.7803129096624162,1.3347931,1.5716807,1.751,1.6639801418499247,0,3
1.4474999999999993,1.201225705597879,1.3975795128129582,1.5338691,1.6349827,1.785,1.5455767644761655,0,3
2.61909,2.1764925115115212,2.739971360575202,2.3980548,2.631061,1.801,2.5782734314939115,0,3
2.2725800000000005,2.28473329675317,2.275966098777413,2.1361036,2.1202025,1.858,2.2243859393038816,0,3
1.8422500000000013,1.6644167877906093,1.7152940558321235,1.8499862,1.8016329,1.869,1.8240904928780466,0,3
1.9642599999999992,2.139855918262004,1.9589230753817886,1.8066161,1.8085033,1.88,1.9375416611489755,0,3
1.7869299999999992,1.811782357906068,1.9134384381527618,1.6266686,1.738481,1.889,1.7889596544290738,0,3
1.696839999999999,1.6239683484859602,1.7422713070478784,1.5675963,1.5352288,1.903,1.615206654407547,0,3
1.69445,1.7383542891426675,2.40721170739801,1.5422076,1.4819787,1.909,1.6042059546802254,0,3
1.6821199999999996,1.736894470397491,2.1653835235017764,1.6390356,1.6273746,2.01,1.6934146177771026,0,3
1.6229599999999997,1.6877642282117156,1.9266059297645453,1.8519781,1.8375877,2.023,1.8120260864389988,0,3
2.39602,1.9717176631453077,2.4881752768355385,2.1609695,2.1436012,2.039,2.200346553207498,0,3
2.058140000000001,2.007026971345937,2.1171872965693073,2.0844917,2.1182544,2.055,2.1287079249003273,0,3
2.1367600000000007,2.1721877204366904,2.150406166026242,2.2014234,2.3046045,2.061,2.2909659861038576,0,3
2.1403700000000008,2.110873883189855,2.6280849281415435,2.459489,2.3868337,2.104,2.347695719019585,0,3
3.679139999999998,3.80824536660714,3.2270421651467203,2.2993402,2.5550559,2.106,3.0238181658346344,0,3
1.9721299999999988,1.9440994800571472,1.7545170025508552,1.5081737,1.7333105,2.109,1.8338325840313887,0,3
1.62458,1.6749777236099639,1.9857453715525617,2.0505817,2.1337364,2.122,1.9965099116528624,0,3
2.04979,1.7772792392914847,1.6821608601271276,1.8020716,1.6902319,2.14,1.8133394112189163,0,3
1.5155999999999998,1.6209964551736806,2.322057491873879,1.8990599,1.9715081,2.144,1.8617586702359321,0,3
2.1523,2.164488177969102,2.1247219471045655,2.2610517,2.35363,2.165,2.3251651432994156,0,3
1.93228,1.6623628181796863,1.751510010618094,0.7578883,0.4196533,2.172,0.9547666741507803,0,3
1.8272199999999998,1.9805515367526945,1.4499436986728087,1.2155542,1.4228977,2.232,1.6137210587092308,0,3
2.0743500000000012,1.884097906511736,2.107761454645134,2.2848046,2.0957887,2.235,2.1106536454745726,0,3
2.061949999999999,2.3192693054846445,2.088886722856966,1.8453636,2.1546516,2.255,2.191798538297362,0,3
2.0518400000000003,1.90776815608389,1.7850211417572945,1.9925144,1.8619157,2.271,1.9531811173725186,0,3
3.5694200000000014,3.2898279981968477,3.4896870288258235,1.5698057,1.9718137,2.282,2.510060841830597,0,3
2.597579999999997,2.5089152590187926,2.1499444215844186,2.3583255,2.1142826,2.29,2.33764014002234,0,3
2.401870000000001,2.4063853871737133,2.436902499788624,2.4901617,2.6064599,2.302,2.5787985047823563,0,3
2.51105,2.247312471119654,2.541367542747572,2.6924243,2.468425,2.313,2.5031116267766924,0,3
2.5053599999999983,2.6554090297141077,2.630760579502875,2.5996964,2.751436,2.348,2.7370893693803926,0,3
1.9732999999999996,1.9575652409762274,2.2691032577932395,2.1999993,2.5793245,2.372,2.3798505310858795,0,3
2.134960000000001,1.871852836287309,2.109779267078212,1.5241358,1.5241324,2.402,1.728255335111629,0,3
2.242349999999999,2.135981287893056,2.471185234553671,2.2897315,2.2630126,2.424,2.285036984407402,0,3
1.8909099999999994,1.791656541880009,2.132342727120225,1.9560823,2.0177543,2.441,1.9901974055744236,0,3
2.4129800000000015,2.2204356790956,2.4906315811211277,2.6658225,2.610931,2.461,2.561246733347839,0,3
2.8169000000000017,2.8019370700175297,2.996768804101504,2.936211,2.991206,2.462,2.9838608226691328,0,3
2.3502899999999984,2.304461353189411,2.3496264861015157,2.3542302,2.3441865,2.472,2.3880913780253428,0,3
2.2523000000000004,2.4403554776949954,2.419542336725678,2.5981097,2.724595,2.489,2.6365622080125797,0,3
2.391940000000001,2.2199395065407637,2.2271570765569315,2.3339136,2.4079268,2.498,2.4140024140790315,0,3
2.767140000000002,2.503918838724845,2.7711218740202406,2.756439,2.804868,2.556,2.7958105417617167,0,3
2.322780000000001,2.222228873920302,2.3773178969780338,2.5334258,2.6688538,2.586,2.569055173244284,0,3
2.3453500000000003,2.467663361932115,2.3897431830036537,2.3264754,2.0696626,2.586,2.2582484281439963,0,3
2.71158,2.6659191411025267,3.216248648972072,2.490931,2.4946897,2.622,2.6175833131284585,0,3
5.297190000000003,5.317225327692162,5.094891544246384,4.7687006,4.3898335,2.673,4.847901621380784,0,3
2.8991900000000017,2.591324776873998,2.8694058592057443,2.8174753,2.8276916,2.68,2.8533418189625612,0,3
2.564130000000002,2.2303298100927353,2.6386502202420035,2.6310742,2.7158391,2.685,2.6467687062143246,0,3
5.524370000000002,5.315524104051187,5.415594242935247,5.056732,4.601144,2.692,5.031262427909872,0,3
2.125189999999999,2.173671043522959,2.254591743301261,2.5601478,2.5729408,2.701,2.4726568396917963,0,3
2.2514599999999994,2.23050944193699,1.8969064635878816,1.9264274,2.1377132,2.715,2.2036865200994757,0,3
2.750169999999999,3.0556136471671005,3.4034841960422337,2.933308,3.1737998,2.737,3.126706494224674,0,3
2.55616,2.541939616915072,2.834277932425395,2.810097,2.7478354,2.789,2.7384686932301863,0,3
3.0628399999999982,3.462109019178756,3.30052999240363,2.8442607,2.9971247,2.827,3.1498611661890807,0,3
2.4015599999999995,2.039554439266648,2.5858259961670766,2.470385,2.4939008,2.839,2.4411803575384248,0,3
2.6598200000000003,2.5183971476506675,2.6903482784150223,2.7793202,2.8865864,2.844,2.8292389127800055,0,3
3.3995900000000008,3.2868021276108803,2.9739778938743546,2.8006663,2.776799,2.857,3.042884753564132,0,3
2.853090000000001,2.869201302687182,2.793387505709334,2.6930144,2.54648,2.864,2.727114984351513,0,3
2.6790700000000003,3.0175777763129106,2.794609694558845,3.7321723,3.368532,2.865,3.2831328960564936,0,3
2.875059999999998,2.892545855227821,3.1392953788938494,2.7911437,2.9379845,2.916,2.96909691803031,0,3
3.07938,3.1587880630872514,3.007020291233077,3.0631652,3.0625126,2.918,3.149096507489476,0,3
3.19994,2.89786141668772,3.6526325198064207,2.257509,2.811879,2.93,2.9104294340400316,0,3
3.233409999999999,3.2013954250512846,3.2255852101334965,3.448876,3.3420205,2.951,3.3756573435010586,0,3
1.7857199999999995,1.9918234821059544,2.2950730708453246,2.8986664,2.3152745,2.973,2.2576770667460573,0,3
3.1515099999999983,3.312880968572246,3.432188134921846,3.3993742,3.261072,3.003,3.3326006616603836,0,3
2.847660000000001,2.848205218452457,2.770352136395509,2.5737362,2.7691495,3.01,2.841103368289979,0,3
2.3580299999999994,2.578988364065614,2.4316472326629204,1.7243297,1.9861218,3.019,2.185843704903972,0,3
3.163240000000004,2.944144805795689,3.645806107278606,2.906587,2.74872,3.089,2.9283441030129,0,3
2.58324,2.682996427222099,3.3670778396717793,3.2949665,3.5600893,3.103,3.277674325382444,0,3
2.7692799999999993,2.9883126895962575,2.850816852659492,2.377771,2.2195685,3.107,2.522137777613427,0,3
5.123740000000002,5.709818593375323,5.172600890350415,4.7831097,4.365152,3.112,4.881189398943176,0,3
2.5403399999999983,2.5049395371632364,2.855741178670293,2.880595,2.7707012,3.13,2.7474030889601986,0,3
2.8031700000000006,2.4943606427278,3.124465358887377,3.2889562,3.158187,3.183,3.046368748896498,0,3
2.6345799999999993,2.9241217451971155,3.579805953334117,3.968981,3.8619177,3.213,3.5609547230398575,0,3
2.6155200000000014,2.4716992141113354,2.211250513754993,2.9376333,3.024277,3.243,2.9046687686746715,0,3
2.9785099999999987,2.8243678282629543,2.5549767791681175,3.1065242,2.9649541,3.277,3.0142443320686367,0,3
3.3067800000000016,3.1769486007316923,3.975591141022311,4.094447,4.1242957,3.277,3.8862176315164514,0,3
3.649639999999999,3.1955213517514123,3.371545101871879,3.0945907,3.4507751,3.3,3.4802280050468033,0,3
2.593319999999999,2.4189318110203644,2.747908286556291,3.0125895,3.4724972,3.352,3.155238104411205,0,3
2.9699399999999994,2.9263228584588044,3.0724840533380395,2.3192234,2.2025747,3.469,2.529971576188513,0,3
3.685520000000001,3.6286677296005276,4.259003611999557,3.602551,3.9646075,3.513,3.907160575997181,0,3
3.61755,3.2872528764903928,3.3629127406044668,3.798431,3.8294408,3.522,3.7670196932049933,0,3
3.6616899999999992,3.786790754355635,3.1999071514967374,3.8145328,3.523083,3.528,3.6958303506152492,0,3
2.9134100000000016,3.1295598119412555,3.045185000185345,3.0513256,3.059598,3.55,3.112437007212924,0,3
2.78885,2.650925121987633,3.1890255411742086,4.2055054,4.3383856,3.613,3.828161775632387,0,3
3.5570200000000005,3.882112335331858,3.6570833423961013,3.6176221,3.622217,3.625,3.737921976042986,0,3
3.3657800000000013,2.775881601058162,4.222349559897442,4.131486,4.8125668,3.653,4.2187007032332735,0,3
3.0677600000000025,2.77307569733057,1.869845003318619,2.529841,2.3182786,3.705,2.6005401308260296,0,3
3.25573,3.470006195746482,3.4233501097418477,3.3460991,3.2472932,3.759,3.3686585377973404,0,3
4.463320000000003,4.7585478848433675,3.5741430247047727,3.8252866,3.4435446,3.784,3.976046186641669,0,3
3.4788599999999987,4.104713062559093,3.953229664486465,3.9058177,3.9424229,3.814,3.9753672073434765,0,3
4.5933,4.1524829241798065,4.398394597106948,4.0124755,3.6037054,3.844,3.9882000011311765,0,3
3.1601500000000002,3.055299710153104,3.545868434438398,2.8972297,3.4620862,3.864,3.3602027506388734,0,3
3.304430000000001,2.9093941326612054,3.325180373367548,3.970974,3.9238753,3.906,3.708528746015607,0,3
3.7997200000000015,4.05411716535827,3.6797512558446535,3.6760247,3.6241112,3.936,3.8184691860041085,0,3
4.227010000000003,4.287726198893147,3.601463078088485,4.4307356,3.5489933,3.947,3.953497025334548,0,3
3.760739999999999,4.644359695669027,3.7748578627221843,3.219587,2.9613585,3.987,3.507386552116671,0,3
4.410830000000002,4.50762199707725,4.5702459532880795,4.1738977,4.204293,4.018,4.38516696202161,0,3
4.397200000000003,4.792206800809108,4.9024702246621885,4.505005,4.499085,4.083,4.634401439434944,0,3
3.9298599999999992,3.7442525722770563,3.1556527167172765,3.4749498,3.0590436,4.146,3.43866242823374,0,3
3.139859999999999,3.117601533234404,2.7148355440572938,3.8219059,3.562723,4.203,3.5004712833781357,0,3
4.504929999999999,4.883712935294502,4.398129485943679,5.195498,5.1540017,4.238,5.103384565669237,0,3
3.4546600000000005,4.377960355345729,3.8463254256564756,4.659064,4.1832356,4.28,4.223055925152202,0,3
4.128320000000003,3.8168052056119524,4.437619072464696,3.9278183,3.5725253,4.28,3.8189646307524123,0,3
3.775719999999998,4.215654890794986,3.3918303367446443,4.042571,4.2739463,4.317,4.249776335721524,0,3
3.32481,3.7705697120488533,4.055577881108672,4.1312,4.1814113,4.317,4.040149658578738,0,3
3.87928,4.22561798457367,4.035428415172197,4.023791,4.032304,4.387,4.128490978035915,0,3
5.0009500000000005,5.187620997838776,4.589672486483154,4.4865847,4.648633,4.432,4.89902247654585,0,3
3.4261100000000004,3.574525132766332,3.564151751276234,3.200684,3.015108,4.453,3.2724864370048126,0,3
4.99801,5.179686505330919,4.534170428893584,4.369042,4.3512225,4.47,4.716024305518032,0,3
4.415730000000001,4.404706811132588,4.492551322271305,4.6444225,4.7008314,4.521,4.690023733166528,0,3
4.240450000000002,4.655227755602417,4.327736223006632,4.3872905,4.400344,4.6,4.514731264346841,0,3
4.86622,4.945896214028102,4.40482641873441,4.810298,4.458603,4.609,4.745295614875003,0,3
4.991880000000002,4.416256688540063,4.734244386475461,4.303224,4.0534835,4.857,4.39008866207428,0,3
4.907950000000001,5.383369204860673,4.506096027031075,4.6414866,5.1070724,4.987,5.197878779585784,0,3
4.612119999999998,5.037426477362146,4.991581431285276,4.9845085,5.161697,4.991,5.139125443476217,0,3
3.673539999999996,4.163463813292652,3.796478912058422,4.5066,4.389999,5.09,4.326097406226935,0,3
5.084459999999994,5.726353218621355,5.453477964463201,5.3555903,5.78015,5.091,5.7396834289428025,0,3
4.3742300000000025,4.356488994074847,4.419273705730387,4.4575763,4.7192297,5.121,4.669332760029079,0,3
5.495000000000001,5.237830621977064,4.969257780904146,5.1302943,5.0783253,5.176,5.292377724242122,0,3
6.101059999999995,5.977274779645398,5.3155278599445985,5.364174,5.6156282,5.694,5.867836645480817,0,3
5.979349999999996,6.591210993100284,5.573325974121502,6.433322,6.460474,5.829,6.538503426350783,0,3
4.898280000000002,5.439671332517245,5.085599237050801,5.7403016,5.773475,5.874,5.6791028916903254,0,3
4.933389999999997,5.543171248393883,5.2496409252365215,5.6145163,5.5415893,5.932,5.561342578457047,0,3
5.360870000000005,5.640802963754792,5.513363685587051,5.6355915,5.6373672,5.999,5.710274551618476,0,3
5.697599999999997,5.511501097616364,5.96758831217719,6.1203465,6.177893,6.045,6.093264124274104,0,3
6.181790000000003,6.10827032484602,5.968924772147291,6.100875,6.0067496,6.216,6.191323230796776,0,3
5.216849999999997,5.4106316647529615,5.702748736532202,6.2439647,6.106325,6.475,5.960084509720883,0,3
5.472640000000001,5.197759024845608,5.21017760565728,5.456211,5.1322417,6.753,5.33784655417382,0,3
5.582280000000001,5.55395170212838,5.434262741653285,6.650611,6.5972567,7.004,6.36594759380754,0,3
6.177499999999998,6.989988421695152,6.262926527452579,7.2075105,7.0775094,7.085,7.067260543953522,0,3
6.916170000000003,7.2399861698475,6.27796699639622,7.409884,7.594555,7.695,7.556401420395204,0,3
4.819699999999999,5.841894445522342,4.977018696422057,6.758796,7.315479,8.005,6.714359742066537,0,3
7.526920000000001,7.716852685050591,5.766803831060894,8.202095,8.1370945,8.141,8.129272730658823,0,3
1.0279999999999998,1.142239986555116,1.0865154980352214,0.96125305,0.85451454,0.044,1.0209404298828066,0,4
1.0151500000000002,0.7628916271104682,1.411275469919066,0.37227464,0.51628095,0.07,0.5569976321529504,0,4
0.9967700000000002,0.891307424116587,0.8109915470529407,0.44484138,0.40967152,0.335,0.6168951043616775,0,4
0.4505300000000001,0.5122445606004037,0.41939427476060764,0.44272852,0.37569314,0.535,0.46177182317476656,0,4
0.7365600000000003,0.9266301928219118,1.0107520083820096,0.18140496,0.6685338,0.545,0.5359546733209917,0,4
1.2182100000000005,1.0915524359880855,0.9577842950522963,0.62843204,0.96910894,0.599,0.8712625223141122,0,4
2.65977,2.5971733610817,2.830064209770382,2.6130443,2.2377236,0.685,2.584671462593316,0,4
0.7219699999999992,0.6270660856229141,0.8536566171904738,0.6156927,0.5746886,0.688,0.6253977980686065,0,4
0.7430499999999997,0.6270660856229141,0.8127390955894729,0.693907,0.6584022,0.692,0.677012622467318,0,4
0.7578399999999996,0.6637780239492612,0.7562847197061573,0.67639524,0.64956963,0.717,0.6802123160145879,0,4
1.2299099999999994,1.0876268730812328,2.246906927648642,1.1852074,0.99403834,0.735,1.1392473666890506,0,4
0.7314500000000003,0.7240768882109004,0.676452161650205,0.4409472,0.48481864,0.793,0.5608133806873876,0,4
1.893329999999999,1.1262563346678414,2.1138052479454537,1.9710538,1.685302,0.865,1.6633874944977367,0,4
1.7875999999999994,1.6343625200063874,1.575987361859986,0.6305347,0.7753802,0.865,1.0455511210016097,0,4
0.9990499999999994,0.883364235613934,0.8767225371488163,0.6940077,1.0656141,0.876,0.8395743397872449,0,4
1.7561300000000006,1.5742151200343983,1.4164070046446402,1.4652927,1.5490084,0.888,1.5469959430894134,0,4
1.9129100000000008,1.9592190390873025,1.9682309098799515,0.7975678,0.90300053,0.938,1.2602994685930144,0,4
2.30193,1.8154662928055265,2.676162470071236,2.1381795,1.5343018,0.983,1.9666163457656498,0,4
2.828609999999998,2.9229173791437346,2.211151423301089,0.99281913,1.2470164,0.986,1.7692450485169244,0,4
1.3403600000000002,1.3711824785701854,1.407244071014159,0.7151584,1.0040514,1.009,1.017318367999479,0,4
2.3709800000000003,1.8751085542844832,2.5237500373324053,2.0835207,1.5536015,1.01,1.9665082298931618,0,4
1.1847899999999996,1.367001828016951,1.310916801440663,0.784336,0.8374357,1.03,1.0158738672880645,0,4
0.8947799999999998,0.7411719784066262,0.7848293239663442,0.9816142,0.76805955,1.067,0.8759565483287628,0,4
1.0714600000000003,0.9976604089979972,1.2929713103169547,1.2091594,1.0746427,1.116,1.1274177905190845,0,4
0.9026499999999997,0.7622772252841634,0.8703982054928017,1.0245599,0.8790397,1.116,0.9218778760300597,0,4
1.3918899999999998,1.1881044603486366,1.1607847829547868,0.85747904,0.7023299,1.153,0.9759168773868537,0,4
1.6771699999999998,2.113455293491021,2.7769657328780335,1.3463867,1.8124812,1.161,1.712716463013238,0,4
1.2252400000000012,1.2208790263956426,1.1800689407473497,0.9361031,0.5767493,1.165,0.9977268902864483,0,4
1.3051299999999997,1.2060024952750368,1.053516666611623,1.2208779,1.0849035,1.18,1.2138419888291898,0,4
2.132250000000001,2.3472599964285705,2.333364065739897,1.5971982,1.7761598,1.201,1.9221605000271036,0,4
2.2844700000000002,2.3180858076650117,2.569229708400054,1.697928,1.9247983,1.242,1.9900873955099023,0,4
1.1997699999999991,1.130583196932981,1.0268542878927711,0.91187835,1.1316912,1.279,1.04505008156315,0,4
1.8473299999999997,1.9857574369823607,1.4337114913542839,1.2431366,1.1837633,1.279,1.524447833342978,0,4
3.10409,3.27610881687434,3.137641085806056,3.8350272,3.8102798,1.287,3.668027716624642,0,4
1.5810199999999985,1.4339225543148382,1.8186692722326143,1.3888869,1.3370318,1.303,1.4221693781975644,0,4
1.4497700000000002,1.386633541349347,1.4256999798828982,1.2276325,0.9614938,1.303,1.2634503446788548,0,4
4.063799999999998,3.9634054300845882,3.4565355840130163,2.6755836,3.0413067,1.321,3.259661057318589,0,4
2.2761000000000013,2.0933761916576583,2.4571491689041665,1.7812192,1.9184041,1.324,1.9523657514088852,0,4
1.8098600000000002,2.013103471393961,1.7183637120066433,1.4783359,1.6636479,1.339,1.7222739078675862,0,4
1.55991,1.5695852192646675,1.6503272831113514,1.0362976,1.1055708,1.39,1.261877215706069,0,4
3.290179999999998,3.2624804368242315,1.6385289218625727,1.2192218,1.7275779,1.39,2.0872180026928233,0,4
1.5246099999999994,1.6836533165071246,1.4156159158008228,1.3751755,1.4106946,1.391,1.5099747093607698,0,4
2.2506,2.2084220969075283,2.753093235288778,1.8103967,1.8374772,1.428,1.991019569636181,0,4
1.9963300000000013,1.9016017870783744,1.7583130521886705,1.6413074,1.674166,1.486,1.7707638040060099,0,4
1.7177800000000008,1.713052047010281,1.5876105681779504,1.259697,1.5040395,1.501,1.4874029607455945,0,4
2.7788199999999996,2.6074346774270754,2.783413581581005,1.8244865,1.891463,1.558,2.1611685859001386,0,4
1.340509999999999,1.3386877974419413,1.8219421508909692,1.8235941,1.7197547,1.559,1.6500350390252096,0,4
2.074489999999999,2.0648523615348955,1.7903984990001416,1.9667318,1.6822963,1.564,1.9849900680224986,0,4
1.813510000000001,1.903696824017487,1.5960305095243987,1.5237229,1.5509367,1.589,1.6886562917233658,0,4
1.5238,1.387609641956451,1.53671888783093,1.3923278,1.42154,1.61,1.4197632110135592,0,4
2.3272399999999998,2.8781424920796934,2.627214512487841,2.0166662,2.2552328,1.619,2.38645024651727,0,4
2.1813600000000006,2.9073166808432522,2.398136847807777,1.9379284,2.1344264,1.63,2.3337505236254694,0,4
1.8597499999999982,2.1083574301612513,1.3330669703767501,1.3655834,1.1046824,1.637,1.6117347976299021,0,4
1.8296999999999994,2.0703674367632874,2.184511455845482,2.069252,2.218308,1.643,2.1137178260744633,0,4
3.12661,2.8108647549489527,2.374215619900605,1.710006,2.0800707,1.646,2.219202463556282,0,4
1.5539299999999994,1.3836832600574482,1.3030399942609698,1.293376,1.4949415,1.67,1.3844450221669122,0,4
1.5904700000000003,1.2755222001114677,1.7535870500795656,1.6511145,1.4613178,1.671,1.5139135703623374,0,4
1.8481100000000001,1.9498617578363924,1.9441462923070671,1.7569597,2.0375493,1.686,1.8957005140748486,0,4
1.2203600000000003,1.570193353523242,1.4415346502937356,1.7503016,1.847106,1.693,1.7096966897957457,0,4
1.2740499999999992,1.0788128339679521,1.450658041465925,1.2798064,1.456831,1.703,1.2582403064456746,0,4
1.9049400000000007,1.8550972752489103,1.954990095490638,1.5690794,1.4831936,1.719,1.6861851358688131,0,4
1.99906,2.0124811240741107,1.4802952750487661,1.0384452,1.2913337,1.731,1.4593065940614296,0,4
2.1681599999999985,2.6435477367750075,1.9694800423949417,1.5645847,1.3778207,1.736,1.9433387658422119,0,4
1.6949899999999998,1.7382784122819235,2.102822207739575,2.0794866,2.3706808,1.742,2.0260612278809456,0,4
3.7607799999999982,4.129653549402337,4.157938618850943,4.4792337,4.0362267,1.809,4.324364301455796,0,4
2.45184,2.0393345203263253,1.8130892027357333,0.98458916,1.3278322,1.829,1.4656309037909123,0,4
2.901330000000002,2.3622836724140006,2.059914120442614,1.9165759,1.8928182,1.838,2.1268712914005348,0,4
1.6956,1.6087165257932847,1.6431113261487122,1.7981241,1.9412577,1.871,1.7785516943566113,0,4
3.569289999999999,3.049948360478066,3.6999139340443934,2.3320138,2.6869812,1.873,2.711219891609268,0,4
3.3403800000000015,3.2754746032460695,3.1207461432673713,2.8554733,2.8208802,1.873,3.049692738348767,0,4
1.8928199999999993,1.8978948905511774,1.943120243834351,1.8730524,1.6758459,1.913,1.8761401773273731,0,4
3.243760000000001,2.546662005588195,2.699303752800856,2.4882789,2.0504453,1.917,2.499587080478396,0,4
1.6401100000000006,1.6725247085345496,1.655690731665577,1.5807991,1.6176949,1.923,1.642021573737564,0,4
1.9300699999999995,1.9725930917837586,2.3722527995928298,1.5352063,1.5117803,1.961,1.7153965480144007,0,4
1.9252000000000005,1.9452103420669802,1.8353442549359478,1.7740939,1.7455108,1.963,1.8576216790619149,0,4
2.2840800000000017,2.1500712618431357,2.5570274310351584,2.2069623,2.3759444,1.976,2.2488049345762584,0,4
1.70251,1.7465009106401888,1.6454116025539913,1.7134066,1.679646,1.991,1.742523259455886,0,4
2.1852900000000006,2.360346024215529,2.4089909469137516,2.3317182,2.4033818,2.003,2.3800195078360904,0,4
2.0696100000000013,1.759460535109303,1.8155300642824597,1.75687,1.8920655,2.006,1.815870985331255,0,4
1.9967199999999994,2.0172186323020695,2.0267532305798546,1.8517218,1.735095,2.009,1.9198695652696234,0,4
1.9961699999999996,1.8867692660423097,2.277202314131518,1.7687819,2.1668153,2.012,1.9065626907968558,0,4
2.0215900000000007,1.7064386764199915,1.8906493367870887,2.06536,1.8650479,2.05,1.938476154775618,0,4
1.803460000000001,1.5654630207887592,1.6806066980990049,1.9634421,1.7082047,2.076,1.8086510663402302,0,4
1.5672599999999994,1.6625904034056818,1.6993075415609118,1.6891649,1.5740397,2.078,1.680376049360613,0,4
2.504389999999998,2.74550274449204,3.064723515867343,2.4305027,2.3784332,2.083,2.565103979062803,0,4
2.4804899999999974,2.0369453489251512,2.470846144344612,2.2476747,2.2769732,2.084,2.2211454164105904,0,4
3.078709999999999,2.9256479510003777,3.0908437556263926,2.7058845,2.8299153,2.092,2.851946540484441,0,4
2.483539999999999,2.073559739568619,2.294125761655616,2.1711419,1.6310449,2.102,2.092099399695647,0,4
2.4931699999999997,2.073559739568619,2.3800839055639766,2.0482519,1.6529694,2.102,2.0375781845741994,0,4
1.6139699999999988,1.223134564143813,1.6658862452278353,2.2227898,1.8305233,2.127,1.8290779962788306,0,4
2.7170099999999997,1.949720047045103,2.1050582543966128,2.3751972,2.3292117,2.138,2.269644774982254,0,4
1.8894300000000013,1.7472665287830709,2.012838074672254,1.7498167,1.6715918,2.154,1.7657731507818004,0,4
1.8528300000000002,1.7716781029001243,1.9373506012964004,2.057737,2.0999165,2.166,1.9888350678623725,0,4
1.8908299999999978,1.8490591790697404,1.8476823267732545,1.9249513,1.8908613,2.166,1.9192356910410644,0,4
2.12071,2.1383013741224484,2.059458388275754,2.1692667,1.9809277,2.172,2.1564934579811355,0,4
1.37655,1.6566279284714058,1.538482523931407,1.2976327,1.1901469,2.183,1.4225232804838943,0,4
3.0695799999999993,2.7638509678285286,3.4275769986434055,2.9154215,3.386047,2.225,2.987079780835785,0,4
2.9129499999999995,2.6957803928494593,2.8584277579846726,2.3786294,2.3332589,2.23,2.5315314843101424,0,4
1.9552200000000002,1.9941903085133676,2.270249027066331,1.7953954,1.8399572,2.239,1.9008104647161745,0,4
3.3497399999999975,2.6235434065723333,3.7439378127733574,2.9926002,2.3749175,2.24,2.822227948025085,0,4
2.1962900000000007,2.1330954516670753,3.278776959250028,2.952287,2.9001212,2.256,2.6796025569739057,0,4
1.9880999999999989,1.9309847145170271,1.9805484043031971,2.1363542,1.9841654,2.266,2.0663089585521077,0,4
1.9870600000000007,1.9453835009246578,2.1205973621876857,2.1963687,1.9606521,2.313,2.0958560840906175,0,4
2.714059999999998,2.32573837340325,2.040375809574363,1.3802588,1.6177638,2.321,1.8076581073821811,0,4
3.753609999999999,3.470422399757049,3.2345414881151204,3.7435932,4.6134133,2.323,3.8452430951706775,0,4
2.037510000000001,2.7084994726023455,2.143253007895267,2.3706994,2.5072248,2.363,2.5276660916016973,0,4
2.3222500000000004,2.276559025202913,2.6880991969039147,2.317518,2.4285474,2.397,2.3541475309525643,0,4
2.2177199999999995,2.5212756336284126,2.2529587696717295,2.2443092,2.247722,2.404,2.3687369574368757,0,4
2.3946700000000005,2.376573848077998,2.542721808996191,2.73784,2.7514262,2.426,2.643145063624271,0,4
3.1248899999999993,2.9220593063307985,3.238027921583081,3.2025914,3.3683548,2.434,3.176349193401503,0,4
1.7065800000000004,1.8240657480400169,1.9819581483736852,2.261973,1.9625201,2.436,2.0758603388105836,0,4
2.36494,2.2057411881926163,2.5936574650005455,2.357313,2.4247742,2.44,2.3501095713961373,0,4
2.22433,2.4533005743557434,2.290977027853815,2.1450906,2.1627936,2.442,2.284983692977321,0,4
2.2136099999999996,2.2679791152464603,2.1991806268291216,2.0821505,2.0417676,2.458,2.1722824568033263,0,4
2.0227300000000006,2.769708103041906,2.256437561907617,2.5042093,2.5998719,2.486,2.626392323275311,0,4
2.269,2.4460628699755733,2.3284867040721178,2.3530061,2.2913547,2.487,2.404021916853945,0,4
3.4917599999999998,3.342976449636131,2.5901192111906477,2.5823023,2.5631008,2.495,2.906287398876945,0,4
2.82304,2.9213238835561213,2.6291317395170553,2.3400471,2.3818336,2.509,2.593993426045225,0,4
2.1170199999999997,2.0714898006320337,2.3168391445736436,2.2597282,2.1644368,2.547,2.206660058255634,0,4
2.29241,2.207161372160568,2.1774450929910416,2.1454408,2.0724845,2.549,2.189764341029263,0,4
2.3788600000000026,2.298662763411647,2.4188836098930206,2.562149,2.5521808,2.573,2.5002142532528193,0,4
2.5789400000000007,2.7623786230341847,3.1777185845958598,2.927066,3.0682008,2.579,2.9220504805721625,0,4
2.4123099999999997,2.6277464622245534,2.1629998058159976,2.0257332,1.7682455,2.601,2.2300037395932772,0,4
3.7968900000000003,3.705639785426557,2.960878980801048,3.1755762,3.0268278,2.606,3.3979795501679373,0,4
3.694050000000003,2.919325605923219,2.870831349249534,2.6880977,1.1117777,2.638,2.5846748994590065,0,4
2.9386200000000016,3.113996511780706,3.1697363833234014,3.0248272,3.2249503,2.663,3.1263992363564688,0,4
2.9276700000000004,2.6288400254099877,3.3263931111957037,2.899567,3.1268034,2.707,2.886385658467792,0,4
2.2924300000000004,2.106518752677368,2.182379829686411,2.3775873,2.196859,2.722,2.2863935194346645,0,4
2.6106299999999982,2.8092223589690293,2.556747484782344,2.8325107,2.7082896,2.729,2.8355174888201433,0,4
2.6714999999999987,2.4375113365352625,2.9249588640087993,2.9167268,2.7653806,2.736,2.7614493095982295,0,4
2.615439999999999,2.8837926490891603,3.079395209646017,3.1007893,3.224451,2.789,3.072530201072003,0,4
3.046800000000001,3.1972762153019763,2.938096309595724,3.0542932,3.1182728,2.811,3.155252336434466,0,4
3.658240000000002,3.927088345389861,3.7923302777003665,3.4301558,3.7607038,2.815,3.7082198549384233,0,4
2.41862,2.3577007652193216,2.310846961220508,2.1887708,2.41163,2.82,2.3211965351002832,0,4
3.004929999999999,2.9642921633263324,3.028755263300232,3.048953,3.0720773,2.831,3.064846960110873,0,4
2.321230000000001,2.335076918540741,1.9608236555717689,1.6547503,1.8637159,2.832,1.96672737341268,0,4
2.81951,2.851849698159544,3.1816699161076514,2.8358254,2.5185988,2.833,2.82843653464702,0,4
2.8199500000000013,2.771844791996138,2.257606126579152,2.6602998,2.9374144,2.852,2.786087210763299,0,4
3.189710000000001,2.744777119970163,3.162860657367122,3.4380028,3.161281,2.895,3.1970866937859013,0,4
2.599400000000001,2.7760498062760792,2.902495465541313,2.9935715,3.0797598,2.901,2.960951035608481,0,4
2.5561899999999995,2.440890527529221,2.9580721427628114,2.6894808,2.8140993,2.957,2.6581291101365703,0,4
2.744779999999999,2.7097611313064722,2.73716476950707,2.8750815,2.7365494,2.967,2.8317458813822074,0,4
4.777380000000001,5.216937326145226,4.0789902890195,3.393148,3.973012,3.027,4.203145077763731,0,4
2.3575400000000006,2.121694309939435,2.260362454546006,2.1496181,2.0826619,3.029,2.1669414597861514,0,4
3.2417099999999976,2.7919791765883692,2.8265120028845376,3.1553633,3.828577,3.052,3.189177618545229,0,4
2.6253100000000003,2.0991428342020346,2.3594147337712537,3.5310893,3.1048098,3.06,2.9927640738363266,0,4
2.7638800000000017,2.714817738392064,2.3685430345844516,2.8257194,2.6501355,3.091,2.7966255913713534,0,4
3.2087399999999997,3.1622191272912614,2.747795308729938,3.3019342,3.4408967,3.106,3.319748309595606,0,4
3.6472800000000003,3.4391569159861195,3.537154028041357,3.0102227,2.6670485,3.138,3.1650713627000093,0,4
3.010380000000002,2.8661111705906004,3.057571633680444,3.1018107,3.1613808,3.146,3.071528240036527,0,4
2.547740000000001,2.341923153630656,3.0093978144726643,2.5489867,2.3576992,3.151,2.4832359662956858,0,4
3.0123700000000015,3.1245237135275707,3.2693527759917433,3.6638758,3.3926191,3.162,3.4639551971240827,0,4
3.474389999999999,3.010108027841399,3.734637678787532,2.865126,3.7371502,3.208,3.1187038070105197,0,4
3.0097200000000015,2.9492784550873803,2.040778836692823,3.3968062,3.0583587,3.209,3.2231644321429944,0,4
3.524899999999997,3.4663327047988175,3.306012742923869,3.19989,3.0303967,3.259,3.319041925901575,0,4
3.543869999999997,4.00141530494062,3.6115799550040104,2.4198978,2.5705523,3.293,3.0548490463506215,0,4
2.4714099999999997,2.4354079614322846,2.4787177314311726,2.9474902,3.4654326,3.371,2.881843084555056,0,4
4.155110000000002,3.6637213096717502,3.4605761240470745,3.3604352,3.1030047,3.375,3.4975137769522773,0,4
2.8142400000000025,3.185625089233461,3.431025488341819,3.3063583,3.393146,3.44,3.3072537341163635,0,4
3.0243700000000002,2.857893635914924,3.9114581518663907,3.3015363,3.1785169,3.462,3.16705643780683,0,4
3.2777999999999996,3.03394902051476,3.1957671674017036,3.2233264,3.383144,3.502,3.232166754832016,0,4
3.339360000000002,2.832319886481692,2.7610993605589997,3.0680437,2.934095,3.553,3.019338083831635,0,4
2.289980000000001,2.6875257543843696,2.0547552405510396,3.0052211,3.1807215,3.583,2.941430373586201,0,4
3.0266499999999983,3.1898547250017675,3.233521652396775,3.8370807,3.5877728,3.6,3.6007265635653525,0,4
3.2694199999999993,3.070893498370153,3.2644903129727525,3.389887,3.2517781,3.667,3.302183974271235,0,4
2.63638,2.7419240661982145,2.6707760432095555,2.2949696,2.136334,3.74,2.464955372847332,0,4
3.66255,3.6363549610053716,2.984865260487263,2.3780873,2.2515268,3.769,2.8640265682582218,0,4
4.2300900000000015,4.2962575187246665,4.449914972558652,4.9051747,4.8062806,3.812,4.726169122575729,0,4
3.1991300000000007,3.3088400975973293,1.9800316698397555,3.3053396,2.688033,3.833,3.248041586452592,0,4
2.7775800000000017,3.086435393058327,2.437310514664432,3.2562697,3.2745342,3.865,3.229213436307407,0,4
3.0497400000000012,2.93262049529283,3.4761383684759095,2.9620867,2.5058215,4.04,2.92232462776847,0,4
3.47007,3.636952622049674,3.6642482152538367,3.7925992,3.7180438,4.074,3.7685256804587235,0,4
3.8331099999999987,3.888373043740955,3.100980488242514,3.174268,3.1134148,4.095,3.4745944585486015,0,4
3.0686199999999983,2.9250439401036616,2.587812295708222,3.4280093,3.2390528,4.114,3.261423713289588,0,4
3.7295800000000052,3.8361968147688366,3.8037857559425383,4.0910306,3.3523402,4.146,3.9280104512560032,0,4
3.96234,3.9036377216508407,3.83525492551568,3.8702924,3.8196628,4.207,3.9305908521538813,0,4
4.006139999999999,3.6468708526405824,4.209844132787227,4.438562,4.090629,4.227,4.159794098461458,0,4
4.879219999999996,4.603540370794352,4.3606251638769535,4.1835365,5.128615,4.607,4.563566401026023,0,4
3.665839999999999,3.8162167768690334,4.051268523122125,4.4239,4.4535003,4.701,4.25643355478956,0,4
4.557690000000001,4.4019014834415975,4.129703806999786,4.261145,3.9844112,4.706,4.334036839276978,0,4
4.7216900000000015,4.956418786344521,4.745679033039071,4.9078016,4.6902885,4.765,4.950135126310928,0,4
3.8973199999999992,3.900885602384379,4.298641839022801,4.604885,4.7645354,4.835,4.430422475474121,0,4
4.452270000000002,4.356380989152602,4.143315377979056,4.5741096,4.1543784,4.957,4.491225703804478,0,4
4.643860000000001,4.703084127473074,3.9372988687995156,4.1871877,4.2885633,4.969,4.45343064738328,0,4
3.5672899999999994,3.359085375356445,4.090528662120847,4.608542,4.5175114,4.992,4.196415907914343,0,4
4.17842,4.11055112018944,4.5152646034257575,4.8611197,4.8419724,5.087,4.646299308339551,0,4
5.34279,5.1155422001811255,5.4388593299188654,5.5189915,5.7165017,5.132,5.48488735688736,0,4
4.570960000000002,4.729740038171543,4.177144755352899,4.907369,4.748557,5.137,4.877132326631882,0,4
4.818520000000001,4.962325191898142,5.10348121326968,5.137199,5.444857,5.308,5.187681404426627,0,4
5.25091,5.1860908537007155,5.387932806045608,5.6344404,6.0912814,5.331,5.621224283709318,0,4
5.246850000000004,5.178318011160342,5.248525336831946,5.36871,5.1988816,5.463,5.346797107612298,0,4
4.6971300000000005,4.873471483045529,4.187799918658318,5.591676,5.8898754,5.741,5.441699002473969,0,4
5.548000000000001,5.545759894110132,4.068061543080532,5.3736877,5.3265457,5.76,5.50544498704143,0,4
5.2921000000000005,5.165108284018515,5.524197145022863,5.4983997,5.745563,5.77,5.494690060937633,0,4
5.8644399999999965,5.921528760861679,5.7841759501455465,5.856234,6.123251,6.093,6.003526191038015,0,4
4.985429999999997,5.73820671487575,4.165500113338408,4.7226033,4.5352745,6.461,5.111027586556097,0,4
6.0981799999999975,6.4430979879692565,6.010919694685539,6.2863827,7.141299,6.8,6.558925265183356,0,4
6.546939999999998,7.290258145877731,5.888240649675238,7.382816,7.6704426,7.451,7.469776871862691,0,4
1.0911299999999995,1.070524455479077,1.1567974824362148,0.7334457,0.4607375,0.1,0.751033875518129,1,0
1.1460099999999995,0.7745870430001005,1.2089799976290627,0.64184093,0.18152118,0.138,0.6055784221029241,1,0
0.7868000000000002,0.6982869320111741,0.6320694259237434,0.53639656,0.3426452,0.158,0.5432524050580746,1,0
0.7741000000000001,0.8865338800602247,0.8466999697648647,0.6658342,0.59610426,0.195,0.6925835733446549,1,0
0.4080900000000004,0.6406779642640459,0.9442122519590408,0.52552944,0.30256775,0.228,0.4181072345128592,1,0
1.6031299999999993,1.649289489872536,1.7521375545166138,0.9808357,0.7077303,0.243,1.0952054539179783,1,0
1.3207200000000003,1.0825516017789538,1.76153875774786,1.0056789,1.2052102,0.372,1.1980201637879415,1,0
0.35851000000000005,0.6487002081750471,0.7237829410761529,0.0802226,-0.16978522,0.406,0.08813686583461756,1,0
0.9015000000000002,0.8811752175932681,1.0227217390929702,0.7174133,0.39670616,0.545,0.6569318874584038,1,0
0.9789699999999998,1.361629654021138,0.9371078828898056,0.08837974,0.14648616,0.555,0.43473516168587,1,0
1.4388099999999995,0.8948192647026058,1.3484675241156134,0.5368778,0.8053919,0.599,0.9247065348820479,1,0
1.0610899999999999,0.6136337592151537,1.1612854063929303,0.5217341,0.82276225,0.618,0.8084937260424326,1,0
1.5218,1.7724052827858303,1.5683466695140045,1.1343601,0.86213493,0.701,1.1869810547248854,1,0
1.551639999999999,1.0220061858862801,1.353375236491929,1.4572026,1.7189472,0.702,1.592376540431063,1,0
0.6337599999999999,0.7510787688854919,0.7655911245453355,0.46679783,0.3866628,0.722,0.5051946926270939,1,0
1.3257899999999991,1.013638886595271,2.167562695213756,1.3145677,1.446266,0.735,1.378774287906022,1,0
1.7865799999999996,1.9051608041636647,1.4111407937971587,1.6778396,1.0546547,0.888,1.4930583159489768,1,0
1.1232500000000003,1.0069822467246057,1.1970981035627892,0.6321663,0.96005964,0.899,0.937295791200089,1,0
2.0916199999999994,1.9348135837138283,2.2550338651845605,1.4632305,0.9664762,0.983,1.4824308398164756,1,0
1.3172300000000003,1.3102742642173717,1.458474072474876,0.8801042,0.58287287,1.009,0.9175232764074088,1,0
2.1495499999999996,2.0772745404088897,2.219301696721252,1.9534324,1.6753287,1.01,1.935194804201874,1,0
1.304959999999999,1.3822843077703073,1.2452092339609144,0.71612793,0.4279149,1.03,0.8099558261804968,1,0
1.4855299999999998,1.614678450297934,1.2638629563211048,0.9240442,0.8864366,1.031,1.1208952740076787,1,0
0.86084,0.850737737402897,0.5269475607759957,0.83034885,0.8537773,1.067,0.8655812276515287,1,0
1.5206499999999996,1.5249989948257172,1.3286912056399927,0.8431741,0.8089875,1.098,1.070522664572732,1,0
1.279280000000001,0.9690725256472502,1.356179367096229,1.2830155,1.3967637,1.1,1.3342597291201683,1,0
0.8585699999999999,0.8708064762694379,0.8567940217543331,0.99013835,1.0436543,1.116,0.9885769523033927,1,0
1.7142599999999997,1.742466643769445,2.169622184169545,1.1670883,1.2850738,1.144,1.4225124963128541,1,0
0.9410100000000005,1.104545346153889,0.8104313672024168,1.0061598,0.9907849,1.157,1.0077861148301612,1,0
1.665599999999999,1.9103037218701706,1.5443566681140772,1.3774588,1.3282702,1.164,1.4946599033725763,1,0
1.8047999999999988,1.550707299651248,1.5139632659349318,1.9995626,1.9544286,1.234,1.938175185326472,1,0
1.3858399999999995,1.5858109702442122,1.5172807203691594,1.2943014,1.3291107,1.253,1.3768490157536033,1,0
1.6041900000000007,1.7977724193990507,1.4884549033116532,1.2329775,1.1498023,1.256,1.3575503831744147,1,0
1.5289200000000005,1.5808984570189268,1.4581324670884888,1.1930674,1.1375364,1.311,1.3076807881488264,1,0
1.2248099999999997,0.8030032468849391,1.7004009982548596,1.1668139,1.4411027,1.324,1.2964037089439526,1,0
1.0813500000000007,0.8659896206274305,1.20502893273705,-0.0039366484,-0.2615846,1.331,0.23526061795830072,1,0
1.3764199999999993,1.3424032929763479,1.1638897219828246,1.0677196,1.1742237,1.333,1.233211978703494,1,0
0.83836,0.7027021972467556,0.7631775207731706,0.52284604,0.583915,1.379,0.6546757880537948,1,0
1.6548699999999994,1.6714872006845065,1.606661757135157,1.0950484,1.3035195,1.39,1.3904070042548526,1,0
1.5936499999999996,1.5480276294320103,1.4158476829827047,1.486853,1.5558109,1.391,1.5768374748383054,1,0
1.7680700000000003,1.7052811211667234,1.546096166177109,1.4288834,1.5596914,1.419,1.619778964848911,1,0
1.612120000000001,1.5033856324347319,1.36376173711569,1.4312007,1.2912642,1.484,1.4533625123305156,1,0
1.3072799999999996,1.1135224769964165,1.8181894621670462,1.6757922,1.9129319,1.559,1.6723462537336677,1,0
1.0324099999999998,0.9485483901438618,0.6769428003454974,1.0053529,0.97313094,1.583,1.0148353636275687,1,0
2.02713,2.0383264936170926,2.743225600703961,1.4901081,1.2760725,1.607,1.6083959135921153,1,0
1.641539999999999,1.6919020116575307,1.1025573275502394,1.4494718,1.196557,1.614,1.438547808773869,1,0
1.5067699999999993,1.6332459822075935,1.4484199978693382,1.3742279,1.357324,1.616,1.4456347345298373,1,0
2.144079999999999,2.2155704740214768,1.9617223383473443,1.658569,1.7397814,1.618,1.890302687407567,1,0
1.61944,1.6181022174889457,1.5437877536043287,1.180247,1.4486932,1.621,1.4610909160413001,1,0
1.6347700000000003,1.6990868365145018,1.496243339659913,1.4395405,1.3112514,1.621,1.4824939328934017,1,0
1.4199099999999996,1.570746620579099,1.4653796877503569,1.2126158,1.5222787,1.671,1.4439165272947192,1,0
1.5598800000000008,1.5456728051430277,1.2445134824216564,1.1021101,1.1948147,1.672,1.3132991548586066,1,0
2.2863799999999985,1.8860382073522084,1.3360625585639767,1.0164328,1.0192392,1.678,1.4337815742468303,1,0
1.9623699999999997,1.8306811465732553,1.8991723322738707,1.6327516,1.4794307,1.686,1.7011504395127965,1,0
1.7289900000000002,1.761685436748805,2.210309256006354,1.6234847,1.8198817,1.7,1.773949127936632,1,0
1.664670000000001,1.7832476461298523,1.699666981657767,1.4888355,1.5125124,1.719,1.593304827332002,1,0
1.7108299999999996,1.6082969226878125,1.692272610652819,1.4191505,1.7931207,1.729,1.6932543318784785,1,0
1.9115699999999989,1.9072831637040348,1.768077158965688,1.6622397,1.6541741,1.731,1.7733773900333767,1,0
1.61722,1.4102812545530057,1.6609777726909676,2.174624,1.7340422,1.742,1.8336440208530012,1,0
2.5572999999999984,2.42883144243994,2.6959097465543036,2.7474158,2.4521766,1.777,2.6052993264690016,1,0
1.7601899999999993,2.017123523681442,1.889556804667486,1.458456,1.491859,1.778,1.6170551357099576,1,0
2.0764800000000014,2.105177921501083,2.0364935957317263,2.1424887,2.2080665,1.818,2.1909317872830423,1,0
2.23599,2.2091333996267974,1.9711773480016324,1.7248039,1.8136215,1.829,1.9632713363639405,1,0
2.0277300000000005,1.7048351382152531,2.079318704527344,1.6979479,1.7791297,1.833,1.8535862576855895,1,0
1.7490600000000014,1.6882319744786811,1.382622726021646,1.497849,1.4291155,1.86,1.5774841619619988,1,0
1.8022000000000002,1.760247915543161,1.5578872326614095,1.5566386,1.787327,1.869,1.7619706611818369,1,0
1.6426699999999994,1.6206416607243601,1.6415101309532072,1.8331915,1.7235749,1.871,1.757802546613739,1,0
2.02579,1.8086918330999577,2.2628581489312127,1.9093729,2.040441,1.887,2.025743398821705,1,0
2.04088,1.8956828837354678,1.5992872043582091,1.5236844,1.8652027,1.894,1.8584670710258986,1,0
1.6401099999999997,1.5710986105960136,1.9535565600648206,1.8407497,1.9401704,1.907,1.8465941997848958,1,0
2.2390600000000003,2.1713897626851923,2.0678405821802235,2.1521268,2.1192584,1.954,2.2042846187055867,1,0
1.8324099999999992,1.6530259957572235,2.0522800416639555,1.4570335,1.4339076,1.956,1.5886958011218486,1,0
1.945369999999999,1.8937357952706846,1.9743420597337935,1.7823515,1.9856868,1.963,1.952522802645411,1,0
2.2881400000000003,2.312350886191398,2.474315060649002,2.280629,2.277478,1.99,2.3271270169684346,1,0
1.4028999999999994,1.7154439294010029,1.378379976297186,1.4736879,1.1680163,2.001,1.370460325575567,1,0
2.260630000000001,2.3696800408316716,2.390459990961234,2.1971586,2.058431,2.003,2.209338447254882,1,0
2.0101999999999998,2.019464446520738,1.6848056623384857,1.7397784,1.6663897,2.006,1.832952541915605,1,0
1.899170000000001,1.7863679429594488,2.0201480665360005,2.14251,2.1299882,2.013,2.0903450285407414,1,0
2.0627899999999997,2.268977782861906,1.7893717616213205,2.183501,2.3511083,2.015,2.268512276919472,1,0
1.6010499999999994,1.7294730956660627,1.784690989793535,1.3336782,1.360286,2.023,1.4674470808438613,1,0
1.8781199999999985,1.9854919332834018,2.032605651728441,1.916596,2.007052,2.038,1.9852629454681936,1,0
1.8934499999999992,1.965681194426822,1.6358767743833948,2.1489506,2.2252152,2.048,2.141770712091796,1,0
1.9586599999999996,1.778599232073888,1.787551069902324,1.7139008,1.8465567,2.05,1.8721975553352213,1,0
2.024710000000002,1.9560339806043696,2.1620828178093485,1.9578012,2.0326912,2.055,2.0445833791367978,1,0
1.692679999999998,1.5382179311006987,1.4478442351096865,1.80278,1.6630671,2.062,1.732529086179362,1,0
1.6252899999999986,1.382867676905994,1.4716035515735721,1.9223701,1.9898112,2.076,1.8733229512928609,1,0
2.469409999999999,2.2818377809502217,2.4127031234355996,2.0986934,2.1273692,2.102,2.262272051623472,1,0
2.4953200000000004,2.2818377809502217,2.4873779269469765,2.1150527,2.0995882,2.102,2.262008972067714,1,0
1.8574399999999995,1.7672592670490552,1.5901913110376982,1.2696624,1.6756461,2.109,1.6534929321121914,1,0
2.2141900000000003,2.1846398838687366,2.3199004319429415,2.2463775,2.2798402,2.114,2.2909196845791815,1,0
1.9075599999999997,1.9518766526555518,1.7705508567067745,2.4585872,2.0526407,2.118,2.1556409242489596,1,0
2.3170900000000003,2.3994268086571697,2.237100177717583,2.2756236,2.183812,2.153,2.2999216045177513,1,0
1.6678800000000005,1.6069242256706335,1.8254757269247022,1.8381568,1.9675789,2.154,1.8671053907008144,1,0
3.438209999999998,3.7504947237363373,3.6780128404677455,3.328083,3.470985,2.156,3.50820623139343,1,0
2.01459,1.9560737278414588,2.0269545717370585,2.1556575,2.1148396,2.165,2.1293547963307304,1,0
2.3493700000000017,2.3994268086571697,2.286509444341063,2.2952678,2.2234848,2.203,2.330468346679126,1,0
2.2762999999999987,2.0509398643489667,3.0337972429746314,1.9694705,1.9028187,2.211,2.0670556367480275,1,0
2.130589999999998,2.4168336357240223,2.631916125688306,2.0676696,1.918803,2.212,2.08420585272482,1,0
1.8081199999999997,1.609398006480688,1.528558379558664,2.1623158,1.9897764,2.212,2.001286545202255,1,0
2.2557299999999993,2.168605125593435,2.2207941048087085,2.2345572,2.162173,2.214,2.24867317387716,1,0
2.0735599999999996,2.1254665134368205,2.0982503204617147,2.0591307,2.2261374,2.217,2.1766130028563953,1,0
3.4144900000000002,3.260168664096545,3.4616144295079803,3.1428254,2.943187,2.225,3.2001358551068533,1,0
3.2602299999999995,2.788727692582593,3.613180054596143,2.6723416,2.5334568,2.24,2.830975768197799,1,0
2.18534,2.154260929397979,2.3000908128257844,2.3260984,2.3760343,2.252,2.3428764903534955,1,0
2.2285299999999983,2.2327066939308793,3.1529739702035027,2.6811528,2.7360494,2.256,2.605402838096284,1,0
2.1904200000000005,2.2561395346699826,2.3038496101369486,2.3438194,2.1408646,2.269,2.2571082178068522,1,0
2.109439999999999,1.8778517555753493,1.7543983862621522,1.9574457,1.9845175,2.271,2.0421422820796327,1,0
2.81206,2.4651863210118194,2.5743788422993017,2.8667748,2.9718869,2.313,2.9255329634499674,1,0
2.2271900000000002,2.0211707911393466,2.260495626529443,2.2259257,2.0979211,2.315,2.2024334556380087,1,0
4.613879999999999,4.62285813362083,3.7366618222446393,3.5453532,3.6969569,2.328,4.032564567280263,1,0
2.0226399999999995,2.020986185161535,2.0407067753681534,1.8705211,2.0236878,2.37,2.0209547411811606,1,0
1.8336599999999987,1.8302362884683128,2.2210428645640103,2.2289848,2.4103038,2.372,2.2159984009739433,1,0
2.5433699999999986,2.6679144187951707,2.663970373509101,2.9692447,2.7518861,2.436,2.8016867196225164,1,0
1.7686999999999995,1.9432877610565225,1.9588248847117988,1.8665521,2.13497,2.436,1.9932362617617598,1,0
2.3632299999999997,2.370321219802923,2.30324948330934,2.2810223,2.0607464,2.442,2.260446040605828,1,0
2.44403,2.5048059008485817,2.617714816035972,2.4882798,2.4651706,2.476,2.515535777455689,1,0
2.2077200000000006,2.2218202506590448,2.352260872667082,2.2865684,2.4494917,2.487,2.373300334285303,1,0
2.2722599999999993,2.3589807264475273,2.3219270833930143,2.2578998,2.5199587,2.489,2.4211480314567027,1,0
2.7824900000000015,2.7152788739514646,2.837189272879422,2.5469394,2.5130122,2.516,2.6556614318406,1,0
2.7808300000000012,2.6708379804121885,2.5451023791261163,2.4709165,2.584668,2.525,2.661949459832,1,0
2.5668899999999994,2.2927756847410588,2.5081827658833875,2.4703217,2.4473264,2.581,2.5227940845151933,1,0
2.336830000000001,2.169524838502487,2.4916029006339135,2.5278897,2.4435375,2.586,2.4669885728774674,1,0
2.7512799999999986,2.7987375722161687,3.2376992533341022,2.8683116,2.6437693,2.611,2.793566095000451,1,0
2.4357699999999993,2.079050074117823,2.6007578500010293,1.9612323,2.069386,2.658,2.179171564202034,1,0
2.3921700000000015,2.404669442909588,2.3294936199440106,2.415344,2.421013,2.676,2.4571734809179233,1,0
2.5193600000000003,2.0952455278495976,2.7090683024021045,2.384659,2.709017,2.685,2.5839199990044515,1,0
2.5153499999999993,2.107811293745889,2.3938380260421734,2.2893946,2.0641198,2.686,2.2883053256543637,1,0
2.8607899999999997,2.6243848777745047,2.761169838130899,2.640128,2.5926073,2.704,2.7292463335715444,1,0
2.62926,2.921075865262649,3.211059671688131,2.8172317,2.5341773,2.707,2.7089874592830268,1,0
2.36998,2.1512277585075665,2.4696192128760663,2.2883298,2.4736733,2.729,2.42301663774296,1,0
2.6817300000000004,2.6850297879144662,2.8023354634079514,2.7628539,2.7709918,2.789,2.7925401396570333,1,0
3.5140799999999994,3.1011504705646797,3.6626458510631057,3.418052,2.7118156,2.815,3.1939169078567398,1,0
2.9272299999999998,2.7074085731566364,2.8746518544367476,2.839347,2.8391657,2.834,2.9090114285615636,1,0
2.6306199999999995,2.8149194573556175,3.0218946816012195,2.66988,2.853051,2.844,2.796419966902394,1,0
2.839339999999999,3.02955888593259,3.0102441849852486,2.9406369,2.8010597,2.862,2.917127185520717,1,0
2.80452,2.5385237177179554,2.8469693184642866,3.0058792,3.0691266,2.91,3.0061952318486114,1,0
3.2905500000000005,3.062312216876,3.1859022179881524,2.868113,2.8724887,2.918,3.0509030535276525,1,0
2.983499999999999,2.9586109275881842,3.1666435058748217,3.1275928,2.9657605,2.976,3.070460916912557,1,0
2.810440000000001,2.628152290097993,2.711885779130711,2.8696768,2.7541912,2.987,2.845177873083525,1,0
3.6544600000000003,3.2044842541258602,3.159325946250896,3.4871652,3.4540102,2.992,3.5672348820485125,1,0
2.549640000000002,2.818339166860441,2.8631164447307507,2.5862005,2.5513797,2.995,2.6262133225609174,1,0
2.697979999999999,2.4429465566131188,2.169231732564314,2.5047824,2.6027205,3.029,2.6418336858101763,1,0
3.223579999999999,3.2545011562476347,2.875509292752791,3.504964,3.423689,3.106,3.4466872016726176,1,0
3.254500000000001,2.877790408481144,2.868496482416327,3.2717545,3.5420227,3.148,3.4179248838081584,1,0
3.19749,3.2082416659439343,2.7489382580841037,3.389509,3.431629,3.168,3.4090526883064056,1,0
1.7002199999999998,1.8852163078347046,1.9478831018125882,2.5951474,2.8704667,3.21,2.4744270013456884,1,0
2.97842,2.931501613002747,3.6830665960617024,4.098501,4.327927,3.213,3.8978586766890566,1,0
3.6872499999999997,3.552711811374663,3.9842150266944483,3.67171,3.7112343,3.277,3.755337923290519,1,0
3.751579999999998,4.40283120742235,3.616881080198503,3.5408862,3.5921466,3.293,3.7417410413581003,1,0
3.3498,3.2561179197433536,3.0030429755807706,2.8587575,2.8417501,3.519,3.0637826370704246,1,0
3.0371100000000006,3.799398311932319,3.1401378829001385,3.5991685,3.449458,3.55,3.4672824363133663,1,0
2.36893,2.5236956478208317,2.528232006372389,2.3020904,2.609209,3.613,2.5068051549462047,1,0
2.764909999999999,2.5168896048156415,3.1783015640213783,3.1765945,3.3275058,3.613,3.148089835323211,1,0
3.25758,3.1345749495456205,2.8110019216923567,1.5608083,1.7808101,3.619,2.2389641989353364,1,0
2.8561199999999984,2.909809994678559,3.6302385514895237,3.2793639,3.6693747,3.719,3.3681867551485203,1,0
3.33782,3.6540103371605817,3.7490459075309976,3.6273422,3.3953815,3.719,3.5238168143621094,1,0
2.6065300000000002,2.5004058349396368,2.7438366800452574,2.1481917,2.4302866,3.74,2.453027161120329,1,0
4.1926400000000035,4.588010731517892,3.802715314755632,3.4884458,3.5716746,3.784,3.8494311925650146,1,0
3.4446499999999984,3.6360602127708908,3.832025013620143,4.498014,4.4301505,3.808,4.218016213555022,1,0
4.3375800000000035,4.5928890899938315,4.508430400614585,4.5223985,4.7221603,3.812,4.647573013564664,1,0
4.497739999999999,4.611190003919118,4.290870351746543,4.237821,4.41572,3.844,4.487194087308017,1,0
3.2137900000000004,3.340136671565542,2.987982148858399,3.4221365,3.236683,3.859,3.3490368255941894,1,0
2.9643500000000023,2.8181966443362683,2.5939666629666736,3.8032663,3.5509489,3.865,3.4825932787617147,1,0
4.232439999999996,3.882777201002207,3.3152591753243374,3.7909653,4.208443,3.869,4.162876048477232,1,0
4.2925499999999985,4.107208733923524,3.4624121414883327,3.8464277,4.2924337,3.908,4.243328955140454,1,0
3.7073799999999992,3.6707668407371785,3.7829551941210138,3.829592,3.8107073,3.936,3.852257547499657,1,0
3.5937499999999964,3.619341296870028,3.8055454438705327,3.6949909,3.583432,3.951,3.6872332487729915,1,0
3.982380000000001,3.866251947968457,4.118319299597477,4.1494164,4.227801,4.038,4.1989535652312435,1,0
3.9341799999999996,4.1479598375208475,3.7148559325991686,4.4823036,4.4124436,4.055,4.370528171528492,1,0
3.557989999999998,3.402000877196763,3.4781216838784363,3.76661,3.8711638,4.073,3.803388641913232,1,0
4.4344000000000054,4.489510808924298,4.952671373503601,4.673938,4.8312235,4.083,4.753336740972456,1,0
3.2100799999999987,2.9208172739838982,2.8636497740872744,2.7737043,3.331976,4.114,3.1871256986651737,1,0
3.3137000000000008,4.187301032525279,3.696378654657312,4.0588617,3.9542997,4.28,3.900901333839271,1,0
3.839399999999999,4.105664244721551,3.678593341282676,4.039766,4.1126895,4.317,4.09814876490816,1,0
4.164400000000001,3.7999407121355557,4.544523461120917,4.3131175,4.3501344,4.652,4.338793010296653,1,0
4.380469999999998,4.172938639588542,4.15048965615534,4.2108784,4.355933,4.701,4.395563225294611,1,0
4.670370000000003,4.856881553580485,4.562160558193379,4.642963,4.668833,4.726,4.7638814196906445,1,0
4.660970000000003,4.856881553580485,4.6316666528023145,4.711307,4.5467353,4.747,4.728633468452919,1,0
4.5039299999999995,4.37371854460948,4.361470913450632,4.4412465,4.5312424,4.835,4.5767038439945225,1,0
4.435809999999998,4.987801659425352,4.996857880337531,5.1270213,5.1197405,4.991,5.0277419013013285,1,0
5.962670000000002,6.3684381840987,5.070305245226418,5.974761,6.1012173,5.084,6.164131968751558,1,0
5.344169999999999,5.854029726587292,5.476333090292589,5.525848,5.244121,5.091,5.486110637390827,1,0
4.995550000000002,5.47392545558193,4.594869078985396,4.6492968,4.5879116,5.159,4.858377179232964,1,0
5.007240000000001,4.864844834554727,4.499864984788629,5.1267905,5.3284507,5.176,5.2607689042983425,1,0
5.419699999999998,6.1326575503411895,5.5864009820072145,5.564233,5.245588,5.179,5.535049811938428,1,0
4.944440000000001,5.131821614340958,4.813017610994709,4.9092216,5.27009,5.193,5.17803060169557,1,0
5.256540000000001,5.448480826498259,4.606257101875965,5.2402253,5.265543,5.347,5.369036397083889,1,0
4.193089999999999,4.576067589320652,3.410146804727554,4.717303,4.250817,5.361,4.462838346528011,1,0
5.273080000000002,5.362946473377853,4.5381791176135975,5.0201774,4.9370522,5.379,5.171552777098489,1,0
4.815900000000002,4.984058488422768,4.415761059892817,5.0203443,5.166114,5.485,5.120428426408557,1,0
4.90294,5.267453164060892,4.825719552710106,5.2582426,5.3948245,5.535,5.321391294494538,1,0
5.371010000000001,5.10489206867808,4.719151320704199,5.3528337,5.257264,5.631,5.404734723895339,1,0
6.184380000000002,6.279026395492909,5.133115557429123,6.1262627,6.403402,5.694,6.385126313192279,1,0
5.4937100000000045,5.439275635767153,5.577486702707404,5.5428796,5.593667,5.796,5.6507230770814045,1,0
6.373849999999999,6.687668734173179,5.7825184119632,7.2583156,6.601274,5.829,6.848780088783896,1,0
5.509740000000001,5.489070617061568,4.742224620637377,5.523097,5.523829,5.856,5.623673486502603,1,0
5.226499999999998,5.242108431517901,5.40451860711692,5.8348207,5.6000185,5.932,5.6474057128823745,1,0
7.783260000000005,8.133044451699424,5.44366296237267,8.245954,8.527984,8.177,8.390663698562339,1,0
0.13741999999999996,0.4356709877994954,0.4466551947054893,-0.0059092753,-0.26163912,0.009,0.06814120902051023,1,1
1.0975899999999994,1.0843527032837255,0.7982248723438417,0.6730184,1.028315,0.071,0.8760356271039623,1,1
2.9621299999999993,2.7642116863581507,3.181970342388241,2.989663,2.884402,0.085,2.9768556255017375,1,1
0.75216,0.7591981764972279,0.5799674636424772,0.98195815,0.51215994,0.086,0.8543322885335808,1,1
0.5649700000000005,0.53326314136651,0.7841596415968413,0.09393267,0.15434779,0.126,0.2497856011689725,1,1
1.27385,1.0215806328446309,1.1969042118628428,1.2883046,1.3331689,0.346,1.257905045777232,1,1
1.2568099999999995,1.0765877698266642,2.7189334024054466,1.6171361,2.2403755,0.346,1.5897102284981,1,1
1.0897399999999993,1.0843527032837255,0.7858979533007029,0.7872256,1.0518924,0.417,0.9406095166255529,1,1
0.96008,0.910468848320925,1.0773947971943643,0.4170937,0.78406006,0.45,0.6467825931494176,1,1
1.23164,1.0347074408735402,0.9654189126426007,1.0399104,0.9462589,0.654,1.0618954725111622,1,1
2.15453,1.6266689124143316,1.8816393396804791,1.1917776,1.1929226,0.693,1.4041625440786025,1,1
0.7290999999999999,0.7710528064806016,0.7906731829394333,0.5922392,0.6306723,0.717,0.6635485758650093,1,1
0.7130300000000002,0.6936506870991589,0.8304322020701334,0.67773837,0.618601,0.724,0.6884845138252749,1,1
1.10088,1.0903209108911014,1.1288197796875665,0.61638254,0.69985193,0.759,0.7952277217377062,1,1
1.47223,0.9232106153409894,1.3313279172601147,1.0623442,1.0550432,0.801,1.08791315089295,1,1
1.2356300000000002,1.157926425849637,1.6335127459631107,1.4085673,1.2715615,0.823,1.3407416799360936,1,1
0.8846400000000004,0.8167957648505606,1.0558901052732839,1.0232657,0.91377825,0.841,0.9656173052733885,1,1
0.94958,1.047937083740047,1.1697023691278305,0.73019373,1.0025936,0.895,0.880716717882053,1,1
1.2219299999999997,1.0825836598004286,1.3373001143855872,0.8635707,0.8679035,0.937,0.9645183986685216,1,1
1.4710200000000002,1.7059410580255765,1.5933787355834128,1.0170329,1.1382512,0.94,1.2561359367011895,1,1
1.4593599999999995,1.4576759756529365,1.2356089588466508,1.0980428,0.9403996,0.995,1.2104723495957432,1,1
2.0633900000000005,2.2219659672797913,2.6690496042098952,1.0734833,1.097864,0.997,1.4534997981777804,1,1
2.0418199999999986,1.6193430269283309,1.7183871449433705,1.1033584,1.1989799,1.013,1.3453221216087137,1,1
0.9143299999999998,0.8572841370081825,1.1211891487668366,0.83680415,0.9632414,1.014,0.8849554945885303,1,1
1.28709,0.9296971034926249,1.1233078601143849,1.0918666,0.90002024,1.06,1.0636383423288422,1,1
1.3521099999999993,1.3419793619839862,1.4335122004876144,1.263609,1.370413,1.104,1.3312538594508085,1,1
1.1552499999999999,1.0121780862814003,1.3264483857127354,0.66120225,0.7257169,1.116,0.8105915320164085,1,1
1.641660000000001,1.6056186413044167,1.2774771278112578,0.9776124,0.8968085,1.131,1.1894956996117974,1,1
1.1080400000000004,0.940592542318546,1.0638203582300048,0.6872541,0.9508137,1.15,0.8394350254890155,1,1
1.2114900000000006,0.8639895954300052,1.2107294078102837,0.5615861,0.7885362,1.165,0.7380307792381989,1,1
1.5164400000000002,1.480788371681577,1.2537665740254005,1.5018641,0.9488476,1.18,1.440115519455589,1,1
1.108529999999999,0.9139806955087121,1.0785695647721225,1.1903659,1.121387,1.191,1.131594473193561,1,1
1.1297099999999995,0.7527043254126818,1.152717199056107,1.341386,1.1470762,1.194,1.1820341133276606,1,1
1.2163799999999996,1.274779544794049,1.0888711771378397,1.3051935,1.1674219,1.195,1.2935679240154083,1,1
0.89961,0.9907964678615745,1.8253545396870137,1.2682942,1.2255368,1.201,1.1883396406807274,1,1
1.3622099999999988,1.0303299489652862,1.1691240482746441,1.3290837,1.2855657,1.203,1.2825599592878434,1,1
1.3067600000000001,1.3296856193262896,1.4111143910941795,1.067248,1.2883664,1.248,1.205388692084176,1,1
1.4676300000000004,1.606709002119317,1.419874828014581,1.1062794,1.0251544,1.303,1.2632807902646062,1,1
1.0911699999999995,1.0425299905191023,1.1203278966114307,1.0761805,1.2419031,1.326,1.1169812679019266,1,1
1.6803400000000013,1.7323360549506925,1.8000945501753187,1.5908903,1.2920452,1.327,1.6153035838576553,1,1
1.1620099999999993,1.3620224132829395,1.3528757101515885,1.2219018,1.2015245,1.331,1.2690348930423556,1,1
1.5782900000000006,1.6094745032432076,1.4958984356627736,1.2936112,1.2921679,1.341,1.417399232813801,1,1
2.806709999999999,2.1009080740613917,2.644091547245163,1.3205492,1.2055871,1.351,1.6448635422217448,1,1
2.562780000000002,2.5849206517502923,2.5244494594519784,2.225732,2.097797,1.381,2.362432591089168,1,1
1.5707899999999995,1.1500042729900464,1.276080037746592,1.3238693,1.3019855,1.387,1.3291406270183743,1,1
1.49572,1.8340640837832738,1.6815048130828307,1.3779106,1.4099247,1.419,1.5253514866641347,1,1
2.01446,1.5721549338256386,2.2522394836046695,1.5583899,1.9205301,1.428,1.6913969105345554,1,1
1.07011,1.1081752030543568,0.6039470016243538,0.8900552,0.9246347,1.432,0.9795682818797578,1,1
1.4016100000000007,1.1786971627227354,2.291775887239112,1.4188241,1.523706,1.437,1.4063012845350986,1,1
1.9360999999999995,2.008865231258105,2.1520939797283,1.8284999,1.9837958,1.472,1.9399704486248615,1,1
3.2217800000000008,2.9989221498862557,2.766287279689264,2.4271898,2.5103261,1.488,2.692371816191701,1,1
1.48087,1.5640695693954363,1.492574564718628,1.4057225,1.2492603,1.529,1.4516067959668568,1,1
1.95409,2.107578498461952,1.8343022871809218,1.2869681,1.3127828,1.541,1.5662076965949825,1,1
1.7620899999999995,1.9536330753231232,1.7668327016925733,1.3993789,1.2478203,1.585,1.563415811778925,1,1
0.9131399999999998,0.842359185927925,0.6313776039072527,0.6835483,0.5577051,1.595,0.7346577874862419,1,1
1.482660000000001,1.7585690924886959,2.011988195080573,1.7061521,1.4813222,1.617,1.6950749965278287,1,1
1.5401600000000009,1.7172591888805457,1.535667995313096,1.7240888,1.5980499,1.636,1.719057527613973,1,1
1.0700299999999996,1.4790339068872498,1.3923518742330905,1.9740596,1.7904285,1.693,1.7860078700997992,1,1
1.622969999999998,1.1985734867599644,1.371472981380596,1.512285,1.5930526,1.749,1.4927367226482562,1,1
2.2649700000000004,2.422636084171265,1.7011096191874084,1.6037242,1.4449939,1.751,1.8590008779204918,1,1
2.1876100000000007,2.1197475343308327,2.7271313429781787,2.0262883,2.4926705,1.801,2.1758426572281797,1,1
2.16157,2.2593167928626947,2.340779057984764,2.1321962,2.084853,1.828,2.1980538615137313,1,1
1.5267199999999994,1.2656368057228817,1.3027591179091265,1.9313197,1.9347202,1.829,1.7791540672620383,1,1
2.643320000000001,3.02117785952955,2.5057605069336844,1.7856185,1.9398167,1.848,2.207736876545808,1,1
2.2040100000000002,2.149729118034827,1.7998192832786095,2.3701584,2.3228624,1.849,2.342777454140575,1,1
1.925929999999999,2.049299760015137,2.0068453760708933,1.7707222,1.8500735,1.88,1.8960070670035232,1,1
1.8980400000000004,1.7446084538114643,1.951974380021366,1.6256517,1.5718173,1.889,1.7012881424303419,1,1
1.7076899999999986,1.8230964508852003,1.878505323895308,1.4754796,1.5313421,1.905,1.6142891549356522,1,1
1.8375200000000005,1.7982940630664583,1.8500457978702793,1.801891,1.7178711,1.924,1.8261119746437442,1,1
1.78156,1.666341844523467,2.0750919540385353,2.1402297,1.8319744,1.931,1.9911021229697659,1,1
1.7229199999999993,1.5753056365467073,2.0312274206878915,2.0780962,1.8203384,1.962,1.9294389344641711,1,1
1.73244,1.7734738042719775,1.8740567884616899,1.9434794,1.9258288,1.966,1.9199005260459556,1,1
1.8175500000000009,1.668519293607847,1.8058188527431396,2.0540245,2.2941017,1.987,2.021549895380304,1,1
1.6296499999999998,1.5003777637884455,1.8964207618040696,2.2294369,2.3236825,2.01,2.064799330433769,1,1
2.3486099999999994,2.5029490761235125,2.0781754571296216,1.8269776,1.9498981,2.026,2.085398679447179,1,1
1.996350000000001,2.0067726375343655,1.9911508078679563,2.0592456,2.0387664,2.047,2.078171355924719,1,1
2.09457,2.1580839555716995,2.089117027601972,1.9460732,1.8938758,2.054,2.038065697474634,1,1
1.5897300000000003,1.3161839146916428,1.385261356910294,1.8433692,2.0112934,2.061,1.7612869893596892,1,1
2.09355,2.009380135550235,2.6949740824103565,2.5935233,2.514155,2.104,2.4510107821002443,1,1
2.3781300000000014,2.4873909972857424,2.648148592433106,2.0947936,2.1637447,2.117,2.2627740579180107,1,1
1.6792600000000002,1.689612800070502,1.5743538451295003,1.6364487,1.5250992,2.122,1.666820971871426,1,1
1.5284299999999988,1.1614165384279178,1.722246508427655,1.4370922,1.3966875,2.127,1.4038522023433084,1,1
2.0169499999999996,1.6965279378687605,2.28434793636468,1.8944324,2.0339572,2.143,1.9192762285243317,1,1
1.6243299999999998,1.5048952550108945,2.328114474473906,1.2528358,1.7095617,2.144,1.4417001991555574,1,1
1.7508200000000003,1.4448632141157074,1.6975123447897174,1.8744721,1.5907322,2.172,1.756000617592531,1,1
2.070940000000001,1.6571070903262355,2.3648372375803244,2.3095536,2.1998417,2.204,2.1652757848267,1,1
1.51718,1.214571108954624,1.836198819876628,1.8606559,1.5402076,2.218,1.6660609723135462,1,1
2.1879100000000014,2.20355873839562,1.924859361889533,2.2981308,2.2560263,2.223,2.30423382402741,1,1
2.12721,1.9185797271629874,2.2946446281397375,2.0556598,2.0898478,2.239,2.0762106789200265,1,1
2.0727299999999986,1.9693069385026203,2.2525847316872856,1.7238306,1.7937547,2.239,1.8570721663951357,1,1
2.1454300000000024,1.9879020730011139,1.9709075871040698,2.0571365,2.0653741,2.242,2.0907317281483038,1,1
1.9356899999999992,1.7451747924957004,1.8306559418183297,1.8073041,1.920709,2.281,1.858021705517008,1,1
2.9235400000000005,2.893332163355884,3.657455349174561,2.1048849,1.5812643,2.282,2.3197966264454415,1,1
1.7427000000000001,1.7245911831944298,1.3716466728988157,1.8423527,1.9528326,2.297,1.859385332642545,1,1
2.71154,2.934705144364752,2.7755311559397255,3.019131,2.9696903,2.348,3.022123741196465,1,1
2.1212800000000005,2.8518257814903336,2.3038404357015283,2.293576,1.8670951,2.363,2.382840461624331,1,1
2.3156199999999996,2.261477221914491,2.589325367457115,2.2469985,2.1512296,2.397,2.2852209226387714,1,1
2.2611300000000005,2.3707038160166505,2.2622030813876237,2.4090765,2.427006,2.404,2.436229549157715,1,1
2.206840000000001,2.071219073393274,2.2167794281224955,2.4233603,2.2786624,2.421,2.346717364674414,1,1
2.28532,2.054176050400769,2.3087426818065984,2.3488567,2.2233975,2.424,2.301173877693671,1,1
1.5844199999999988,1.8571783810644908,1.6041819889001065,1.6392814,1.7958773,2.428,1.7408310649415437,1,1
2.2774000000000014,2.3606466405668507,2.328994164560788,2.371854,2.3659174,2.434,2.4057007997784994,1,1
1.706139999999999,1.1790330958358899,1.5314973401976182,1.8922143,2.0457177,2.435,1.772385748609094,1,1
1.8887699999999998,2.099218216780149,2.052130762526812,1.9586701,1.7926904,2.441,1.9962698186255916,1,1
2.38748,2.111833272349136,2.6600428247719075,2.159349,2.4118342,2.462,2.2515064934164233,1,1
2.1160600000000005,3.0010607938439864,2.417647997088847,2.3361986,2.1291618,2.486,2.4810261828311497,1,1
2.4069999999999996,2.5783728206310546,2.432465636807362,2.084213,2.3404229,2.509,2.3085650453541957,1,1
2.1135800000000002,2.0694805539086008,1.9877395878333335,2.3256528,2.525391,2.52,2.3240178146947317,1,1
2.3333700000000004,2.369610533055523,2.3583587488262543,2.4724035,2.3743637,2.535,2.4684910499433537,1,1
2.3724299999999996,2.2501000052989237,2.2713347473043726,2.3209298,2.3943918,2.549,2.3661924593616925,1,1
2.716730000000002,2.49475136910489,2.6974544093904926,2.6153166,2.7130888,2.556,2.663362061894266,1,1
2.4120600000000025,2.1869703250968873,2.5100017047008802,2.7106564,2.8446307,2.573,2.636701876453821,1,1
2.094579999999999,2.2089750261640915,2.041489233953954,1.2914325,1.240256,2.584,1.5934333562165002,1,1
2.0852299999999993,2.1438305262281356,2.3539242835300733,2.3953805,2.3300867,2.586,2.3451539837779762,1,1
2.7190799999999977,2.131888779586641,2.4319022636885634,1.7052023,1.4474746,2.596,1.8894835252979068,1,1
2.603950000000003,2.5024808875831863,2.422173145463395,2.2587104,2.3036816,2.601,2.3976738382538345,1,1
3.719560000000001,3.5007322019958216,2.664867935590985,2.4402382,2.3774815,2.606,2.8396836865619615,1,1
3.643660000000003,2.6848069464274826,2.771427660425191,2.7193239,1.9517282,2.638,2.7285558528117155,1,1
1.8995500000000005,1.7971636032893128,2.2303806652826483,2.2794366,2.242528,2.664,2.172039576721401,1,1
3.9581300000000033,4.051263055087085,4.753061917014624,2.651188,2.649328,2.673,3.144845744604942,1,1
2.858930000000002,2.562660152892494,2.806592921406664,2.6239722,2.7129593,2.68,2.696771808583485,1,1
2.63001,2.4517566202717487,3.0761939953386777,2.7863991,2.7791922,2.69,2.7481483919075576,1,1
1.790090000000001,1.9028840745764508,2.2340335742984276,2.6862721,2.8175297,2.701,2.49642869147478,1,1
2.0250000000000004,2.2584241109392487,2.603155332263319,2.3535073,2.3692696,2.732,2.349487108449564,1,1
1.82313,1.6730645130511201,1.5979004272522135,2.0201297,2.2390518,2.787,1.996129918165346,1,1
2.7851399999999984,2.9718773065753132,3.1648306567839217,2.9675312,3.0610328,2.789,3.0241029697167563,1,1
2.7343400000000004,2.9960452748571904,3.1636656600936295,3.0719981,3.1508539,2.811,3.095466551061237,1,1
2.4652999999999996,2.8450235825286754,2.6902199303120846,2.9241488,2.8048031,2.829,2.9014342307866086,1,1
2.7130800000000006,2.526693934360085,2.8630097382830533,2.566963,2.8469496,2.829,2.6654550352311883,1,1
2.8903300000000005,3.031812765512327,3.081298140046375,2.8055613,2.7218,2.831,2.9066319787473898,1,1
3.070020000000001,3.321342925877285,2.9127937889849074,2.6063511,3.2128685,2.857,2.959988457754753,1,1
2.8368599999999993,2.6864279448942314,2.697153167906829,2.7539628,2.7188969,2.864,2.7941465458797365,1,1
2.684029999999999,2.4845553648595278,3.089646176222371,3.260384,3.2402496,2.868,3.089140565647686,1,1
2.63489,2.734724645261929,2.648661723477057,2.990673,3.0597136,2.869,2.968026481461691,1,1
2.9722299999999984,2.8849743503858143,3.4821160207198454,3.305104,3.2825463,2.89,3.238534620352725,1,1
2.76674,2.965543045693142,2.5354199957741184,2.723923,2.6504683,2.891,2.8246741571839933,1,1
2.0430000000000006,2.338860371315204,2.512260921503118,2.802636,3.1017568,2.9,2.727598400251477,1,1
3.12099,3.078176110034157,2.8745175504519698,3.3735464,3.1010494,2.912,3.3048506613327886,1,1
2.405720000000001,2.2480529844233526,2.6250115424342235,2.6347458,2.558789,2.922,2.5639969524899953,1,1
3.30952,3.4733113116613246,3.3168370547202293,3.0911605,3.6229267,2.951,3.3432885330887747,1,1
1.4567800000000006,1.839690434411399,2.305310856368496,3.0103087,2.3827207,2.973,2.5569624011988874,1,1
3.1366999999999985,3.045750805662836,3.332837125090352,3.0308137,3.067975,3.003,3.108857939051331,1,1
3.0005600000000006,2.781170191322724,3.1579324108013673,2.906671,2.6717744,3.12,2.905937559376719,1,1
2.2289399999999997,2.4021613328799227,3.12729368885638,3.1307595,3.166022,3.183,2.9464249365623902,1,1
2.9981899999999992,2.928517742201283,3.688148875478343,3.3948567,3.2990367,3.21,3.301928938664013,1,1
3.0377799999999984,2.50207511568368,2.4547547897018167,2.2435515,1.8748496,3.213,2.361800779450259,1,1
2.83668,2.6984179017686474,2.9049952493934503,2.9204404,2.9873693,3.271,2.9290947026519105,1,1
2.260439999999999,2.433299225132663,2.396132917023959,2.341232,2.3173962,3.34,2.3966162130160398,1,1
3.3981300000000005,3.219486837162023,3.286723251136313,3.5086646,3.9320555,3.35,3.567240118602698,1,1
3.392179999999999,3.4303086348995078,3.7195082358710954,3.720876,3.707812,3.359,3.6940078261686984,1,1
2.470439999999999,2.5353182185022907,2.926579091231358,2.8042777,2.5521996,3.369,2.7262693998102154,1,1
2.1589199999999997,2.251563204854591,1.9155742076644537,2.579252,2.4477017,3.371,2.4944372664424024,1,1
3.140810000000003,3.304012096350251,3.3575614479776794,3.461935,3.6258035,3.469,3.489153577690321,1,1
3.6122300000000007,3.416811918019809,3.2977202529860916,3.622455,3.7139196,3.522,3.6592129449519573,1,1
3.5403799999999994,3.8572376981676273,3.4324712619744795,3.7452002,3.5365574,3.528,3.7917369877455824,1,1
3.163200000000001,3.1615211994506582,2.836320334337657,3.5389178,3.5627775,3.561,3.4900692597184113,1,1
3.1664699999999986,3.20696037206302,3.315736843092017,3.650915,4.06419,3.6,3.6404809535305542,1,1
3.280920000000001,3.4007289951615136,3.1205585704077348,3.543219,3.553431,3.625,3.556710517995974,1,1
2.678500000000002,2.829359435800059,2.7967707289113375,3.5189083,3.829727,3.651,3.400353485727885,1,1
3.135560000000001,3.328679753222915,3.4042375234820064,3.2144825,3.2984986,3.667,3.309152761802628,1,1
2.23574,2.2815921723645123,2.5090532014291598,3.3008356,3.6295607,3.692,3.0843941427999795,1,1
3.698220000000001,3.830087236091394,3.1435615654058804,3.1856139,2.7571588,3.769,3.3751819434920574,1,1
3.10185,2.9286900491580647,3.137258348382577,3.5681887,3.471855,3.781,3.432358233764006,1,1
2.1894799999999996,2.131175009960372,2.4104720815350333,3.404886,3.5787413,3.891,3.093650976989026,1,1
3.8105599999999993,3.938109504576109,4.056595119961773,4.224441,4.208285,3.966,4.199949535407731,1,1
4.2235700000000005,4.438017743250666,4.013620581527613,3.4144187,3.6197836,3.98,3.823159505730566,1,1
3.5655699999999997,3.0017679527499603,3.2495921484680954,2.7249439,2.6469474,4.028,2.9070289802630165,1,1
3.8785300000000005,3.931138225493321,4.387987247976959,4.7098494,4.6397996,4.056,4.53459562505581,1,1
3.883950000000001,3.932988668826055,3.274262204637623,3.4573596,3.7512085,4.095,3.7197309782025743,1,1
4.718840000000003,4.631536685575156,4.524592599226317,5.4813123,5.455484,4.238,5.318126547043858,1,1
2.2289599999999994,2.1069765630620574,2.4440854934263383,3.4406397,3.5857835,4.269,3.11214782821288,1,1
4.373330000000003,4.25200724738613,4.417507355126853,4.305448,4.173963,4.28,4.3623882831200165,1,1
3.388729999999999,3.2433970810257113,2.5211238050965354,3.663699,3.806458,4.44,3.6355750762692294,1,1
4.019050000000001,4.236793416133232,4.133034236820955,4.239321,4.224912,4.562,4.2984634795005885,1,1
4.26027,4.445155231858731,4.291671301295775,4.6686134,4.95211,4.6,4.715089165931532,1,1
2.3193199999999994,2.6939158708066255,2.2671359037018837,1.5725243,1.7466378,4.689,1.9571720810668756,1,1
3.7685600000000012,3.912784642068037,4.320460534562977,4.5433846,4.6821575,4.724,4.437143123505566,1,1
3.6759200000000027,4.188550427931184,4.350741771365863,4.4872303,4.508736,4.853,4.434130367062884,1,1
4.552190000000003,4.254212322793466,5.178850080489861,4.651791,4.5453386,4.911,4.624933391073353,1,1
5.076539999999996,5.42421310784779,5.175838898163359,5.481985,5.290398,5.081,5.507423917843268,1,1
4.291429999999996,4.347003017652294,4.01168281386183,4.4144335,4.717459,5.09,4.521308202431114,1,1
5.456860000000005,5.184872523709583,5.473620410497838,5.468281,5.4951177,5.132,5.512748871510209,1,1
5.618190000000003,5.310891511773528,5.270083476375748,6.4170866,5.7683635,5.286,6.111365808496052,1,1
5.079370000000003,5.286685208785599,4.456114389104537,6.2865825,5.6753883,5.324,5.970801099596355,1,1
4.303670000000003,4.588003510857146,5.035361695399034,4.9443226,4.8437934,5.384,4.88340249322478,1,1
4.35813,4.409812117180143,4.260834579920809,5.033882,4.749176,5.397,4.880883401219292,1,1
5.161800000000002,4.759308703497752,4.718386006871304,5.425373,5.1672473,5.496,5.31276124268336,1,1
4.29821,4.358856674488011,4.185602985540081,5.2195215,5.8159003,5.741,5.132428961603937,1,1
5.245739999999997,5.441811620323215,5.187300634327318,5.3716755,5.2954288,5.787,5.468470661382567,1,1
5.750329999999999,5.945810888990581,5.690528442965366,5.893373,5.8384123,5.989,5.998030543008487,1,1
5.229490000000003,4.81920226269305,5.425502783512753,5.405541,5.468244,6.001,5.3696910996245695,1,1
3.7912699999999995,3.7775002546599374,4.811406899042547,4.279598,4.938549,6.247,4.3065404346695,1,1
5.574319999999997,5.924642973597583,6.0075004255583515,5.973811,6.0878167,6.475,6.059669130779952,1,1
4.965700000000003,5.439011031646803,5.074387337939815,4.7930403,5.7961054,6.753,5.209093586185269,1,1
5.3930799999999985,5.276884009582336,5.733722564873929,5.6256065,5.666137,6.767,5.639816305842256,1,1
6.1921100000000004,6.384365357646059,5.981073534365267,6.2581553,6.502127,6.8,6.4412477227546585,1,1
6.83091,7.400330919294258,5.825924477746457,8.319102,8.006295,7.451,8.082597077910767,1,1
7.851780000000002,8.307107651783053,5.979119326013587,8.136139,8.245788,8.25,8.324531813364947,1,1
0.4691400000000001,0.97742383018243,0.6991443375912438,0.50766474,0.694679,0.001,0.6654565340034175,1,2
0.8477399999999996,0.8543420599580221,0.12571507286739392,0.039248474,0.07734038,0.029,0.37815361151495364,1,2
0.5276299999999999,0.9929751680920887,0.7834148804069871,0.4154614,0.6801399,0.033,0.6473532045493317,1,2
1.1757500000000003,1.0945055499178826,1.1652507151055433,1.160592,1.4381247,0.044,1.2657696756521046,1,2
1.4374999999999993,1.2090689911242967,0.9372180202371452,0.73797584,0.82320493,0.069,1.0176320844193518,1,2
0.6686999999999999,0.8907556157201615,0.756737499468688,0.2657638,0.46677065,0.165,0.5418682507657742,1,2
1.2586500000000003,1.0821837683170012,0.9923024006608916,0.63998556,0.63622594,0.32,0.8672340305323469,1,2
0.43377000000000004,0.8465229533206324,0.6270879950639383,0.43234494,0.4141643,0.362,0.5205734678427778,1,2
1.4438800000000003,1.133144889506749,1.3665757589980638,0.49645272,0.64307046,0.42,0.8726006873680279,1,2
1.1139899999999998,0.6860394643562183,1.3210113647806458,1.1529223,1.0590944,0.423,1.0496414987119242,1,2
0.5253500000000002,0.834639776312488,0.598089001117236,0.44137743,0.4651438,0.447,0.5553867429684614,1,2
0.7355899999999999,0.362011544833683,0.7122662340321231,0.720061,0.531125,0.458,0.6091717654635779,1,2
0.8455299999999997,0.8854801774618472,1.1069884829563084,0.73482627,0.45131695,0.52,0.715825069809393,1,2
0.5340199999999999,0.635052027793247,0.5261297152509794,0.52323747,0.5467593,0.535,0.5679178056991049,1,2
0.7703899999999999,1.2381521915180278,0.9768427922219969,0.65007716,0.5931801,0.598,0.7901718512116189,1,2
0.9894199999999991,1.0670122013495729,1.2495729113181633,0.8849519,0.97541,0.609,0.9923543625525428,1,2
2.288420000000001,2.4219580061527854,2.214503899055214,0.98882824,1.0380895,0.615,1.5769010601006979,1,2
1.0746399999999994,1.0833001445646415,0.909434818336704,0.6702445,0.34610772,0.622,0.7485352682130482,1,2
0.7104399999999995,0.6835084495486555,0.818866805990746,0.75592476,0.6641091,0.692,0.7216209440641882,1,2
3.9829999999999997,3.635078995331339,4.534211463168124,4.9876575,5.0043077,0.712,4.640150588366679,1,2
1.7869500000000005,1.4217467662175058,2.0442724746717236,1.9517965,1.6113751,0.865,1.7522522282774244,1,2
1.339050000000001,1.1665695297369483,1.0571336912431732,1.1235194,0.9701501,0.885,1.1542899472675268,1,2
0.8489499999999996,0.9248147319674045,0.5577004220331792,0.8220421,0.7002113,0.893,0.8296101612850688,1,2
1.4751599999999994,1.3328794006614209,1.8666940882870728,1.4337975,1.6453114,0.914,1.5230570140030706,1,2
2.0109999999999997,2.352927954631958,2.0915180604083745,0.9931398,0.9181924,0.938,1.470961992367679,1,2
1.2811099999999995,1.1896926964881187,1.1234318155819167,0.4886857,0.72602224,0.967,0.8750268248500686,1,2
2.650640000000001,2.8243758528434397,2.730243206598414,2.1213765,1.8696066,0.971,2.3408289478776134,1,2
0.9581599999999989,0.9241243728268909,0.8320158662221431,0.8969245,0.8328092,0.973,0.9161731932143625,1,2
1.24753,1.360612859541415,1.5330635223619282,0.7800384,0.74217856,0.998,0.997411671062748,1,2
1.55363,1.7140495647633587,1.3106090732651496,1.1124364,1.228052,1.004,1.3851057962386228,1,2
2.059549999999999,1.5363356826077528,1.0836901110530612,0.9737031,0.96437514,1.027,1.3251896207426541,1,2
2.0375600000000005,1.6773742965960052,1.2149393318715462,1.2874902,1.184965,1.126,1.5151533424357797,1,2
1.4948299999999994,1.7731965827487883,1.6481096501680135,1.296263,1.1488783,1.138,1.4168635390028652,1,2
1.5818900000000016,1.9030282213662,2.3256649477848144,1.2880608,1.2251004,1.147,1.4818825836854732,1,2
1.5887499999999997,1.6572187219603718,1.511807535291325,1.1017078,1.1342169,1.158,1.3478935493551945,1,2
1.12834,0.8141202500546417,1.093895982082693,1.028376,1.1497699,1.174,1.0684535280355354,1,2
1.2584600000000006,1.3022359750648422,1.1357939757125757,1.2706002,1.1599036,1.18,1.270389249805421,1,2
1.3160299999999998,1.4818809126766093,1.94328704323962,1.1434093,1.0311939,1.184,1.2383608981017455,1,2
1.9818800000000005,2.2954395825046015,2.113625404892316,1.4536694,1.6056467,1.201,1.8117416709791634,1,2
1.3795099999999996,1.5871764707167546,1.5817646462401878,1.493,1.5172198,1.231,1.532865691487446,1,2
2.1979,2.623051800284404,2.3300403640238265,1.5493382,1.7722315,1.242,2.0027916890966555,1,2
2.0803000000000003,2.104604252029941,2.191329524517456,2.1558793,2.779939,1.275,2.378965331358204,1,2
1.2433899999999989,1.12483949035421,1.1217571096159982,1.1652571,1.232286,1.279,1.2220775263499508,1,2
2.6574699999999996,2.917487556684977,3.0405123632174593,3.3472774,3.5204864,1.287,3.257968196853013,1,2
2.4809499999999987,2.3000387140218477,2.3427095466960215,1.4379128,1.5870538,1.324,1.9020866731813126,1,2
1.973000000000001,2.2985737514996374,1.8103984106751356,1.3681892,1.3367478,1.339,1.6996311669077082,1,2
1.74718,1.8869864832354504,1.8501395086782537,1.7103404,2.0564966,1.43,1.903526198450763,1,2
1.8455200000000003,1.5454198799880878,1.7020992026494035,1.619059,1.6683758,1.434,1.704356611398291,1,2
1.6698099999999994,1.4944648621773364,1.6215276894556778,1.6077107,1.626024,1.442,1.6420426955473983,1,2
1.5188700000000004,1.5922752075030198,2.411864282761341,1.3395091,1.2817525,1.475,1.440475843307958,1,2
1.86128,2.113737298880427,1.992453527653739,1.8334804,2.0355265,1.48,2.0032838009400242,1,2
2.4974700000000003,2.4263837839898863,1.942569783316134,1.3615679,1.6078024,1.486,1.9138132776131647,1,2
1.7215900000000002,1.829483912323598,1.8100282360773157,1.6797367,1.6811234,1.501,1.7592592032760428,1,2
1.6037399999999997,1.7556756172145056,1.725899845700163,1.5111008,1.5309223,1.503,1.6215909223074365,1,2
2.586080000000001,2.4868890616313175,2.144286909420626,1.3815919,1.6627393,1.544,1.9672042105563712,1,2
2.07888,2.114802723552393,1.9413229962475707,1.7360079,1.6558865,1.55,1.8976440331098294,1,2
1.6147399999999996,1.3239616659274998,1.3814628393726205,1.4961139,1.5199822,1.557,1.5290022512188177,1,2
2.601520000000001,2.662540276159395,2.544002194647926,1.7029319,1.700521,1.558,2.1164130817237905,1,2
1.48326,1.4887123365030213,1.462640391777234,1.4582886,1.4059726,1.577,1.488193113306973,1,2
1.55873,1.500249940535231,1.9562849756403218,1.402881,1.2982662,1.581,1.4546910692696582,1,2
1.5949700000000013,1.3364530272479278,1.5601104508645807,1.5463167,1.5717798,1.61,1.5593056974618091,1,2
1.94622,1.930611915335336,2.052438633011989,2.0073955,2.2122009,1.611,2.0926860584805786,1,2
2.1860700000000004,2.9290386222527696,2.4091221628423343,1.7213082,1.8738378,1.619,2.1468215581205183,1,2
1.6372800000000003,1.385827701601679,1.6356845631801697,0.9420024,1.2337527,1.621,1.2852677484661672,1,2
1.9669000000000005,2.601426404472967,2.2015786821133387,1.6339209,1.7000937,1.63,1.9554355186382681,1,2
1.8191099999999998,1.759172268233219,1.9992320299099342,1.7744406,1.6350594,1.658,1.7793528056068337,1,2
1.91381,1.7322935190359876,2.1092231556444387,2.1642623,2.270355,1.67,2.1129370494976056,1,2
1.9283300000000003,1.930611915335336,1.9180226852443565,1.6722436,1.7937456,1.677,1.8541978591134365,1,2
1.19425,1.477858478215224,1.2380567265510525,1.2093517,0.9464266,1.703,1.2067393011301244,1,2
2.394170000000001,2.5238290272602817,2.177109677274825,1.6460859,1.694487,1.716,2.0275449596547443,1,2
1.4951500000000006,1.5860833017962646,1.2595144783107464,1.285233,1.1196436,1.743,1.3667357275951626,1,2
2.333089999999999,2.29242424881562,2.4724794003966615,2.1483917,2.0498722,1.747,2.235304226037351,1,2
1.6633799999999979,1.4173393433539998,1.4329495301488657,1.491488,1.6018388,1.749,1.5818638451849791,1,2
1.6867599999999996,1.6952883422723737,2.110250250559652,1.5864875,1.5526441,1.751,1.6561598324884144,1,2
1.53427,1.296592534288888,1.3220286941614439,0.8638354,0.6949682,1.753,1.0530123462954197,1,2
2.9083400000000013,2.999312779905265,2.8616741013357743,2.574091,2.72883,1.755,2.837511587189247,1,2
1.35393,1.4541343657837151,1.5686422382329506,1.5216638,1.5495342,1.776,1.519999758951312,1,2
1.3481300000000003,1.1760583211268734,1.6099277385350217,1.7479478,1.582455,1.787,1.5429926775767877,1,2
3.3837500000000005,2.9178861815648056,3.2276363319167025,3.5740514,3.3598568,1.809,3.4230082046677275,1,2
1.667589999999999,1.467503500190156,1.7076544297742302,1.732484,1.5210239,1.857,1.6415414858097344,1,2
1.46307,1.3457289272568442,1.5249419615403974,1.1846673,1.0749981,1.865,1.2669955145722995,1,2
3.144559999999999,2.821459511033348,3.634382612203847,2.608829,1.9514189,1.873,2.615153438699602,1,2
1.8408499999999992,1.7336075585731954,2.737131567687681,2.7050245,2.493741,1.909,2.3353587658684147,1,2
2.848809999999999,2.572609495569501,2.637276780930198,2.4270828,2.9612033,1.917,2.7677248717906107,1,2
2.755099999999999,2.941302521823782,3.1590082032607962,1.9824849,2.2294815,1.951,2.4557990304333517,1,2
1.87976,1.8308972410222613,2.376823000068106,2.1904297,2.26527,1.965,2.1323721246630596,1,2
2.357509999999999,2.332416092340417,2.464161134883041,2.120546,2.1028173,1.976,2.2563316949102368,1,2
1.7409899999999998,1.7561556352908987,1.6637541274550463,1.7643492,1.8386388,1.991,1.824049215183474,1,2
2.6681000000000012,2.765951092234192,2.8844393690801193,2.8381279,2.635794,2.023,2.7944288868799445,1,2
1.8943900000000002,1.9270118469145696,1.992708202418147,2.2270365,2.0497937,2.04,2.098061210915108,1,2
2.3272199999999996,2.3953810039495447,2.2847125146509164,2.0052474,1.9803765,2.053,2.188868325504416,1,2
1.9753400000000014,1.6733008519193926,1.623358415889444,1.8944987,1.9204996,2.064,1.9202536484459074,1,2
2.408599999999999,2.3247921459134027,2.879287839141936,1.8247331,2.7071846,2.083,2.364220976644691,1,2
2.01639,1.8589968785569313,1.828204227651723,2.0033681,2.0985386,2.113,2.055357178804045,1,2
2.010489999999999,1.8229456059573848,1.778571342878956,1.8730395,1.8217764,2.135,1.9196893927898786,1,2
2.9871599999999994,2.7090544186550427,2.0626880582125673,1.6917609,1.37673,2.137,2.097765752667008,1,2
2.7735999999999996,2.7656449680456525,2.2760173098051006,1.9625723,2.0571346,2.138,2.3638373799254264,1,2
1.9703199999999996,1.686035569116255,1.457598786611176,1.5617098,1.8153814,2.14,1.786264362665566,1,2
1.90596,1.9149457134037406,1.8145878283418888,1.572647,1.2226049,2.166,1.636119491948683,1,2
2.3426200000000015,2.183139031639285,2.1805565421134476,2.1744843,2.392158,2.167,2.3310351069750284,1,2
2.0852000000000013,2.079680683014269,1.936456231867819,1.7365048,1.8895012,2.172,1.9655445529038669,1,2
1.3896499999999994,1.636415656072681,1.3825810917414716,1.6982926,1.3398077,2.183,1.552149156829389,1,2
1.8083699999999998,2.213220081637635,1.7818592733297791,2.2537763,2.0616882,2.214,2.1502835560599287,1,2
2.1088400000000007,1.7279454103911944,1.9186742503374887,2.1941876,2.1138291,2.235,2.1111330298209965,1,2
2.0567200000000003,2.1997975862337134,2.05441472976402,1.8125473,1.9496917,2.255,2.026321051950751,1,2
2.2265999999999995,2.094147800374104,2.109255239129995,2.163858,2.0826223,2.262,2.1891735522106037,1,2
2.1025599999999987,1.9438415791652635,2.1156323528742367,2.1593435,2.1601777,2.266,2.1571122978855057,1,2
2.612439999999998,2.5054088877480987,2.3138614331723075,2.4139123,2.5456586,2.29,2.571944254359355,1,2
1.9872400000000006,1.8698630405455012,2.0730370184648232,2.2480361,2.279467,2.299,2.183967383037334,1,2
3.2324300000000004,2.527057860974215,3.3591769473889035,3.844191,4.1325936,2.302,3.6405302733859743,1,2
1.9902000000000013,2.071180408270469,2.067141178374481,2.1345525,2.1573324,2.313,2.151626988678009,1,2
2.1526199999999998,2.1084319315619156,2.198113547992275,2.478051,2.353384,2.321,2.3591578223008507,1,2
2.05561,2.4205424423582977,1.5822128937262645,2.3606317,1.6474172,2.322,2.1440336316104887,1,2
2.333160000000001,2.54481809833254,2.6847189770856437,2.2389665,2.1161084,2.332,2.334761911853416,1,2
2.283319999999999,2.474094127011488,2.29892600495901,2.2833636,2.241082,2.345,2.363560048524395,1,2
2.222669999999999,2.246527744573543,2.3359665363097912,2.2864497,2.3019948,2.354,2.3257946836722847,1,2
2.23902,2.1334759793147433,2.2156050037230806,2.0604758,2.0545776,2.362,2.1589119944219894,1,2
2.1782199999999996,2.1384283164464093,2.3404268419443732,1.9733171,1.3167223,2.378,1.8886177833136815,1,2
2.311209999999999,2.3505572677764173,2.4228685726413333,2.6230183,2.5965722,2.444,2.5608003730353865,1,2
2.464839999999999,2.3446582819454145,2.285199964143142,2.3594623,2.2511678,2.455,2.400573732117324,1,2
2.3371,2.146520202998066,2.188025598751931,2.3861938,2.4936643,2.461,2.4196987836172883,1,2
2.1191700000000004,1.938898884513587,2.067410255400506,2.32729,2.208859,2.466,2.2264791344577373,1,2
2.332770000000001,2.273876587829383,2.2131173609043118,2.370997,2.3218837,2.472,2.385667154949828,1,2
1.94255,1.9339380403758246,1.9596850800964014,2.3080854,2.2022312,2.486,2.1820499913689795,1,2
2.8001099999999983,2.651005502392862,2.7932560818868026,2.5798388,2.812658,2.574,2.7739744717538817,1,2
2.743650000000002,2.895460998525102,3.1537667808055456,2.7060103,2.8662548,2.579,2.8674762668892617,1,2
2.984680000000001,2.9824138828499454,3.61791467499724,2.7342901,2.7027903,2.625,2.8905539012189267,1,2
2.6939100000000002,2.5172714961262974,2.8222365509938476,2.714585,2.6014104,2.649,2.7007864888765893,1,2
2.2108800000000017,2.073572401324099,2.201629936974526,2.659102,2.619484,2.654,2.5033422072306433,1,2
2.6080599999999983,2.612239678359727,2.897096505697831,2.9420018,3.187586,2.663,2.9571697711253204,1,2
2.555410000000002,2.4822325512599352,2.520124020575009,2.5990052,2.5548596,2.692,2.615725129258032,1,2
2.3672000000000013,2.6789450136207003,2.4600959793076442,2.1778264,2.340765,2.717,2.420433113682506,1,2
2.666250000000001,2.6054024540009757,2.831596544703027,2.9052835,2.875287,2.736,2.8578620830598265,1,2
2.4887800000000015,2.491245356206609,2.5978415720719945,2.520719,2.4423106,2.737,2.5446396907142335,1,2
2.868879999999999,3.0136052702329197,3.4303236286411782,2.5845065,2.777738,2.737,2.8510681918378498,1,2
2.751770000000001,2.55317600601311,2.6589421114074487,2.7687178,2.7936397,2.83,2.796782564849685,1,2
2.289389999999999,2.2084172719554203,2.5621456335241346,2.5468905,2.5387723,2.839,2.4862340807308656,1,2
2.8506999999999993,3.315671103823161,3.087116562062182,2.9194818,2.7464445,2.916,3.001385319541551,1,2
2.6214299999999993,2.6448380469442423,2.7521705986079663,2.8609602,2.7030268,2.97,2.788924798252581,1,2
2.90964,2.734996570772971,2.833895289189106,2.672373,2.8284469,2.976,2.8462811582345084,1,2
3.24169,3.195424625047882,3.5165766916267627,2.767816,2.590263,3.065,2.9598132996092854,1,2
3.240559999999998,3.2747254906967718,3.1474640774267595,2.9068372,2.9249756,3.076,3.1236776896245977,1,2
3.4460300000000013,3.1302718368121054,3.7857252215749533,3.073569,2.9744687,3.089,3.202785649191507,1,2
2.813300000000001,3.475641798503747,2.087757120239279,2.3551784,3.036445,3.097,2.9435816829306494,1,2
4.986400000000001,5.580871694770472,5.496638214711886,4.6008773,4.5079703,3.112,4.957085693053823,1,2
2.866049999999999,2.6314615855653596,2.766144514298733,2.9559777,2.981195,3.122,2.952125932783792,1,2
3.0204500000000007,2.5961553180243944,2.9523819383357957,3.112568,3.1683002,3.123,3.083112259416348,1,2
3.5661800000000006,2.9886229873378567,3.3599572070627444,2.8971682,2.8442273,3.138,3.103127488498692,1,2
2.9035899999999994,2.8719188383395893,2.884243036101473,2.8416543,2.7516785,3.19,2.9005271703364754,1,2
3.283870000000003,3.0967282332311985,2.0172906820721646,3.1613958,3.017712,3.209,3.2041636025415388,1,2
2.909460000000002,3.0939472233316008,2.0796124292264064,3.1086092,2.8353982,3.243,3.0548511984301205,1,2
2.82662,3.4708329451991067,2.1094915572805792,1.9019958,2.4508288,3.272,2.6214337424884198,1,2
3.4059300000000023,3.27080762441895,3.536607864473224,3.0046692,3.1403441,3.3,3.2539785867698567,1,2
3.248,3.1519124869154425,3.1441427400361492,3.1022582,3.0390365,3.324,3.196561010648562,1,2
2.805080000000001,2.682912312117587,2.864035659760285,3.396313,3.2159975,3.324,3.159702604935845,1,2
3.255830000000002,4.159305171909373,3.5476928746304552,3.283223,3.7776346,3.35,3.6887368846712967,1,2
3.822429999999999,3.2088525539157495,3.2893966786432243,2.7528017,2.8247705,3.396,3.148215277010872,1,2
3.438989999999998,3.4639779028479896,3.3024721204491,3.4365628,3.3929436,3.435,3.5118965922844336,1,2
3.52291,3.7400796884411602,3.47155444839432,3.6358495,4.287574,3.46,3.9271658334834245,1,2
3.0566000000000004,2.8989316344377687,3.7472663454763286,3.3410559,3.772768,3.462,3.4118109967145895,1,2
3.0286899999999997,3.406998691661285,3.380828804418977,3.5240083,3.4339225,3.507,3.457953468661218,1,2
3.4515399999999983,3.368300999647005,4.103352941564779,3.9206414,3.7704306,3.513,3.7630431529491912,1,2
3.317849999999999,3.6025459308942804,3.2148387861277437,2.82532,2.82064,3.523,3.147109842748113,1,2
3.350260000000004,3.117056596187181,3.0565686780073964,3.242073,3.2363873,3.553,3.315237997219573,1,2
4.0363999999999995,3.6104945613011283,3.9082731542082545,4.0618854,4.263251,3.628,4.127650327971469,1,2
3.3986000000000014,3.6252973845485594,3.509987585985828,3.6654747,3.5946298,3.629,3.6701635389448093,1,2
3.330480000000001,3.196697717015053,3.2607276026308063,3.7074916,3.654033,3.649,3.602018865638552,1,2
3.434070000000001,3.3088078786183686,3.3549152025729754,3.351775,3.4768991,3.881,3.480057904687415,1,2
3.3570300000000004,3.3304012362989686,3.4289730939311447,4.0453606,3.7199216,3.906,3.7589646738181477,1,2
4.1079599999999985,4.179102968396163,3.550422772706206,4.9972024,4.861092,3.972,4.732380806410366,1,2
3.648310000000001,4.155219438846331,3.7811686081953377,2.7276886,2.5131361,3.987,3.1975965503595516,1,2
3.401939999999998,3.193937432065985,3.7918258865616483,3.9262233,3.7492943,4.057,3.713125213199625,1,2
3.1700299999999997,3.9839432283566962,4.129857136194845,3.9862437,3.686853,4.317,3.8241461798941043,1,2
4.9334700000000025,4.9472560679185325,4.765006193436081,4.3823533,4.5454497,4.432,4.763686590762754,1,2
4.939140000000002,4.9472560679185325,4.697389473316784,4.3417106,4.5589757,4.47,4.756569517817091,1,2
4.744159999999996,4.665940997546715,4.163906383839322,5.171127,5.416451,4.549,5.186187386768865,1,2
3.7092400000000016,3.136217857622404,3.787118016863765,3.9047902,3.779047,4.606,3.7659466300315807,1,2
4.6826300000000005,4.7792509471800155,4.4800070789004796,4.565394,4.634806,4.609,4.764085717807063,1,2
3.9524600000000034,4.291551396457561,4.176720277851539,4.15644,4.215949,4.675,4.26186496642861,1,2
4.484890000000001,4.099002294259441,4.032241911029707,4.0751915,4.0207934,4.827,4.243552770171682,1,2
4.314050000000002,4.2660586193237755,4.2219767866312115,4.8931727,4.775987,4.957,4.732382272863174,1,2
3.4479900000000008,3.8851115401094303,2.8733913986875588,3.045181,4.3575845,5.137,3.781469298775736,1,2
5.362780000000002,5.59855334215836,5.620842137061402,5.6517797,5.7317867,5.348,5.744905718347573,1,2
5.298019999999999,5.344975467857576,5.209238572344718,5.1085663,5.1696944,5.463,5.3367995913951285,1,2
5.114159999999998,4.8592596542743625,5.355433796434626,5.470056,5.586678,5.813,5.444869627437665,1,2
5.5199900000000035,6.048270876677251,5.623066333264646,5.858287,5.8387,5.938,5.964029458176229,1,2
5.5431400000000055,5.554256844563344,5.4753847106854,5.628089,5.7167406,5.999,5.760160489665004,1,2
5.665320000000004,5.776762719717877,5.744182957436383,6.1249695,6.07702,6.063,6.0957537804224495,1,2
6.405490000000003,5.935129638969836,5.667293773301083,6.0013766,6.16644,6.07,6.266164456388521,1,2
4.981970000000006,4.499360062266899,3.688493624658625,4.6012483,4.2538404,6.116,4.6590248946246025,1,2
3.74278,4.227179052618629,3.1730788783451622,3.6193237,4.6643176,6.127,4.1826444838453565,1,2
6.5012000000000025,5.901837559359109,5.715082201537979,5.9625964,6.1486344,6.176,6.261133483717318,1,2
5.716090000000005,5.8530904330765745,4.293863004002183,5.4934926,5.5930424,6.216,5.774524432137137,1,2
6.888660000000004,6.323923422400346,6.422845568528392,6.338259,6.5243373,6.255,6.657583344730033,1,2
5.760420000000003,5.801173087983338,4.286893061912592,5.3591495,5.338221,6.301,5.651416721685274,1,2
5.923010000000004,5.375381067009831,4.232408414330248,5.931129,6.1298227,6.986,6.023753646010258,1,2
5.50212,5.420166820956203,5.585560686520287,6.4632053,6.6727896,7.004,6.283029311897533,1,2
5.54046,5.232872276851913,4.072444102133522,4.848843,4.5062995,7.674,5.074136447784337,1,2
0.6374600000000001,0.8743718861607047,1.166184589063144,0.41692504,0.45419583,0.009,0.5751864935272887,1,3
0.9673900000000003,1.1559518517876612,0.6729385643234513,0.7630857,0.65687215,0.009,0.885503706603104,1,3
1.2311899999999998,1.006646875662937,1.0337778584810267,0.65944254,0.43270665,0.108,0.8173501721896524,1,3
0.59928,0.9472040739430225,1.1237039348230378,0.47169223,0.533926,0.118,0.6220254734810577,1,3
0.5940000000000004,0.7387800763683039,0.9424241584872362,0.42404312,0.43375495,0.197,0.5365233847277493,1,3
0.77652,0.8513902244948848,0.742951115112108,0.34024355,-0.003614977,0.428,0.479765877703201,1,3
0.86846,1.017800142007346,0.9251930142442284,0.5349009,0.54420793,0.483,0.7177291905359272,1,3
0.3420000000000001,0.47780020147133506,0.28625736457421613,-0.06466028,0.008370668,0.51,0.14348771972243574,1,3
0.7154300000000003,0.9727977504422805,1.2244269203136036,0.80807304,0.55924606,0.598,0.7988962508050449,1,3
1.7192999999999996,1.6937700955449577,1.5623990843070188,0.89350927,0.7950438,0.625,1.227703017808249,1,3
0.7022299999999998,0.7606653306682429,0.45155143164940803,0.30955532,0.56365895,0.651,0.536510742546188,1,3
2.52749,2.588331938076855,2.8909875747286407,2.3044598,2.4560802,0.685,2.4880138561644958,1,3
0.7209999999999995,0.6955673470165518,0.7324672300425208,0.670261,0.6876943,0.766,0.7035285583103479,1,3
0.7151199999999998,0.6565374631346982,0.6501344821110964,0.7308099,0.53053963,0.793,0.6910796545447814,1,3
2.0637300000000005,1.9763874406275745,1.6029829255282417,1.1732118,1.0659307,0.845,1.524947570075158,1,3
1.9718399999999994,1.8871525798068864,1.7526585623834023,0.65779364,0.8244611,0.865,1.2222132605264304,1,3
1.8366300000000002,1.8015016556162353,1.8016352016639556,1.2669051,1.200776,0.87,1.508401982300205,1,3
0.9129199999999991,0.7022279320053622,0.8150999040688087,0.7554624,0.8249974,0.876,0.8032528029513256,1,3
1.8569100000000014,1.9388113323650555,1.8034976417212558,1.3227826,1.5016881,0.896,1.6214903068412536,1,3
1.5709800000000005,1.3113840147984706,1.5077561024219475,1.1276795,1.3582274,0.958,1.3195131926358121,1,3
1.3838700000000006,1.6847448040074886,1.8112092777340947,1.2078124,1.1540831,0.997,1.3627681471373276,1,3
1.7744099999999998,1.7787946641671157,1.913548446000672,1.1948919,1.0009698,1.017,1.4240418667940693,1,3
1.0171300000000005,1.0759543377361411,1.3339768969238452,1.2871671,1.3050886,1.045,1.2213880559578005,1,3
1.2904299999999997,1.1178620411893938,1.345154971376981,1.0584571,0.8461,1.067,1.1001766641859614,1,3
1.474869999999999,1.6392851634739196,1.4514223455512436,1.5144912,1.9331595,1.088,1.644631499497232,1,3
1.7594100000000004,1.8950809461402711,1.8310656352946442,1.5192275,1.4820447,1.09,1.6741741932161256,1,3
1.5287899999999999,1.5241045824962134,1.6928696272116175,1.630074,1.4267862,1.097,1.5865297962760176,1,3
1.613600000000001,1.8350224416895862,1.9254414762940608,1.7708044,1.6141713,1.135,1.76558979107168,1,3
1.63618,1.199612001557827,1.184675601301544,0.8663026,0.77387977,1.153,1.0880464926284352,1,3
2.309550000000001,2.215732036041073,2.4656906212006398,1.2295736,1.1304574,1.174,1.660182523250155,1,3
0.9848499999999986,0.641531754071387,0.8443449173942454,0.9681711,1.0288503,1.22,0.9323788261496637,1,3
2.1796799999999994,2.5741926105809427,2.3306584687327287,1.6433189,1.5264791,1.243,1.9643685738842414,1,3
1.790469999999999,1.9598344298142842,1.6277168506327317,1.1324759,1.0791849,1.279,1.4542783752024266,1,3
1.3112399999999993,1.2896590539748165,1.281446994703334,1.1172283,0.7191863,1.289,1.1437775851956598,1,3
1.7959399999999994,1.6941096128581512,2.075364972814201,1.749866,1.4042798,1.303,1.7219350413335062,1,3
1.3031800000000004,1.5230819954020218,1.128175510893974,0.74438536,0.86202204,1.334,1.0593628387871492,1,3
1.5437400000000003,1.5421654926234534,1.6895337082915456,1.6959281,1.4487565,1.343,1.6256518422220956,1,3
1.6731499999999986,1.6154130699375435,1.5958217384338234,1.2456255,1.3055866,1.366,1.4465964859472913,1,3
1.2028899999999996,1.3006432553157068,0.6780616004133138,0.81885505,0.8868214,1.366,1.0280903776913615,1,3
0.7423099999999997,0.7475031019435412,0.780565270971719,0.6170832,0.4722597,1.379,0.6566392701160126,1,3
1.8715600000000001,2.069650657365051,1.9370241596583408,1.045513,0.39875546,1.379,1.3317253835043512,1,3
1.7412100000000013,1.7172810870701323,1.4614128855147637,1.4187639,1.3572446,1.389,1.5657197455814233,1,3
3.5266600000000006,2.804425215740808,1.5472967422242885,1.0100133,1.124874,1.39,1.9252803734373105,1,3
1.922840000000001,2.0344882181120214,1.4639208407421984,1.405719,1.4712647,1.411,1.6850549419236351,1,3
2.4716600000000004,2.3458122033698756,2.5776201697194447,2.0804222,2.1816506,1.441,2.2777089341040924,1,3
1.9299600000000006,1.9925450315119597,2.0999707247468513,1.2947321,1.354767,1.454,1.6081846241633297,1,3
1.979729999999999,1.925840441585885,1.6399906065291996,1.7079753,1.8617839,1.487,1.8734917336889039,1,3
1.9093399999999994,1.9525030973956465,2.02380791779414,1.8981841,1.6600053,1.515,1.910704777068794,1,3
1.9554800000000003,1.8274385853883492,1.769763100730069,1.4022504,1.2664825,1.522,1.6068813113880087,1,3
1.7705500000000007,1.9481149400366422,1.9904007927432954,1.2565697,1.2306825,1.528,1.5290003095120035,1,3
1.3885499999999995,0.7840597439315551,1.4929327964843773,1.6535543,1.7454652,1.544,1.466177769445037,1,3
1.9986299999999986,2.0305881735994746,1.9577075333357306,1.4827417,1.4732252,1.545,1.7320676882116735,1,3
1.22491,1.5220757263214957,1.5302091933411943,1.598424,1.4992737,1.548,1.52797702166408,1,3
1.3446899999999997,1.204773972316967,1.4790623401342047,1.3002224,1.2646844,1.561,1.3101157054062145,1,3
2.1812400000000003,1.9878678077546248,2.2347604464837123,2.0365937,1.7349514,1.564,2.0433658485411277,1,3
1.5898599999999998,1.2464092294267959,1.4071270144747796,1.6380719,1.6942805,1.643,1.5897425823069065,1,3
1.876589999999999,1.6227988135502895,1.6774957546753708,1.681232,1.7361219,1.665,1.752958335087199,1,3
1.5197199999999988,1.1495571449839996,1.2823784038559083,1.4256196,1.5249844,1.67,1.432876389499059,1,3
2.0795499999999993,2.3632499478045816,1.8342893736676644,1.4342728,1.6034145,1.7,1.8233785308556512,1,3
1.8298,2.227424150152803,1.728928384147452,1.9371711,1.9339525,1.703,2.022765485806525,1,3
1.57417,1.5447968737952298,1.5498556425126904,1.623842,1.7741402,1.715,1.6606603662272712,1,3
2.049559999999999,2.0367041972805064,2.2086405955820614,2.1683679,2.0928378,1.718,2.1512186227535373,1,3
2.0148200000000007,2.4638361387350214,2.415959820212052,1.6958561,1.9031544,1.731,2.0004249540283947,1,3
2.0920199999999993,1.957696614932884,1.524841985499811,1.5424079,1.5673918,1.731,1.7767466991959724,1,3
2.577770000000001,2.985075993526879,3.0520059132787845,3.0476463,3.1092029,1.771,3.023508842075643,1,3
2.7747000000000015,2.6153645978656925,2.2146654108258046,2.4825535,2.268287,1.838,2.5830645574580613,1,3
2.28154,2.1853252875348246,2.3847768083659098,2.3979654,2.2259147,1.858,2.3509371913267745,1,3
1.9056200000000003,1.9177482912564443,1.9144649352919978,2.045333,1.8922381,1.913,2.0081588518158733,1,3
1.6698700000000004,1.793791262454666,1.6678041260031222,1.6682069,1.5738925,1.923,1.7157925893575927,1,3
2.3793900000000012,2.684084187702709,2.5317584814541303,2.4598038,2.2768242,1.947,2.5147336518987022,1,3
2.52162,2.355580827288078,2.431009881097023,2.3135815,2.017222,2.004,2.359405907895125,1,3
2.1351099999999996,2.14248133223364,2.14226956136335,2.138443,2.0994232,2.009,2.179014943454889,1,3
1.7955200000000002,1.7974569398232074,1.9804607011053212,1.9652903,1.9584419,2.017,1.9385998286912531,1,3
2.403839999999999,2.691339155896082,2.442920189682158,2.056231,2.04095,2.039,2.3043498766026165,1,3
2.19068,2.0843616198673613,2.229023042503326,2.347785,2.1951041,2.058,2.2843278477095996,1,3
1.9916499999999997,2.1518439029564216,2.135338742646672,2.0933838,2.0670383,2.061,2.128489395507972,1,3
1.9485000000000001,1.6336066513894678,1.9147219468354528,2.1190605,2.2107015,2.067,2.04408105909145,1,3
1.7833999999999992,1.877774061189685,1.7989153433861926,1.9189216,1.8454818,2.078,1.913273601346607,1,3
2.1172199999999997,2.06353635783211,1.8978756038700761,1.942693,2.0198061,2.09,2.059617303179741,1,3
2.6652,2.670105074320311,3.0130438839149125,2.363569,2.5453813,2.092,2.573881238507996,1,3
1.977580000000002,2.022670162453745,2.2872118156047825,2.4571633,2.261079,2.098,2.289368896653167,1,3
3.0176399999999983,3.618951433528498,3.0072724785520246,3.155755,2.842284,2.106,3.2436032662731433,1,3
2.3373599999999994,2.551234310563263,2.3543168589768073,1.9952327,2.1132033,2.144,2.248035990397732,1,3
2.06018,2.3753656045665457,2.2060071941416286,2.0099957,1.9131708,2.157,2.1264786414525827,1,3
1.9967999999999986,1.9877020341872582,1.993477963555904,2.256734,2.079502,2.166,2.1659727290150745,1,3
2.0935300000000003,2.253205025130977,2.2158772921907426,2.3404856,2.4569387,2.172,2.3476880724635234,1,3
1.8161000000000005,1.831950014043663,1.6295821468295721,1.6192387,1.6597213,2.223,1.746648961724438,1,3
1.81754,2.1747464520276845,1.644534510305231,1.6590846,1.5646209,2.232,1.8217333245591916,1,3
2.0617799999999993,2.2389468547854743,1.9051468752740557,1.9449873,2.0041895,2.244,2.085634871643194,1,3
2.2733000000000008,2.270595413520327,2.6802059542482777,2.441576,2.1753173,2.27,2.377522438014294,1,3
2.0291800000000015,2.051404287706809,2.255659853093421,2.4922242,2.2305062,2.308,2.314941316235777,1,3
3.0126800000000014,2.7068377776318817,3.0630518017065187,3.5942025,3.4738343,2.323,3.3469009426471077,1,3
1.9420099999999996,1.8408732478149417,1.7762781459371983,1.4689289,1.3370003,2.351,1.6488342281785056,1,3
2.1739800000000016,2.330969040207756,2.5080705464483453,2.068228,1.8334605,2.363,2.1488083264946964,1,3
2.0552900000000003,1.576327876451031,1.8933292043309662,1.5628073,1.5931103,2.402,1.6996723759141208,1,3
2.394550000000001,2.4791937875484087,2.5541053373046614,2.9437146,2.8721287,2.426,2.7897197537823772,1,3
2.375049999999999,2.4622547478806815,2.5685828300732925,2.5507264,2.2855701,2.433,2.5059700402743625,1,3
2.2762200000000004,2.14401544816909,2.3648403433823004,2.3079085,2.0141487,2.442,2.2633774557030892,1,3
2.40846,2.303072125642298,2.5798480742867187,2.5547385,2.5951116,2.461,2.535882936063518,1,3
2.667959999999999,2.5132926497778696,2.9294921441849437,2.8098383,2.4680212,2.462,2.71762143132965,1,3
2.2227099999999984,2.151523576713683,2.7326264073556863,1.960578,1.9903078,2.467,2.1012388021052564,1,3
2.464210000000001,2.6065397017135097,2.4881053548038397,2.440049,2.3277035,2.473,2.514706729101908,1,3
3.2260299999999997,3.213866391360027,3.362872284583056,3.199829,3.236036,2.598,3.285553336816581,1,3
2.6179,2.353127561258062,1.9276311995026494,3.0384881,2.968831,2.607,2.8630115616882637,1,3
2.549159999999999,2.7484196448849696,2.763250175079757,2.732088,2.7042139,2.621,2.7564194132230457,1,3
2.64384,2.7516697052922567,3.046537978228272,2.431086,2.6500986,2.622,2.6358890004375644,1,3
1.8841700000000006,2.326428016277396,1.5912029432775734,1.0596684,0.86251223,2.628,1.4814434133254992,1,3
2.9792599999999987,3.21212211089417,2.7594746102992898,2.169,1.8154622,2.647,2.5350349780665176,1,3
2.5815900000000003,2.4809456964564056,2.6260212186067866,2.624487,2.798861,2.651,2.6750853379580697,1,3
2.595880000000002,2.5563495893301122,2.92604642872905,3.3047018,3.3604858,2.682,3.089500890510383,1,3
4.398310000000002,3.8360573149405646,5.050227171063489,4.996957,5.373252,2.692,4.808601233263934,1,3
2.9479600000000015,3.0462743336090465,2.9147668754163507,2.733499,3.0529287,2.702,2.9620277041845835,1,3
2.3345000000000007,2.269765689090362,2.3428641066894285,2.3769352,2.5348659,2.722,2.4270831747003268,1,3
2.70676,2.5669681460432696,2.609595965046367,2.5148518,2.2198792,2.729,2.564547537515519,1,3
2.515990000000001,2.685437525889535,2.6480316075576815,2.6374831,2.9443667,2.752,2.7396631118954793,1,3
2.66433,2.3427723411238475,1.9455414512756908,1.9135749,1.9107755,2.781,2.192362672634409,1,3
3.1070200000000003,3.2621053771371042,3.3018619560467193,3.5869722,3.389758,2.82,3.468002369065565,1,3
2.7189400000000017,2.7402456166133695,2.4052525345030222,2.33097,2.6215756,2.82,2.599424400447139,1,3
2.269460000000001,2.2978266763782704,2.2277179450684264,2.235347,2.0385292,2.832,2.2690846624463346,1,3
3.561139999999999,2.8485870963990454,2.8037822293921066,2.4790058,2.6298225,2.835,2.8484485122906413,1,3
2.6760200000000016,2.5618092397950725,2.7966874876872327,2.7240052,2.7891583,2.844,2.751745413701283,1,3
2.8879399999999986,3.020860735275981,3.0619302689787453,2.940057,2.9880953,2.893,3.0219184055352737,1,3
3.0269900000000005,3.0992757201802235,3.000146796985771,3.3407505,3.3631513,2.895,3.3064325162426424,1,3
2.83839,2.780602571559521,2.9082236971781406,2.8194487,3.012643,2.921,2.912524534131608,1,3
2.2491700000000003,2.6975508867675786,2.4161174506852015,1.5463393,1.9179496,2.928,2.0346719790737513,1,3
3.8763100000000024,3.3981722952457183,3.8534463072081193,2.595448,2.8230293,2.93,3.114245429002122,1,3
2.307340000000001,2.2795568254686995,2.6002034849006272,2.2833607,2.2635834,2.938,2.33415105635834,1,3
2.344500000000001,2.41979280348354,2.86417772677096,2.4135885,2.7663283,2.957,2.520018053687257,1,3
2.754499999999999,2.582186399139136,2.699316670455195,2.2495284,1.9691197,3.01,2.417012853613166,1,3
5.059820000000002,5.126203652096106,4.050181810919726,3.6315942,3.945258,3.027,4.368797836781159,1,3
2.6630399999999996,2.9908734815090043,3.1672386323441,3.6138396,3.589015,3.042,3.3721883325398863,1,3
3.05684,2.9241529679998663,2.805694879236444,2.8694725,3.1049385,3.052,3.0239283378315305,1,3
2.7958599999999993,2.409834489801796,2.6927009601480796,3.192855,3.5635355,3.06,3.084573312847483,1,3
2.941240000000001,2.614745188580937,2.7606114111445206,2.8804026,3.1232622,3.091,2.9421994801030227,1,3
2.8929199999999997,3.1308859097940793,3.258164827697815,3.142095,2.636275,3.103,3.0693229221072453,1,3
2.9730000000000008,2.8593803938790456,2.800760773991532,2.3122702,2.3594978,3.107,2.617791379641995,1,3
2.8643100000000006,2.9785591561741884,2.666080313647378,1.2304984,1.2985681,3.125,1.9640365561758095,1,3
3.0180999999999996,2.819203160428811,3.1026119502926863,3.3611329,3.1310651,3.146,3.2096053408055987,1,3
2.5795200000000005,2.63488927064172,2.49218319465518,2.1953273,2.4811125,3.151,2.4658054630618205,1,3
2.8520299999999996,3.376367512436732,3.215506920219599,2.9611547,3.036838,3.162,3.110984913365141,1,3
3.3014799999999997,3.139730222639031,2.7189149301027538,1.9525859,1.7243725,3.167,2.4707729244114724,1,3
2.60301,2.2880719822444617,2.914838828581214,3.108774,2.9859507,3.172,2.879261497279658,1,3
2.8516299999999983,2.862022987046653,3.0498806277040744,2.6813605,2.5950902,3.208,2.7970442416058647,1,3
2.948129999999998,2.7104033835492,2.577134189772614,3.0397577,3.1259043,3.277,3.033425750725287,1,3
3.04408,2.7896344267965443,2.9706694462495795,2.8607252,2.7302377,3.283,2.9196124853452585,1,3
2.718709999999999,2.389780865177394,2.9694343562059657,3.4812963,3.3432267,3.352,3.149077077690357,1,3
2.6964900000000016,2.606313521627121,2.1564567913738033,2.8292375,2.8604276,3.356,2.823664212541068,1,3
3.3684000000000016,3.414313160125563,3.4079738636442256,3.2599514,3.1243737,3.375,3.36192475076414,1,3
2.862870000000001,3.18429205378419,3.378556715782859,3.6581912,3.6896539,3.44,3.490069849432487,1,3
4.392119999999999,3.74086281708264,4.126153096182996,3.730663,3.7249515,3.531,3.9404596645765464,1,3
3.165590000000001,3.1919453975682517,3.1257301231188266,3.108725,3.1312711,3.547,3.2109150351041333,1,3
2.9565600000000014,3.401145191858326,3.026708591019995,3.456871,3.5605059,3.604,3.4452394166675813,1,3
3.6283599999999994,3.78987131064853,3.5766549375562944,3.6930246,3.6453216,3.625,3.7751877168534502,1,3
3.4635399999999987,3.4285468691422882,3.612340187690824,3.803491,3.7455833,3.667,3.7305037361814617,1,3
3.6745799999999993,4.111137499247779,3.528528673232477,3.6964166,3.8508775,3.685,3.893494854820704,1,3
3.5275500000000006,3.270148707902286,2.971819417012431,2.3612628,2.9493384,3.731,2.9423864205248518,1,3
2.998750000000001,2.8988561479364887,3.0018277719008415,3.8263469,4.2258496,3.731,3.623862214982971,1,3
3.4004700000000008,3.4386333025356484,3.3439009866659095,3.310397,3.4903238,3.745,3.462079245059975,1,3
3.1339200000000007,3.5117061010294717,3.3448170406453634,3.4271007,3.3581436,3.759,3.453325884916935,1,3
3.5061999999999993,3.358636462978035,3.7744919452827332,3.8975477,3.702887,3.786,3.7558884111691615,1,3
2.8905399999999997,3.1267011484404015,2.2068190141832096,3.381908,3.5209758,3.833,3.3330943986041155,1,3
3.521509999999999,3.6987936380373,3.6333678917613588,3.8461916,3.8489137,4.074,3.8380255283686737,1,3
3.8145700000000016,3.906554253276841,3.400527861191329,3.5403943,3.732572,4.146,3.786573190864136,1,3
4.441,4.269631518573653,4.042360695868341,3.2971046,3.3798306,4.164,3.8160966083528285,1,3
3.7288200000000007,3.7848855176753067,4.033166738587058,3.9394298,3.8397954,4.186,3.93470687767691,1,3
2.916069999999999,3.3223631277042256,2.4349893661085122,3.459358,3.304448,4.203,3.3744285782225276,1,3
3.892229999999999,3.7148793406714735,4.24230802429525,4.054172,4.0159693,4.219,4.032024882925924,1,3
3.49151,3.753149920543111,4.271977748792953,4.657788,4.4889927,4.227,4.310232265645203,1,3
3.676680000000001,3.796953866845702,3.4805654144735363,4.062663,4.4382763,4.44,4.090042650439388,1,3
3.7425000000000006,3.897547312910043,3.908349365077738,4.2802916,4.077539,4.446,4.152015712810323,1,3
3.992160000000001,4.092810693738061,4.349161407239204,4.582386,4.6093464,4.521,4.46952455174279,1,3
3.198500000000002,3.2920070979818075,3.8873902505563027,4.481286,4.6282,4.702,4.10312992293104,1,3
3.9368999999999996,3.7842806284104302,4.065381793965176,4.219611,4.278171,4.705,4.174854474841934,1,3
4.542119999999996,4.58245126404679,4.564453592655008,4.2540183,4.1383348,4.857,4.454012199926857,1,3
4.699090000000003,4.914132868799335,4.4851053766777165,5.5082207,4.992296,4.969,5.251909883808663,1,3
4.7695099999999995,4.7546653175611215,4.28449174823759,4.357138,4.653421,4.987,4.673676997941086,1,3
3.962229999999999,3.675820123062039,4.127791353887261,4.617279,4.47245,4.992,4.362370203338553,1,3
4.66385,4.169251336418794,4.5962518065193665,5.086275,5.0022984,5.087,4.90252064252446,1,3
4.202710000000002,4.515181804781889,4.281846479867486,4.988022,5.020375,5.121,4.85171952584679,1,3
4.461109999999998,4.6245467608214375,4.8835939672308495,4.815043,4.9277754,5.166,4.833533933980949,1,3
4.336919999999997,4.172554937535568,4.0750672376881605,4.6884274,5.186462,5.202,4.703868653122631,1,3
5.154160000000001,5.227010184954255,5.186576489570216,5.2731876,5.170287,5.487,5.3386361132276425,1,3
4.869269999999998,4.806051233435233,4.819282635390248,4.547618,4.887079,5.613,4.8285651359827835,1,3
4.865499999999998,4.806051233435233,4.865163624766741,4.6193495,4.857755,5.635,4.853296630380567,1,3
5.369940000000001,5.298786575340183,3.850273228508722,5.5595875,5.53476,5.76,5.585239499107294,1,3
3.8155699999999975,4.48555075526918,3.861848596336859,3.9629097,4.3295555,5.806,4.204561493806002,1,3
5.297130000000002,5.663584981429964,5.165793883293087,5.4195175,5.6762676,5.874,5.617071676248807,1,3
5.522669999999997,5.4024699739772215,5.404007831927971,5.8823752,5.802347,5.946,5.824726974367055,1,3
5.50646,5.42660689631794,5.718233955000256,5.7052364,5.941312,6.045,5.776282859701599,1,3
5.796959999999997,5.713347312856634,5.673266518152538,6.212768,6.253368,6.093,6.16961044647843,1,3
5.979890000000006,6.190198481436939,5.334341649634509,5.89554,6.005326,6.136,6.127135737341908,1,3
5.160870000000001,5.097322412501897,4.088874813288395,5.450232,6.1380286,6.461,5.564880805424363,1,3
6.191809999999999,6.653796866491967,6.209413532924964,6.7833357,6.943489,7.085,6.8223814785682855,1,3
5.924500000000002,6.38226990659795,5.652956276049366,6.1277657,6.5122914,7.217,6.351359521009928,1,3
6.283210000000001,6.654797277318018,6.094772334025086,6.6123743,7.0347347,7.695,6.783243359848867,1,3
6.177969999999999,6.687593643042799,6.203500864916384,7.0295105,7.25091,7.966,6.989257514407986,1,3
7.681340000000003,8.296375887603693,5.651600893683247,8.034147,8.35166,8.141,8.261034969378438,1,3
7.245090000000008,7.437209784397014,4.799759175685408,7.7425346,8.052515,8.681,7.809698487756847,1,3
0.3248000000000003,0.6322389702051238,0.5540351481764194,0.031480864,0.024689913,0.013,0.22980690171977566,1,4
1.13197,0.8320621701891034,1.513618098980533,0.88291824,1.120179,0.07,0.9472679142444986,1,4
0.5276899999999999,0.63187851919071,0.8534295317420044,0.3077482,0.1734985,0.142,0.38650266381109716,1,4
1.0800899999999993,0.9131509467112773,0.8380264447783081,0.44448724,0.56973433,0.29,0.6435520171806293,1,4
0.6233900000000001,0.9417229710393743,0.8822631899100366,0.5710397,0.4981565,0.331,0.6859711602780905,1,4
1.00045,0.8187927260113319,0.8616104155295154,0.5297622,0.48228723,0.335,0.6251791492286642,1,4
1.3669699999999994,1.4034080609897965,1.4849853542620146,0.6912701,0.5401983,0.361,0.9031797334393913,1,4
0.4796699999999997,0.6474811634261639,0.5994517346448074,0.43593428,0.4995666,0.427,0.531469978297777,1,4
0.8353400000000005,0.4893923465601388,1.0265624205279476,0.5833622,0.39170116,0.598,0.5146447725001542,1,4
0.8433700000000002,0.9703598812652475,0.9996755600238638,0.7042482,0.6792705,0.636,0.8002664306520109,1,4
0.6212500000000002,0.7855157995618443,0.712226086470289,0.38385072,0.29348445,0.655,0.5013472184184532,1,4
0.7907699999999999,0.8715044795877643,0.8098011659238078,0.42336518,0.20434523,0.677,0.5236627095711504,1,4
0.7137099999999991,0.5624354859319308,0.811930408706202,0.6565473,0.83753014,0.688,0.6865202122305312,1,4
0.7221999999999993,0.621436803643639,0.8146210075092051,0.7268312,0.8005872,0.69,0.726058873910276,1,4
1.1027100000000007,1.0136149296599177,1.338722562383048,1.3033957,1.6612774,0.71,1.327338560515246,1,4
1.9858200000000001,1.9600613463242695,1.7368995646533107,1.631579,1.6219277,0.72,1.7717292002878589,1,4
0.7017499999999992,0.6109920346835462,0.7031379185098343,0.67282474,0.49898577,0.722,0.6203578945327227,1,4
1.1733499999999997,1.2844102794155936,1.3742710659947504,1.3077621,1.162661,0.756,1.287731178743516,1,4
1.86207,1.5855745091524518,2.169273980750811,1.5552721,0.970881,0.817,1.444093704309687,1,4
1.3230500000000003,1.2573769659016003,1.4899577580570451,0.7682004,0.36165667,0.889,0.8403926792481929,1,4
1.6059799999999997,1.773210145368217,1.2501152503000779,1.0931095,1.3093042,0.896,1.398508838568293,1,4
2.059460000000001,1.9356317305330564,1.725649099812182,1.0396038,1.0233239,0.918,1.3560125134893861,1,4
2.271450000000001,1.9703846623898604,2.5322829755202445,1.4454195,1.1805158,0.919,1.5813609018457904,1,4
0.7825400000000002,0.7304693928522114,0.9270761577532478,0.9199378,1.0337069,0.98,0.9053143886612599,1,4
2.52472,2.662600929747247,2.09731620301506,0.86545664,1.1722311,0.986,1.5632892926686663,1,4
0.8389000000000005,0.857728581413926,0.995857648770416,0.5128734,0.62626064,0.998,0.6681374100189351,1,4
0.9919199999999994,0.9906015244248709,0.9899969857271307,0.9518883,0.86783916,1.029,0.9619005044077896,1,4
1.39106,1.341188016397887,1.1763533309163465,0.75535965,0.75312793,1.031,0.9658480752724444,1,4
1.57945,1.7108075557496198,1.5768469222974526,1.1938004,1.0681303,1.098,1.3569828936678554,1,4
1.1009999999999993,1.022849584482224,1.2364807293194227,1.1961476,1.2908372,1.103,1.1875725981131229,1,4
0.7836099999999999,0.6406548773550438,0.723497845428049,0.7403472,0.9743798,1.105,0.7840653028054361,1,4
2.1710399999999987,1.8711466634922806,1.902913955931418,1.3519176,1.5653197,1.129,1.6098488111963745,1,4
1.6221800000000002,1.6982134472129502,1.7013761097681899,1.4834881,1.392001,1.144,1.5607488460648409,1,4
2.346119999999999,1.9430566685507829,3.0453945080474667,1.7803158,1.5429939,1.161,1.8096678486022681,1,4
1.24668,1.6394469902397624,1.3168128823368865,1.3888633,1.3741664,1.212,1.4951817805388474,1,4
1.1759200000000005,1.1358969347094543,1.4388075926373989,1.5563948,1.6954346,1.232,1.4840346788453358,1,4
1.3730599999999997,1.541116514631793,1.404019785023153,1.4476795,1.4485985,1.238,1.5076609037640518,1,4
1.5999499999999998,1.8551978670300153,1.534222664125396,1.2031522,1.181533,1.247,1.4385182193159145,1,4
1.5941200000000004,1.6205210870689222,1.5383185255153353,1.562941,1.238152,1.271,1.5281480686164668,1,4
1.5911299999999995,1.490436368403587,1.0590862607043021,1.214251,1.2204996,1.283,1.332991869622957,1,4
3.3395700000000006,3.1172173270649766,2.7897339227493627,1.9070508,2.2943678,1.286,2.452382134148342,1,4
3.335979999999999,3.6198374568967564,3.3525552687695757,2.1501205,2.020114,1.321,2.6490522906599714,1,4
1.4027999999999998,1.3966453756522488,1.329070969427879,1.4803181,1.4493062,1.333,1.4740699794161438,1,4
1.67445,1.4953331468759101,1.6599252302503262,1.610471,1.3866515,1.351,1.5462876498334095,1,4
1.8149899999999994,1.9266946814013874,1.401021619850274,1.3365893,1.2574654,1.352,1.5393802045573621,1,4
1.4855999999999994,1.5057122819759396,1.2833420855479376,1.1509708,1.3411231,1.409,1.3425797658423682,1,4
1.576159999999999,1.5387183863978482,1.5418208542423557,1.6547794,1.7616234,1.411,1.6776048230611227,1,4
1.4944200000000003,1.6686675499370076,2.0236917612394922,1.4379678,1.4131092,1.413,1.5367953733678257,1,4
2.2004900000000003,1.770067492951777,2.003016508175979,1.4998693,1.0519737,1.452,1.5041835868594893,1,4
1.4851700000000003,1.395580052468433,1.3612638338705794,1.3383975,1.1961974,1.483,1.3474100205787547,1,4
1.7796099999999995,1.899174301302639,2.3964381132270276,1.931245,0.86319697,1.49,1.678098890155766,1,4
2.8863899999999996,2.465020996993128,2.6233860093069654,2.4862106,2.6503644,1.494,2.5740136144400867,1,4
1.9047200000000004,1.8007451702241302,1.6079753846879925,1.3876702,1.4586946,1.501,1.5726746123271231,1,4
1.6458700000000004,1.6176540846125231,1.213222356422867,1.1456404,1.2669837,1.507,1.3583977482827723,1,4
2.697989999999999,2.3768974252299904,2.9722357150696253,1.7877204,0.8097602,1.511,1.764548782354676,1,4
1.4147599999999998,1.5839648344247348,2.130071357620297,0.9382416,0.8938788,1.538,1.1605041344328026,1,4
1.72153,1.846573038499361,1.719605944035459,1.572373,1.601464,1.586,1.7028143037174508,1,4
1.77655,1.9443153295125564,1.7484316528416455,1.6658375,1.5528833,1.589,1.7620702395211336,1,4
1.65341,1.6580759785004298,1.6410232842924475,1.838615,1.7352926,1.636,1.7881753711830286,1,4
1.8115999999999992,1.7976498808716612,1.355135287288262,1.3431457,1.2685106,1.637,1.5024383448749734,1,4
1.85513,2.2234722357928733,2.2126119055078304,2.2747421,2.2706487,1.643,2.3009768651402926,1,4
2.8515099999999993,2.897211341954972,2.6412668835687607,1.5692241,1.764975,1.646,2.095695191815715,1,4
2.2839999999999985,2.354163546196156,2.7853328862125544,2.0769143,2.1124647,1.702,2.2204493877157003,1,4
3.6145299999999976,3.13770670132773,3.248825899572675,3.5778358,3.5037808,1.718,3.4852758836288578,1,4
2.202489999999999,2.2438434511835714,2.1733173439048166,1.6695623,1.7145102,1.736,1.9066770588779154,1,4
1.7749799999999996,1.9784117995546113,1.7785336517899997,1.672642,1.7066953,1.737,1.8166541747655391,1,4
1.7297299999999993,1.5955006399104301,1.8023396330442019,1.6559755,1.6928799,1.749,1.6793654351725495,1,4
3.534699999999998,2.662426649241445,3.2241235034572964,3.7468536,3.5505457,1.772,3.4118630429676298,1,4
2.637149999999999,2.7049330162896785,3.009815344341527,2.4499218,2.2784743,1.778,2.5391149054164504,1,4
1.5632099999999982,1.231514483039916,1.5942551447232605,1.8110042,1.6538237,1.785,1.6138787278016595,1,4
3.746439999999999,3.571928751312192,3.090834602622341,3.355605,2.602302,1.831,3.2980236106990635,1,4
1.959910000000001,2.158102820896453,2.044504701155651,1.827059,1.862045,1.835,1.982889610632349,1,4
1.8364199999999986,1.7921719783933987,1.6916020404488057,1.3237884,1.4686038,1.845,1.5451575816720813,1,4
2.0650400000000007,2.185741762248677,2.255793649685002,2.10448,2.0061858,1.858,2.1477180229544888,1,4
1.8891500000000006,1.9823938616791361,2.026832825353536,1.9041508,2.2106245,1.863,2.048902218835024,1,4
2.66808,2.976821523448815,2.493558073227332,2.0296504,2.027352,1.873,2.3851194314321456,1,4
3.006750000000002,3.285207768137899,3.080638194928814,2.188719,2.096867,1.873,2.57382768738605,1,4
2.6198900000000003,2.9444911169652923,2.5443976513216766,2.1619086,2.0942845,1.883,2.4478299972096838,1,4
1.61013,1.549552928114621,1.6798630273343058,1.5550458,1.4267555,1.903,1.5510385560182596,1,4
2.2082000000000006,2.5322227674131588,1.9209126556659943,2.3190277,2.0238533,1.937,2.358099461436736,1,4
1.9938399999999985,2.127040876515403,2.3349607126670944,1.6281458,1.6176487,1.961,1.8243151597202325,1,4
2.012370000000001,1.996626896068024,1.7997883832224775,1.6352903,1.7631904,1.963,1.8226261856748815,1,4
2.56426,2.701079936885813,2.271778763582612,2.0742445,1.9312704,2.003,2.2872796010201686,1,4
2.1069899999999993,1.8902025235667075,2.2011632277385886,1.7726946,1.5482647,2.012,1.7894658455489536,1,4
1.8901300000000014,1.8789015876667103,1.9557133390329917,1.5792897,2.0233219,2.023,1.828006828812687,1,4
1.9435999999999993,1.9666927505805907,2.0403805887847075,2.000246,2.1664877,2.045,2.0729810428222804,1,4
2.3452200000000025,2.147675708083051,2.414396912141231,2.073115,2.2059503,2.081,2.175483389720812,1,4
1.9178100000000002,1.787204155713297,2.0191915303051267,2.089119,2.2245793,2.084,2.0665041902426156,1,4
2.346879999999999,2.199021936684245,2.2743277109206623,2.0076556,1.7366084,2.084,2.0413068205699907,1,4
1.9899600000000013,1.8882998292288946,1.9259667851032143,2.180479,2.1317053,2.099,2.1143930511054756,1,4
2.1233600000000004,2.407797148219718,1.8115009363929502,1.7547939,1.8225647,2.115,2.024994470238358,1,4
2.215950000000002,2.154733101359036,2.3410242967506805,1.9088922,1.9681085,2.153,2.0452762409177283,1,4
1.8597300000000008,1.8845582125594063,1.9271310399249049,2.1056101,2.0658517,2.166,2.0636602579216925,1,4
2.441850000000003,2.7500810523400534,2.405652460223393,2.2939336,2.342071,2.175,2.503995647747243,1,4
2.2485000000000013,2.4026977741262248,2.054162801741085,2.042787,1.9525071,2.202,2.179829145071502,1,4
2.2071000000000014,2.1365606262854797,2.275220356466085,1.8241274,1.7638835,2.203,1.9496623267161908,1,4
2.2102999999999993,2.2717924786052603,2.1925678090763565,2.296662,2.1321926,2.227,2.2911472658029433,1,4
2.5815300000000008,2.666709751925786,2.900079437153453,2.3543813,2.0232077,2.23,2.4187184633393395,1,4
1.8602400000000001,1.9771653970380043,1.9414760450965782,2.1102085,2.0018327,2.23,2.079348245504936,1,4
3.266469999999998,3.129715596402929,2.7222131365772504,1.8626919,2.302279,2.259,2.439539924380217,1,4
1.9259699999999997,1.9205992225304584,2.42134175185875,1.9613497,1.6889238,2.265,1.9156361289762036,1,4
2.626820000000001,3.4021288573917,2.7150781630261958,1.9964036,1.8482897,2.298,2.4642287030646606,1,4
2.428270000000002,2.3235017161150475,2.3262750728950463,2.3274515,2.4147537,2.302,2.39639408353282,1,4
2.1456299999999993,1.988434151327053,2.221865208555838,2.2625773,2.4658747,2.303,2.270676080282533,1,4
1.9811099999999997,2.0885183157323466,2.110614374672132,2.1242628,2.25946,2.348,2.1902788988118713,1,4
1.8464299999999998,1.996248760647671,2.1207635724215654,2.386277,2.174952,2.35,2.2479472599447496,1,4
2.173169999999999,1.9833673511047842,2.24045566091258,2.1874237,2.3418598,2.363,2.204690462897707,1,4
3.1306499999999993,3.072527110911594,3.3216687484603282,3.091057,3.1306336,2.434,3.1577881358085156,1,4
2.4987100000000013,2.5879405657219774,2.590002844377296,2.587202,2.4558384,2.44,2.604696123718921,1,4
2.318180000000001,2.213427616367396,2.5794590490134945,1.449613,1.3067499,2.457,1.6967614178972097,1,4
2.177800000000002,2.143590520142633,2.2878749143123804,2.0366082,2.1284306,2.458,2.137660344618569,1,4
2.583300000000002,2.4237066931364035,2.500670376734612,2.4655156,2.4358902,2.483,2.4940527947944795,1,4
3.5049999999999994,3.3894108312438767,2.8369271549250987,2.77261,2.8021262,2.495,3.042694123723663,1,4
2.312350000000001,2.1068980267341693,2.1201030743090787,2.4064977,2.450996,2.498,2.367414232900215,1,4
2.112039999999999,1.9770971945100249,2.3690104753130603,2.3205044,2.5206926,2.526,2.305734130203091,1,4
2.1802900000000007,2.0578535897350982,2.3800735741600594,2.4516938,2.5344338,2.535,2.391786306505695,1,4
2.0575099999999993,2.171823526428336,2.1817378807208123,2.1220741,2.369999,2.547,2.24622162514038,1,4
4.042790000000001,3.8037368563657092,3.9567045640862535,4.0494585,3.550441,2.567,3.918661882626767,1,4
2.4742500000000005,2.3685579760300413,2.490010107883273,2.6391098,2.5514166,2.572,2.579268976632773,1,4
2.4333100000000014,2.413793028173269,2.5935632839339973,2.650116,2.769748,2.584,2.656127063567376,1,4
2.4925300000000012,2.4035459879638745,2.3802532699275534,2.3271468,2.5318937,2.585,2.4537471254978644,1,4
1.6392599999999995,2.063297631776871,2.728316088857614,2.351359,2.4217734,2.585,2.3194337517992194,1,4
2.30719,2.634066521951309,2.262512851730687,2.7679002,2.8533525,2.6,2.8002056423055275,1,4
2.5637799999999977,2.5156526066635063,2.5912182828716346,2.6075885,2.3953671,2.602,2.5737988296608068,1,4
2.8032899999999987,2.9223031544012126,2.8725448280042123,2.8157818,2.6875372,2.622,2.8739197530602105,1,4
2.20137,1.8465961832191178,1.649079584839932,0.72657126,1.2329446,2.715,1.2498239501142743,1,4
2.738650000000001,2.42733589993476,2.598713496458111,3.0481155,2.9936721,2.732,2.889071330466548,1,4
2.195710000000001,2.1420621466761496,2.4858728089511954,2.6503294,2.5285368,2.746,2.5021523692260232,1,4
2.5236400000000003,2.0025490103451293,3.1414678928774524,1.6918414,1.7927383,2.759,1.858232169085673,1,4
2.45768,2.2081728131489977,2.4772247601510102,2.892522,2.7971277,2.768,2.698104765479919,1,4
2.557159999999998,2.519120344188791,2.486404013455881,2.5616314,2.4531121,2.821,2.570658414611086,1,4
3.3896299999999973,3.554089078545155,3.201995082513565,2.6577423,2.1979551,2.827,2.8891239710729435,1,4
2.62007,2.4297629356397454,2.631061357752608,2.7488477,2.963105,2.831,2.7547440646848713,1,4
2.992479999999999,3.0769861882651908,3.064378883973937,2.8890269,2.9184089,2.833,3.0174280010978864,1,4
2.94112,2.8393460861371773,2.6582793078391402,3.0208824,2.704875,2.852,2.938404026606857,1,4
2.33031,2.152300341239349,2.893011096413812,3.3186052,3.0343747,2.865,2.9218670816095873,1,4
2.7236300000000004,2.6592863118702765,2.9628788747574286,2.6379836,2.836397,2.901,2.7506861650385415,1,4
2.73698,2.8564367936669446,2.7924721795161638,2.91349,2.900047,2.967,2.94915504780086,1,4
2.701130000000002,2.699915976543643,2.9093856668059366,2.9099593,2.8961732,2.985,2.8948251951364297,1,4
2.6407099999999986,2.7521034284455856,2.6338644060134246,2.4328706,2.2026055,3.019,2.5275344403179543,1,4
2.553399999999999,2.6355547788055453,3.038462187558731,3.0499523,2.9076416,3.051,2.9352662306866697,1,4
2.800859999999999,2.672777455399829,2.3152973799252354,2.5121486,2.2548003,3.111,2.5492274178499112,1,4
2.706039999999999,2.9953305496028086,3.169238170055073,2.72915,2.798971,3.13,2.8903094204859885,1,4
2.7571,3.115441615247057,2.4939473863311408,2.4113727,2.6682508,3.181,2.761313401554414,1,4
3.3283299999999993,3.180891383679844,3.2370838086879283,2.7760577,2.5896971,3.217,2.91876135470187,1,4
3.237709999999999,3.334183862158565,3.343426433964637,3.2626355,3.0787053,3.259,3.3035380984707348,1,4
3.522930000000002,3.7976893396676226,3.3936442650205465,3.3917077,3.3854585,3.284,3.5929604494641167,1,4
3.5275199999999995,2.8404617817046396,4.81946269487731,3.263388,3.25775,3.311,3.189032388597219,1,4
3.6413100000000003,3.2526053302762534,3.6807322010290493,3.4932284,3.569563,3.344,3.5048138563182736,1,4
3.160529999999998,2.9909115883109725,2.6471334122131727,3.2051036,3.2529044,3.385,3.211370965532842,1,4
3.0788899999999995,3.1544600034113377,3.122868991498091,3.6446435,3.7678318,3.502,3.5864806141659673,1,4
2.9207299999999985,2.700605324122825,3.901433046164985,3.9286115,3.9542294,3.502,3.605208728886821,1,4
3.591759999999999,3.4053884836335544,3.832256132105715,3.4797876,3.5159376,3.518,3.5352800455023967,1,4
3.2825699999999993,3.2017332171134845,2.810339741209584,3.089098,2.8345253,3.562,3.122323474019407,1,4
2.447210000000001,2.3668070239674526,2.1049508730957083,2.5655737,2.6084518,3.583,2.5624706319592723,1,4
3.065690000000001,3.230110157258143,3.4017702748723995,3.8112442,3.8809242,3.601,3.711650138618738,1,4
3.564409999999995,3.1278546147935082,4.335474948952297,3.9824493,4.4921255,3.653,3.9129813658510315,1,4
3.1642800000000006,2.753921462821521,1.9363273524791076,1.7746184,1.8656584,3.705,2.162969928374993,1,4
4.2266,4.622030104728039,4.181341160255949,3.7598088,3.3771584,3.8,4.0214074010928,1,4
3.4082999999999988,3.196960761785841,3.544830327314056,3.5784276,3.7044542,3.811,3.5570815648822824,1,4
3.8422499999999986,3.8406778044913135,3.8102945461829836,3.4943378,2.8529925,3.814,3.5117622829375863,1,4
3.3192099999999964,3.3566215229050465,3.473713872096235,2.9510953,3.5482013,3.864,3.302904268998971,1,4
3.3586199999999993,3.435333191223382,4.2279518960595945,4.0032673,4.0093083,3.877,3.8955488825348055,1,4
4.099090000000001,3.8645456666028397,3.7089309447884533,4.2266073,4.393792,3.947,4.235717481553401,1,4
4.1063300000000025,3.93175748339629,4.202546981187598,3.3342135,3.3372724,3.983,3.602449819185567,1,4
4.537809999999999,4.613374500832335,4.584607774625024,4.248459,4.6045356,4.018,4.549311904801456,1,4
3.0799400000000032,3.0804892439215448,3.307912848628737,3.7890701,3.89611,4.019,3.6569131470319753,1,4
2.9896800000000017,3.0279113671999465,3.5141808509831094,2.9898458,2.9045873,4.04,3.0402408804291396,1,4
4.522819999999999,4.581141580301532,4.200640632067904,4.2435007,4.5511594,4.108,4.522476024931001,1,4
4.464880000000001,4.588084962265957,4.27757389573663,3.9787104,4.405887,4.122,4.374293173985724,1,4
4.022580000000005,3.8352495129153104,3.8550654409895317,4.110918,4.0521116,4.146,4.086936032830021,1,4
4.15661,3.9802032856594804,3.881509792963623,4.0993056,4.0817213,4.207,4.138181616964335,1,4
4.333100000000007,4.421577446428663,4.775622984032305,4.341199,4.220745,4.358,4.423510292234001,1,4
3.7780699999999996,3.966249839062745,4.162634664387026,4.2069283,4.0926414,4.387,4.180544309195662,1,4
3.325739999999999,3.153154061399395,3.904693325283784,3.7928412,3.9190204,4.453,3.6894641512011224,1,4
3.4026099999999992,3.5545470477391903,4.111014774491819,4.123221,4.0135593,4.472,3.9869560890669806,1,4
4.822439999999997,4.463962753352838,4.2945088944147125,4.544388,4.423221,4.607,4.578603023610349,1,4
3.646909999999999,3.0759746385794533,3.518872015674632,3.9911532,3.6864195,4.706,3.6879487492614627,1,4
4.432779999999999,4.332037204793661,4.239250477348706,4.1314116,3.478851,4.706,4.110434831772718,1,4
4.754570000000004,4.820438887857306,4.807244729563083,4.795026,4.7776847,4.765,4.895329192678877,1,4
4.090779999999998,4.018534486851938,3.5733130728317346,4.6619377,4.923237,4.792,4.609987101530009,1,4
4.8107500000000005,4.9896808942203466,5.265798542523267,5.097892,4.897431,4.8,5.111077147041621,1,4
4.192909999999999,4.745266412158012,3.932550829237768,5.450905,5.639366,4.867,5.3725289762614,1,4
5.106069999999999,4.412696884213883,4.00827576761845,5.307149,4.9866395,4.995,5.033704273568346,1,4
5.303700000000004,5.353006557808222,5.2947814050275195,4.379818,4.868871,5.211,4.921550896208569,1,4
5.4323500000000005,5.487940345098585,5.624520102830868,5.652752,5.78681,5.225,5.746662975300501,1,4
5.114490000000004,5.174927636703503,4.941973518913186,4.8128357,4.8108964,5.308,5.030018270065734,1,4
5.378679999999999,5.569822459769973,5.2350396923762,5.242544,5.2373986,5.331,5.455416859405744,1,4
3.7204299999999977,3.3391180869820256,3.742447987302171,3.769569,3.399743,5.342,3.6059533470936502,1,4
4.950690000000001,4.914564036841151,4.988640237997949,5.200138,5.3142715,5.447,5.239703784613579,1,4
5.634060000000004,5.378991293195596,5.5055663975579,5.8927803,5.9052634,5.741,5.844182134298977,1,4
5.029400000000001,5.4056758965171365,5.258492697034052,4.770341,4.9635205,5.77,5.128040772167577,1,4
5.997270000000001,6.138297967627407,5.544591078305063,5.629158,5.3267493,5.908,5.832573342537943,1,4
5.387950000000002,5.613645416740249,4.3463227144597045,5.8510647,5.888053,6.047,5.898543534992746,1,4
5.121250000000003,5.247404761267421,5.155680599659323,7.104931,6.808888,6.795,6.549362648340607,1,4
4.357809999999998,4.6511616024531754,4.6382000449049166,5.34441,5.6736965,6.921,5.3060508751066475,1,4
4.854430000000001,5.426330879010549,5.075526520952928,5.8469505,5.939303,8.005,5.846399192695837,1,4
8.112930000000006,8.13241403924318,5.578022283667175,8.206564,8.376137,8.85,8.391696963542135,1,4
0.3043900000000002,0.7523746142616644,0.7420151079519115,0.8645698,0.7805554,0.001,0.771602825566502,2,0
0.6103700000000003,0.6551241367871667,1.209852702322911,0.37165162,0.36869645,0.009,0.47120060818694376,2,0
0.2715000000000001,0.6131081719279288,0.658234811932163,-0.093728885,-0.05917956,0.009,0.11877214437072654,2,0
1.1759299999999993,0.7418799952832822,1.4487146084640308,0.33147845,0.5360542,0.07,0.5787447505785236,2,0
0.5922600000000002,0.6090598206232813,1.1018124468342316,0.6460202,0.25278318,0.118,0.5482584856343148,2,0
0.4961400000000003,0.570517459096635,0.8037247929534017,0.15907714,0.09863083,0.126,0.2814009323680517,2,0
0.5891600000000006,0.8360801102198039,1.0024511450276279,0.9325954,0.75746137,0.197,0.8469184500539426,2,0
1.2849099999999998,1.3080705973426776,0.9095928407725977,0.5470917,0.2919118,0.29,0.7563054154371729,2,0
0.9991399999999996,1.2698655645192594,0.763272462378966,0.40699694,0.6074373,0.335,0.731639745506328,2,0
1.3846099999999995,1.464775632277851,1.371147687123098,1.3116748,1.816381,0.42,1.5040474305476084,2,0
0.35967000000000016,0.6311008895197814,0.5860591508546538,0.19654292,0.26099026,0.427,0.3357322122567765,2,0
0.78782,0.9814967721805749,0.9016215152276892,0.4403751,0.5491227,0.483,0.6407575934637382,2,0
0.41270000000000023,0.5924941355584151,0.6126833228429245,0.30310822,0.37291434,0.535,0.40581705394100365,2,0
1.3349499999999992,1.2977714482435472,1.0734425246281845,0.55495536,1.3474028,0.555,1.0198212046706898,2,0
0.6170200000000002,1.2012583354308612,1.2020611227568918,0.5477904,0.5345372,0.598,0.7153251011449689,2,0
1.0512399999999997,0.9969572289084446,0.960886751910601,0.56338906,0.37064415,0.622,0.6836046811348154,2,0
1.6388900000000002,1.5250461228941856,1.204349974832926,1.0341116,0.8122402,0.625,1.1830106720992244,2,0
0.7107599999999995,0.575199500653868,0.8094759644626237,0.6607076,0.6531922,0.688,0.6575246451447722,2,0
2.0765700000000002,1.9505615132385556,1.6878528172436869,1.6012108,1.1939931,0.72,1.6684809723685678,2,0
0.6113800000000004,0.7756940712418677,0.7797576612850385,0.4300311,0.6652742,0.722,0.5966998417059901,2,0
0.8896000000000004,0.7761690727910684,1.0834748699407581,1.0286195,1.2863793,0.841,1.0369384054259685,2,0
1.0534300000000005,0.9584994936057453,1.1203180624115685,0.65857136,0.73799384,0.899,0.8052477709428079,2,0
2.510640000000001,1.963686092836988,1.6614605260116773,0.9794229,0.958757,0.918,1.395801550716856,2,0
2.4884199999999996,2.6784398485147562,2.8079933360839147,1.8279324,2.0225472,0.971,2.1837676918415325,2,0
0.7748800000000005,0.9157843928220281,0.9582881370213865,1.0454634,1.1262283,0.98,1.024775051043505,2,0
2.4129299999999994,2.7155812211954804,2.1220175431576176,0.99423265,1.1025162,0.986,1.6012873085288968,2,0
2.5328200000000014,2.3431987833495005,3.2314017603984686,2.0548728,2.3260689,0.997,2.2821931229043146,2,0
1.6116599999999994,1.7072222697316515,1.3453458607245952,0.90607727,0.9086055,1.004,1.1907420432005453,2,0
0.9087500000000003,1.0717467283666522,1.491856168737896,0.84217215,0.78443146,1.009,0.9055816153593499,2,0
1.63013,1.7739131931480325,2.1978599787775646,0.9428297,1.4930577,1.01,1.366418068057937,2,0
1.75738,1.8347297339665223,1.190277838657942,1.1779052,0.830736,1.027,1.3349082028277206,2,0
1.2491400000000001,1.1742641653039556,1.4866834385608938,1.4868274,1.4550977,1.088,1.4084970270342037,2,0
1.4635900000000002,1.5765377195455024,1.3720264165973441,0.91089284,0.9292497,1.098,1.1506671197895908,2,0
1.1716699999999998,0.8890059193325232,1.4717692231208035,1.107304,1.0179214,1.1,1.063606269904266,2,0
1.2888999999999993,1.0175434496064304,1.1751890015933224,0.86476254,1.0859196,1.104,1.0189905704107995,2,0
1.23838,1.1976012164768226,1.3285033503696222,0.7793534,0.84543324,1.116,0.9599557525183247,2,0
1.9222300000000003,2.16577670644441,3.0023904066543565,1.8956828,1.9782684,1.161,2.0187506242037996,2,0
1.8755399999999995,2.0827206510698364,1.659888581665127,1.4743427,1.4838188,1.164,1.6925123821976862,2,0
1.3709999999999989,1.153621389294366,1.2695429997624215,1.3671062,1.4672787,1.203,1.3689088985494813,2,0
1.7615199999999986,1.87024583578295,2.0051253739004125,1.33329,1.273715,1.242,1.518312724686174,2,0
1.6342300000000005,1.8826512175551136,1.6243621406913002,1.2185913,1.2528961,1.256,1.4524086599476564,2,0
2.2499799999999994,2.050567192835938,2.02115774918318,2.150233,1.9322398,1.275,2.1272506849172377,2,0
2.7175899999999995,2.8593472917727216,3.0752131277603727,3.1473885,3.1967309,1.287,3.1052531246197437,2,0
1.6568699999999998,1.5814934949056025,1.790673807052542,1.7702215,1.767982,1.303,1.7475010744483115,2,0
1.3133499999999996,1.506329927494029,1.6769786177008368,1.3272896,1.0573528,1.324,1.3276686957533177,2,0
1.4767900000000003,1.5434872444354715,1.5992791134075959,1.5631744,1.7080069,1.343,1.6146277515363112,2,0
2.190179999999999,1.963521505806997,2.3427799220987007,0.77099156,1.0139606,1.351,1.2833222981713894,2,0
1.27949,1.614975123248323,0.9861546268657797,1.1681315,1.2113662,1.366,1.3181603491979579,2,0
1.5236999999999987,1.0283323209293753,1.3100328719332448,1.3079829,1.3134146,1.387,1.2940864732467978,2,0
1.5073399999999983,1.6875452931389403,1.5529364963801806,1.551676,1.5031822,1.411,1.5968429227130816,2,0
1.606959999999999,1.8525464237680398,1.8247089395705811,1.4037056,1.3909981,1.419,1.5555694956792268,2,0
2.3803500000000004,2.297818194319645,2.12491805749766,1.4616405,1.6752074,1.452,1.8407607024160888,2,0
1.83163,2.0569375011091835,1.9561583701876541,1.7724178,1.3926384,1.48,1.7875995437414969,2,0
1.7819199999999997,1.6303703003510321,2.4411424228196132,1.5654829,2.0232706,1.49,1.7470567397608063,2,0
2.6706399999999997,2.4662292332002935,2.8772001482248846,2.6117055,2.5712655,1.494,2.6256712595518907,2,0
1.7701899999999982,1.696424675472201,2.0095436885794395,1.7537897,1.5127218,1.515,1.7178833191378082,2,0
1.62853,1.7067131021484785,1.932233521389239,0.7672206,1.1202459,1.538,1.1842947614228947,2,0
1.9164299999999996,1.8996067186071177,1.7855710160684413,1.4781998,1.472209,1.544,1.6533064975821723,2,0
1.5797999999999996,1.423607599930215,1.4380793141313832,1.3613164,1.4170425,1.544,1.440675166374033,2,0
1.0863799999999997,1.3472703429857071,1.5018615608362966,1.215911,1.0588367,1.548,1.217415850184671,2,0
1.5862100000000003,1.3879874683941322,1.3647597534479274,1.5199193,1.294148,1.61,1.4714295115245364,2,0
1.7805600000000013,1.8932524352572913,1.9037183490551364,1.9353206,2.2110972,1.611,2.0129774482248757,2,0
1.4954799999999995,1.6258883847186625,1.5687433326669784,1.6160557,1.4658678,1.616,1.5997569392412665,2,0
1.7686200000000005,1.8895250594472126,1.8639081371697872,1.4756796,1.3952563,1.617,1.614448305802831,2,0
1.9334300000000002,2.0898603933121778,2.0066556985852175,1.6916535,1.5460551,1.618,1.80935827409863,2,0
1.8736699999999993,1.87024583578295,2.075577104624914,1.6746781,1.6728373,1.619,1.7749973975659787,2,0
1.9782799999999992,2.0793063398053824,1.5256789311661993,1.7293807,1.7469487,1.637,1.8770901220746437,2,0
1.9772899999999984,1.6303421320084936,1.637902301844476,1.8859439,1.9502897,1.665,1.8892341389872334,2,0
1.5476699999999994,1.4359686178682352,1.1975976875105079,1.16605,0.9613909,1.67,1.2450194573082243,2,0
1.6293999999999997,1.4628012022108163,1.6747871300488637,1.6710222,1.5895555,1.671,1.6306427880636458,2,0
1.7776700000000012,1.8576323037212095,1.8317747871294712,1.5628295,1.6995289,1.677,1.7195884953423597,2,0
1.2535499999999995,1.223638587510806,1.7190098632364317,1.4701915,1.0890203,1.693,1.3242463766787298,2,0
2.275559999999999,2.454053555416882,2.0547519601380735,2.4089468,2.4131799,1.7,2.4524961354012857,2,0
2.419049999999999,2.5691034060312763,2.932515271859577,3.058695,2.7916176,1.702,2.867159318578114,2,0
1.4272600000000002,1.4660060045244026,1.416674862294608,1.6066725,1.4373977,1.715,1.5438379478367168,2,0
1.9135400000000005,2.0079170264280455,2.0794928491297466,1.7340069,1.7672198,1.718,1.8600696620512505,2,0
1.37176,1.5025722297979156,1.3292406564464854,1.3786176,1.3339765,1.743,1.422798022599874,2,0
1.595639999999998,1.229063629963162,1.4178536317009538,1.42256,1.4770417,1.749,1.4380946923002105,2,0
1.9517800000000003,2.05852200576722,2.031163838947558,2.1021388,2.342925,1.818,2.174676498402035,2,0
2.01668,1.779993634540021,1.9721596610394614,1.8653588,1.7390888,1.833,1.8682896449458624,2,0
1.9526700000000008,1.6974151467548406,1.8384728965150203,1.8372115,1.8993025,1.869,1.8687028214316121,2,0
2.1380800000000004,1.8335712394688413,2.2809732393171958,1.9475863,1.8627455,1.887,1.959957554409475,2,0
1.9290099999999992,2.069019746744478,1.4016727353945035,1.9182595,2.029745,1.894,2.0192172235428325,2,0
2.0195600000000002,1.8786681386684343,2.18100769361517,1.0569022,0.6768053,1.956,1.2852371863025671,2,0
2.0663099999999996,1.9686135093457542,2.198022321062901,1.8211467,1.8585317,1.965,1.9278848934794763,2,0
2.671589999999999,2.561757287536497,2.539219153802894,1.7507427,1.5405967,2.004,2.026771537802064,2,0
1.1679300000000006,1.5767360998017466,1.8359613748819763,1.558654,1.3320527,2.023,1.4940416413535151,2,0
2.6587000000000005,2.5297727737265987,2.083512031606377,2.082557,2.020093,2.026,2.2773220777082273,2,0
1.793169999999997,1.487430203093727,1.3752337806974433,1.5568545,1.6720223,2.062,1.6258306760184278,2,0
1.754179999999997,1.487430203093727,1.340077682012417,1.6047988,1.8139906,2.064,1.6766053982774316,2,0
2.44865,2.4708391208498584,2.445274570920235,2.2761714,2.3513052,2.081,2.4037748128295964,2,0
2.722,2.4581195558694855,2.6334443507282286,2.1432884,2.1817496,2.084,2.3332523077010987,2,0
2.0022900000000003,1.7993117041118043,1.9700462426442233,2.154589,2.2079642,2.099,2.109715985332442,2,0
2.2459899999999995,2.0114543742431956,1.694126478211576,1.4323671,1.745156,2.109,1.7632997657270537,2,0
2.7504199999999996,2.850861810548558,2.8723114718485174,2.144295,1.8377571,2.117,2.344671574565818,2,0
2.113069999999998,1.9050674341646645,1.946791788222797,2.1650345,2.150701,2.135,2.137424953605084,2,0
2.3165,2.2242885287291836,2.293537863699801,2.5478659,2.4807656,2.167,2.479811534561736,2,0
2.240390000000003,2.0282836379670295,2.052329823744816,1.6988057,1.8670993,2.172,1.9108990319385297,2,0
1.9513599999999989,1.955037835266718,1.8826042290669043,2.2703416,2.1839797,2.172,2.1842059803608347,2,0
2.8219300000000023,2.710230718682509,2.328185575733257,2.2292433,2.0014486,2.175,2.3963742833241657,2,0
1.8080299999999991,1.864637214904119,1.8437086650273153,2.0634007,2.0481296,2.212,2.0248577077725414,2,0
2.1610600000000004,2.0724126420740605,2.22376894733497,2.2336743,2.2421677,2.227,2.233623771675416,2,0
2.01192,1.9421888403156524,2.019309424967316,2.0932753,2.0993316,2.23,2.0912708566730345,2,0
2.1553500000000017,2.264699563716653,2.097335390389573,2.2383578,2.2398152,2.242,2.2792171313288616,2,0
2.344310000000001,2.493475052585371,3.2972426214334583,2.4571016,2.7619395,2.256,2.575043430591678,2,0
1.9762700000000006,1.86466112903368,2.101267555013614,2.2423418,2.2536361,2.299,2.170871180268032,2,0
2.09979,2.0756394293341107,2.087674295681215,2.0946865,2.1792376,2.37,2.1523401867776437,2,0
2.346799999999999,2.5482590398624363,2.581732724817466,2.1638682,2.3807392,2.397,2.369151389879165,2,0
2.2745199999999994,2.14465658885584,2.3473416857069607,2.4184637,2.5138113,2.424,2.408886112043274,2,0
2.37607,2.3890792943969363,2.5751271083041907,2.6669667,2.3922174,2.433,2.554622932660279,2,0
2.3654000000000006,2.277469813785696,2.376121101335716,2.421336,2.47472,2.434,2.4418146995616077,2,0
2.6008399999999994,2.9101830430370605,2.197727741668696,2.640678,2.2160556,2.436,2.647227891462587,2,0
2.479600000000002,2.46364788167891,2.6331569904157393,2.656877,2.6070254,2.461,2.631627384814262,2,0
2.3838400000000006,2.248111737583654,2.354552550905596,2.4027312,2.3963692,2.461,2.409985231903745,2,0
2.5234200000000016,2.475235894046793,2.53958282503884,2.278068,2.3732605,2.483,2.419404629290515,2,0
2.07237,1.967397380422416,2.016113903986974,2.2136142,2.2472408,2.486,2.191744367243526,2,0
2.5225400000000007,2.4721247912828663,2.419728538155803,1.6799629,1.9201508,2.509,2.050974518510153,2,0
4.051849999999997,3.5237451839247127,2.4098718303521047,2.0542815,1.3141184,2.596,2.4822734411818246,2,0
2.87872,2.692687832163819,3.1118599507656213,2.1890244,2.4345648,2.611,2.486807948685876,2,0
1.8769599999999997,2.0575052397159164,1.5851034757057116,1.0171624,0.81275636,2.628,1.3267805449898695,2,0
3.3648700000000016,3.173715282837995,2.68900100209122,3.3144948,3.5157955,2.638,3.4011560552011395,2,0
2.939179999999999,3.1308030280332946,2.6263785650722435,1.9469161,1.8435092,2.647,2.3476894133218322,2,0
2.639679999999999,2.716647042333226,2.96316238561731,2.7470448,2.8288703,2.649,2.801435360489156,2,0
2.5261100000000014,2.5624361075392708,2.5240050980325375,2.6165295,2.672477,2.692,2.6584652787758527,2,0
2.7498399999999994,2.4979609185983276,2.7630257760213137,2.6936884,2.5741332,2.704,2.6779806850485226,2,0
2.654019999999999,2.373509159300349,2.6637960898267488,2.7978473,2.9263313,2.729,2.7686934877092195,2,0
3.1594299999999986,3.062241053648714,3.4453489124706724,2.5783136,2.7593553,2.737,2.851144658727504,2,0
2.5575199999999985,2.5141001441353854,3.030829035685562,2.7756598,2.82646,2.759,2.75669310409052,2,0
2.53638,2.5428370417839243,2.3673871211180195,2.5303504,2.6010969,2.82,2.6006095073880537,2,0
2.4297100000000005,2.1391798616188242,2.6180362036787943,2.1704404,2.1869178,2.839,2.2388730440148157,2,0
2.933339999999999,3.0127699089054882,3.1001789690575503,3.1722243,3.029813,2.893,3.1354285717823314,2,0
2.9696799999999994,2.981335693639,3.122452387168366,2.8664005,2.7791069,2.916,2.9396165473671587,2,0
2.884070000000001,2.445192783179656,2.9506270434316253,2.2155755,1.8019929,2.918,2.287226689288617,2,0
2.562430000000002,2.424258246113953,2.682107181677769,2.6758957,2.7320554,2.922,2.6704194108450725,2,0
3.2955200000000002,3.2891058796591164,3.1847202681583027,3.802799,3.5839095,2.951,3.646870713715594,2,0
2.6188699999999994,2.7275099205122255,2.770208776275043,2.9972723,2.756089,2.97,2.8915608604469147,2,0
1.6452599999999997,1.7146137612433057,2.3828376199538606,2.6186287,2.157017,2.973,2.2369043447040586,2,0
2.6588399999999983,2.5739573389589063,2.8044756522075653,2.7283492,2.6326869,2.995,2.714568571522153,2,0
5.286870000000004,5.4335283118953335,4.189522209872544,3.8185666,4.471926,3.027,4.594294556756122,2,0
2.4672599999999996,2.234339249476029,2.2819216222907115,1.8230029,1.3975799,3.029,1.9236963778652987,2,0
2.5315400000000006,3.014393343733477,3.2052029677192726,2.9530551,3.160216,3.042,3.0278592612926634,2,0
2.946679999999999,3.087942800858357,2.061161066390868,1.5592291,1.6219444,3.097,2.1178289082739314,2,0
3.2560799999999994,3.0567324840225663,3.0237739396906247,3.2660103,3.3738768,3.106,3.3062146743415903,2,0
3.2730200000000007,2.7878588437999547,2.3379202080528603,1.614094,1.9199445,3.125,2.1809150851364585,2,0
2.8414800000000002,2.922859297490618,2.9188670792259797,2.3873558,2.9664357,3.162,2.7509971633124577,2,0
2.8927400000000008,3.476599178087258,2.4129926053387654,2.584729,2.7629304,3.181,2.9211794173494248,2,0
2.65446,2.617175135213539,3.1087703226421657,3.0225704,2.9349022,3.183,2.9242800473037165,2,0
2.9182899999999994,3.087942800858357,2.072912132910924,1.6137991,1.6366735,3.272,2.14168493441867,2,0
3.4162399999999993,4.417191280083157,3.602481621415722,2.4823868,2.5124214,3.293,3.0944394412533374,2,0
3.4784200000000016,3.6694863563821207,3.490842413915967,2.9907408,3.3194778,3.3,3.3424078892397278,2,0
2.9013200000000006,2.781358957670404,3.1722487956901224,2.9678626,2.8336864,3.324,2.9422437797592695,2,0
2.6214099999999987,2.394275525329484,2.9607963356603086,3.4119236,3.5710857,3.352,3.190966381183646,2,0
2.903160000000001,3.1550478366750987,3.384583368941305,3.572058,3.6736453,3.44,3.4938828201235372,2,0
3.3735200000000027,3.3623168509467227,3.061980766910495,3.1316957,3.0739977,3.519,3.2599002611293346,2,0
3.176199999999999,3.5064934139410098,3.3078132034249763,3.019224,3.0596368,3.523,3.2193131520275147,2,0
3.1037899999999996,2.5452060744815275,2.9341954566654738,2.7055936,2.213919,3.553,2.646425342021412,2,0
3.0217000000000014,2.5491760232066643,2.732082608262924,2.44326,2.387811,3.562,2.567530672633937,2,0
2.991789999999998,2.924357004145146,3.334999757464371,3.5542595,3.5855355,3.6,3.421050794497344,2,0
3.6212000000000013,3.5497475422099733,3.540689329399928,3.7618682,3.8200653,3.601,3.784244281703244,2,0
2.479250000000001,2.5017452279555656,2.4920429823365997,2.700204,2.15544,3.613,2.549200051598192,2,0
2.8682300000000005,3.06828031959107,3.8413895559702445,3.60153,3.952901,3.719,3.550367150894622,2,0
3.5002399999999994,3.547142551306567,3.5696533759902356,3.5764306,3.4263785,3.719,3.594377018874759,2,0
3.6839599999999995,3.2449885443364836,2.695318754590662,3.0629456,3.204694,3.731,3.269863811181497,2,0
3.269789999999998,3.3213260143302943,3.419999361518552,3.6872385,3.161966,3.864,3.499061058571624,2,0
2.8717900000000007,2.7097420746116643,4.244993391056884,3.5481222,3.2385576,3.877,3.2704118374199207,2,0
3.7580300000000006,3.8732248448725843,4.009376727971785,4.2843604,4.17085,3.966,4.185229974162857,2,0
4.0970400000000025,4.040698686676528,4.034169545884511,3.9393475,4.04776,4.038,4.084144235831389,2,0
3.5380999999999996,3.6910864944743134,3.293846125543503,2.9527347,2.7731502,4.146,3.2048676559099447,2,0
2.8867399999999996,2.477292424127008,2.4991136792573334,2.8034265,2.9329884,4.203,2.8231803661989447,2,0
3.39275,3.8514933414708183,3.8141084119760023,3.701431,3.2657406,4.28,3.667822904073951,2,0
4.8941500000000016,5.034728713655352,4.684283249778069,4.639725,4.6855173,4.432,4.862306788442668,2,0
3.9466200000000002,4.556834921388095,3.6767132829541973,4.806578,4.8538,4.44,4.756682853177008,2,0
4.872840000000001,5.0092103147417255,4.6191792594029355,4.380253,4.441853,4.47,4.68301688265505,2,0
2.7645900000000005,2.578433755814114,4.158099210672365,3.4995096,3.0543373,4.472,3.161962527787358,2,0
4.321130000000004,4.364459542311673,4.229041007706549,4.3359,4.62571,4.6,4.496154488897925,2,0
4.786140000000004,4.832110171182584,4.854583797554677,5.0476556,5.0177746,4.765,5.059275119092713,2,0
4.61115,4.6344087319742,4.720877622367785,4.9232697,4.6656394,4.853,4.85423385899486,2,0
4.272799999999997,4.586945405142381,4.257477201595844,5.7132287,5.511791,4.867,5.350761886989573,2,0
4.972059999999999,3.848456014074546,4.218527012982948,5.184091,5.636854,4.995,5.060489799452153,2,0
3.702910000000003,3.7227049637475034,3.780463371313601,4.8317647,4.9505157,5.137,4.5692053821818055,2,0
4.210319999999997,4.555445508217405,4.913279486838239,4.926577,4.9567995,5.166,4.862843482374837,2,0
4.910559999999999,4.50813130543061,4.791636528782805,5.218173,4.6910653,5.193,4.991705967113551,2,0
5.013250000000005,5.140449640125504,5.099602336042004,5.101128,5.061282,5.308,5.190356651364658,2,0
5.224640000000002,5.577949844380749,5.504854063404525,5.564283,5.506879,5.348,5.623873311666649,2,0
5.239530000000003,4.914167541111644,5.238783127659099,5.207268,5.2299027,5.77,5.249906192144666,2,0
5.009050000000003,5.239367552033934,5.021177935873699,5.5121765,5.59144,5.874,5.518804060605878,2,0
5.676109999999999,5.188151946793328,5.8568724485518295,5.8971863,6.0140295,6.045,5.850720386346715,2,0
4.883450000000002,5.015316497894201,3.703367760644862,5.4677806,5.1308947,6.047,5.321234341983999,2,0
6.12,6.190562929846995,5.673665093375071,6.0961347,6.105832,6.07,6.242327058611805,2,0
5.417770000000001,5.371199077562879,4.264359951992809,5.7322392,5.666138,6.136,5.70854596852369,2,0
6.22772,6.433834096225338,5.705357573056833,5.993896,6.132419,6.176,6.27365177677219,2,0
5.103909999999998,5.475262317230716,5.927669516972708,6.2934794,6.315383,6.475,6.096813832038414,2,0
5.2592500000000015,5.051591878025797,5.531300674120323,6.0389333,5.8704486,6.753,5.797859265154526,2,0
6.224189999999998,6.271555381543659,5.903171900482027,6.1188273,6.378411,6.8,6.34906686520685,2,0
6.722549999999996,7.458146818541427,5.943554839728552,7.9223285,7.6174273,7.451,7.759284169985985,2,0
6.026860000000003,7.455463950904291,5.266764920513916,8.369912,8.28685,8.141,8.035562544653205,2,0
6.471120000000003,7.153368298562319,5.0983150444216365,8.073527,8.055834,8.177,7.831628871180972,2,0
6.443470000000003,7.36672400026943,5.380088787185295,8.317331,8.235658,8.25,8.026869094012948,2,0
0.1922000000000001,0.6165039505134089,0.5432427912022071,0.0063343793,-0.035242386,0.013,0.12168563638821417,2,1
0.7253700000000002,0.683090922668052,0.24210447442458527,-0.023339927,-0.13533837,0.029,0.25408880516199983,2,1
0.9887099999999994,1.0757308025260017,0.931540050309015,0.87766325,0.7580556,0.044,0.9300979840802961,2,1
0.8033799999999995,0.9725350901081503,0.9776266500757764,0.5154938,0.42237574,0.165,0.6454475136377361,2,1
0.8290899999999994,1.0713377780982614,1.0445626058758837,0.54350054,0.3866075,0.195,0.6698848605718266,2,1
1.2506799999999993,0.825204067703475,1.4049449645250403,1.0647547,0.95620644,0.423,1.0961690552310999,2,1
0.88822,0.9741895845702366,1.2780400985627538,0.9123678,0.6972005,0.52,0.8936359932343669,2,1
0.8167600000000005,0.9762323539595215,0.9970218480718369,0.28101087,0.31792372,0.545,0.5282934981845944,2,1
0.8392399999999999,1.01131343987614,1.4485240045953758,0.9598484,0.8541952,0.598,0.9324344760123081,2,1
0.905,0.6414260059714,0.8911544741477986,0.59734195,0.6177333,0.598,0.7089915065254697,2,1
0.8075199999999998,0.5228473713197825,0.44605093803207296,0.48447585,0.5954916,0.651,0.6137652333144745,2,1
0.7980800000000001,0.8533716010533093,0.7032869027560986,0.2911256,0.054176383,0.654,0.46620043023905267,2,1
2.4536300000000018,2.2922375999779057,2.7205517761410842,2.3316534,2.5038202,0.685,2.444898641678387,2,1
0.7286199999999998,0.5768442837588724,0.7709944178967558,0.6884245,0.6974984,0.69,0.7044026017301593,2,1
0.7493500000000001,0.5927149977691148,0.817873086094415,0.59455967,0.5478814,0.692,0.6442760284387011,2,1
1.8170699999999993,1.378014047664415,1.5477981455795713,0.55960476,1.0288246,0.693,1.1153630372220795,2,1
0.72713,0.5003019178201423,0.7449815212165221,0.74066156,0.82434946,0.722,0.7410378749926885,2,1
0.7388800000000001,0.49107492471630526,0.8220948643836072,0.7101634,0.6686328,0.724,0.7021472431398943,2,1
1.136869999999999,1.214694912461751,1.361432212453693,1.0463437,1.0854623,0.756,1.1216177250168773,2,1
1.4607800000000004,1.6236697987576174,1.9209474206867894,1.2973856,0.83217007,0.817,1.3266955016287858,2,1
1.7833000000000008,1.776442916711158,1.6265235080102398,1.0692638,1.0239613,0.845,1.3725507962987828,2,1
1.6976899999999995,2.0711606709468025,1.2851451562281762,1.1677734,1.075896,0.896,1.4329974056715076,2,1
1.3202599999999995,1.0484505143567098,1.3001060047998758,0.89923596,0.8832543,0.937,1.055900024166203,2,1
1.1874999999999998,0.9233706809614451,1.2553902142463176,0.90561426,1.073235,1.014,1.039944723778032,2,1
1.38846,1.4360586341523838,1.1273770426930056,0.9982441,0.8552366,1.031,1.157601044099204,2,1
1.0278700000000007,1.120438305806525,1.4580980773413112,1.3264897,1.441609,1.045,1.2658246840248184,2,1
1.3428099999999994,1.0451258537559862,0.9631497326285832,0.953892,0.7662223,1.06,1.065079695550786,2,1
1.0552599999999992,0.7961294518625917,0.8363072917866439,0.98186266,0.7047108,1.067,0.9543407479549366,2,1
1.6440200000000003,1.197789436681244,1.1332163276145186,0.9132231,0.98394537,1.126,1.191480768106564,2,1
2.1551,1.993873015985824,1.6445762881889983,1.0000174,1.2527548,1.129,1.5163084460608305,2,1
1.5389300000000012,1.84853462100472,1.9253370705266608,1.2169999,1.1742407,1.144,1.400856423392452,2,1
1.5170900000000003,1.487855503989004,1.2861018841775804,1.3004681,0.6899335,1.18,1.3037927340364863,2,1
1.284769999999999,1.2981727175509437,1.9428291464686787,1.0202799,0.83402115,1.184,1.1176924482163546,2,1
1.0741099999999995,1.3392450658183719,0.9918500057260962,0.6160063,0.40252647,1.195,0.8061543455637931,2,1
1.1501899999999985,1.070332207402954,1.0244324842961012,1.1715559,1.1195507,1.22,1.1703278707783098,2,1
1.1036399999999997,1.2528565312416822,1.249497009180244,1.4584776,1.2764289,1.232,1.3310149039378008,2,1
1.8619599999999992,1.8039564989685182,1.7480116066166906,1.4340595,1.5639406,1.247,1.6553301429836487,2,1
1.3608400000000003,1.3384182926178085,1.3550880732087667,1.442136,1.3279198,1.248,1.4178777221797199,2,1
1.3761800000000002,1.4771824920072307,0.977380350917094,1.0959371,0.959078,1.283,1.220047229326886,2,1
1.3059199999999995,1.0397958714643665,1.4393437333925343,1.0484198,1.0930374,1.331,1.1537342566028195,2,1
1.2964399999999998,1.2532988530717626,1.1725307214047014,0.9610934,1.0565071,1.333,1.1300514433054842,2,1
2.008689999999999,1.9665577470448175,1.9607089506376196,1.4120343,1.5811011,1.339,1.7098686974783002,2,1
0.9251900000000001,0.5776296629962483,1.0633253559255167,1.0326718,0.9191172,1.379,0.9525614913149125,2,1
2.563030000000003,2.8242098585682367,2.490676051799252,2.3961577,2.7403395,1.381,2.607140371114339,2,1
1.4644199999999992,1.2676557369692303,2.288607662081447,1.4373806,1.7033212,1.437,1.5054909443265627,2,1
2.0012000000000008,1.9853090133487281,2.0307823246351933,1.4184033,1.3757435,1.454,1.6757356339647487,2,1
1.7236800000000017,1.9880964459356842,1.5109492456274611,1.5104884,1.5809339,1.486,1.6720516845111675,2,1
3.2141600000000006,3.105888807277046,2.770510097987867,1.9508338,2.3725612,1.488,2.567978693930582,2,1
2.002429999999999,1.6929829081635979,1.603144740126912,1.6245238,1.6173521,1.522,1.7770166068467323,2,1
1.8598400000000004,1.8438409098830681,1.9460987556558518,1.2661028,1.3063867,1.528,1.5393855331387236,2,1
1.7990800000000007,1.8026982272949181,1.5822759517095155,1.5330821,1.400655,1.589,1.650905154870033,2,1
1.7119700000000002,1.6630198046398714,1.558530531241977,1.5283183,1.4293435,1.621,1.6128517703249856,2,1
1.6930900000000007,1.6297926409427232,1.6466229043198315,1.8321952,1.8694116,1.636,1.8156947687656486,2,1
1.7932899999999987,1.8560278018137621,2.084194976435054,1.9463902,1.9309218,1.658,1.9313963017806481,2,1
1.89695,1.7511104337089873,2.0866107991544927,1.8684267,1.8236866,1.67,1.8965638029949594,2,1
2.001280000000001,1.9944838539600578,2.1452747656354707,1.5270015,1.5437157,1.716,1.7544996907717438,2,1
1.7679700000000012,1.8306413183001147,1.8743472438584785,1.4590467,1.7981259,1.719,1.6837873336118254,2,1
1.6394900000000008,1.801454577343653,2.0448001985895568,2.1559505,2.0836911,1.742,1.9995394151275712,2,1
1.6530099999999985,1.3803965778131388,1.4834952350463741,1.578873,1.4549621,1.749,1.5907129910046225,2,1
2.7394500000000006,2.4293059079218007,2.80074289275063,2.1750336,3.004064,1.755,2.564919392971512,2,1
1.923339999999999,2.0686056910460526,1.7105939185859624,1.9548106,1.7574924,1.845,1.9658095787260326,2,1
1.71749,1.4983474933298209,1.768945549940748,1.9110918,1.6047944,1.857,1.7952203003665936,2,1
2.17892,2.043132404214245,2.248137065554733,2.1183295,2.1688063,1.858,2.1831157684546465,2,1
1.6652700000000003,1.7238820350922692,1.431492280212317,1.45065,1.555463,1.86,1.5945993713040791,2,1
1.4531300000000005,1.5319625259038427,1.5040394644335031,1.5227511,1.6087898,1.865,1.5522365609640256,2,1
2.8676399999999997,3.3785713356439873,2.6144095916722048,1.954857,2.059339,1.873,2.4427685053073347,2,1
1.8874799999999998,1.9319946396742833,1.8604965638933022,1.9117911,1.7938511,1.88,1.9276984633842746,2,1
2.83486,3.3785713356439873,2.6626032593620965,2.4029043,2.389053,1.883,2.688646781965259,2,1
1.8909799999999988,1.9434396878153217,1.9367154737990133,1.8958968,2.1464808,1.924,1.9862870923250096,2,1
2.77681,3.2007759522120667,2.9199950054364283,2.384665,2.556249,1.951,2.6737610719838845,2,1
2.1239599999999994,1.8326675691587355,2.257434759002279,1.7414544,1.7659311,1.961,1.9060796106301061,2,1
1.8167100000000014,1.831110616621193,1.784356298185049,1.6684718,1.6343942,1.963,1.7604905664370363,2,1
1.6408699999999996,1.7778308016042437,1.56268746869393,1.7689831,1.6913327,1.991,1.7573623183539548,2,1
2.0381499999999995,2.1617583306379173,2.12932048546167,2.0686219,2.0301719,2.009,2.108589413479247,2,1
1.9672500000000002,2.0464825751562614,2.24127292802869,1.6272899,1.7203765,2.012,1.826001893206763,2,1
1.9994500000000008,2.2670013610474427,1.9266036482851272,1.8880246,2.3314993,2.015,2.083969793867098,2,1
1.9579999999999993,1.9326352157455189,1.9222903733863437,2.282005,2.2496471,2.04,2.1923635462707303,2,1
2.2623400000000013,2.197814826772569,2.1768890015848115,2.469303,2.1239169,2.045,2.370566418286158,2,1
2.0267,1.8506964805461508,1.9313543426912663,2.1435094,1.9199885,2.047,2.0834631250802182,2,1
2.0111400000000006,2.0516441340213576,2.110892590072571,1.8586088,1.9472713,2.054,1.9814692295685516,2,1
2.23768,2.1566303463651444,2.162867225601712,1.9926728,1.9402263,2.061,2.116947356271215,2,1
1.9878,1.5980195133606225,1.920503001125606,2.0811064,1.7981466,2.067,1.9945985674515947,2,1
1.8153300000000008,1.4011849832367835,1.6131686212955172,2.1056721,1.9779104,2.076,1.9651341419569475,2,1
2.6953399999999994,2.2713453162077197,2.5004202364532278,1.9054765,2.0463686,2.102,2.244445906001558,2,1
2.7171799999999995,2.2713453162077197,2.560590970553951,2.323919,2.297938,2.102,2.479307222896203,2,1
2.10012,1.881387706745246,2.5923302138971316,2.540376,2.5537717,2.104,2.3959436925550275,2,1
3.3529399999999985,3.5747698341788565,2.839440657767197,3.2348754,2.7432737,2.106,3.290192981401325,2,1
2.13662,2.275791496960152,1.4800523009736926,1.6726801,1.6656226,2.115,1.9112713079513157,2,1
2.85565,2.859262640729924,2.0768910871427257,1.588142,1.7888174,2.137,2.171906899977533,2,1
1.9551199999999995,1.711678144371425,1.545278963979097,1.8715879,1.455571,2.14,1.8445172993199155,2,1
2.4521500000000005,2.3503672275159952,2.362865144161359,1.5837153,1.7272388,2.143,1.9839542358457094,2,1
2.5518099999999984,2.7252965799478654,2.434153971216181,2.0982487,2.2289245,2.144,2.37051814324864,2,1
1.7862400000000014,1.7395399969648866,1.8925419955155398,1.810206,2.26535,2.154,1.9166021055787485,2,1
2.240730000000001,2.0133412732681757,2.0793956384223513,2.2126014,2.0730228,2.165,2.2219819878182263,2,1
1.6529299999999998,1.2659717216292619,1.7503816389289408,2.0112154,1.9468684,2.218,1.8555503320161635,2,1
3.4027099999999977,3.2922118702582774,3.548100855500758,2.7293847,2.787184,2.225,3.059487871043041,2,1
2.1088199999999997,2.0828773275976804,2.187879691292371,2.4275749,2.2819748,2.252,2.3228714039814644,2,1
2.941660000000001,2.7044074457398435,2.486223586846985,1.7705156,1.7683487,2.259,2.2559588746864527,2,1
2.1758400000000004,1.952142879354443,2.095182652607528,1.9452345,1.8525223,2.262,2.0394510023230668,2,1
2.0926399999999994,2.140533689134337,2.0257739550065423,2.1052668,2.0669348,2.266,2.144797164982921,2,1
2.05887,1.7833691754630994,1.8003684184515378,2.0453775,1.775103,2.271,2.016344887276361,2,1
2.3214100000000006,2.98693214815554,2.586165071647302,2.3002636,2.6354384,2.298,2.4938746021915175,2,1
2.4003600000000005,2.3788132092224585,2.3940923055061294,2.2737114,2.3253233,2.302,2.3816114691779124,2,1
2.1797600000000017,1.9713790342556454,2.1949840627092896,2.663647,2.283019,2.308,2.434759706956904,2,1
2.5536699999999986,2.715781386773247,2.7172841282582745,2.7188797,2.871506,2.348,2.7571991833280087,2,1
1.8022600000000006,1.9227304502655898,1.7505689401025286,1.3334459,1.0696498,2.351,1.518428825952538,2,1
2.182520000000002,2.227554522947236,2.4508980592417373,2.071368,1.9316806,2.363,2.1417093873596613,2,1
1.9754299999999996,1.9426522500745598,2.3327335138875442,2.4102652,2.081469,2.378,2.224618160230994,2,1
2.060799999999999,1.5764079166251965,2.055542704300186,1.7838181,1.7231172,2.402,1.8698013484685703,2,1
2.1597199999999996,2.083615494427862,2.215242581950068,2.2538579,2.2648928,2.421,2.258654475259877,2,1
1.7337599999999995,2.2500523825086396,1.539569892687808,2.1078434,1.7818952,2.428,2.00212426099335,2,1
3.1704700000000003,2.925048306880055,3.2047666980234535,3.1333187,3.0612757,2.434,3.176624781657994,2,1
1.850130000000001,1.5634346598143884,1.6886552869159561,2.0823991,1.9812876,2.435,1.9838851160749007,2,1
2.5228999999999995,2.1460516956395383,2.589011322995366,2.2895546,2.3315628,2.44,2.399442056432652,2,1
2.2256299999999993,2.314127053785708,2.365805483206724,2.3043487,2.2741835,2.444,2.327528092957408,2,1
3.0571599999999983,2.8410763570589914,2.733946376659698,1.8896054,2.101616,2.462,2.4169931048752695,2,1
2.32834,2.058982472326068,2.130928218036457,2.1264014,2.0488546,2.466,2.21060439383308,2,1
2.448930000000001,2.354467612252806,2.371282207772719,2.5759284,2.199769,2.487,2.5029935756702657,2,1
2.3478700000000003,2.4329881065424144,2.5677685133602255,2.8463743,2.7426722,2.584,2.6981147312004365,2,1
2.28968,2.202294781003699,2.08419756109849,2.1220367,1.9018161,2.584,2.1870610248752054,2,1
2.4399800000000003,2.3386299264338604,2.4383225155998813,2.3803573,2.4111228,2.585,2.450816555965729,2,1
2.0841100000000012,1.987038408024091,2.1146937296880814,2.6589518,2.2557633,2.654,2.4015982428460685,2,1
2.9797,2.929794154042,3.0246052359961104,2.4939158,2.867757,2.663,2.806490019965069,2,1
2.61198,2.4227478976829264,2.6015563939275044,2.5481274,2.4326458,2.685,2.587903480980052,2,1
2.7152000000000003,2.379343081077337,3.068352641498361,2.3973107,2.7910087,2.69,2.6114175590336126,2,1
2.1556900000000008,2.470877240920111,2.241288696174631,2.189298,2.0695817,2.717,2.2375177593537954,2,1
2.1322599999999983,2.1777528483724415,2.1854371539416286,2.894634,2.7288399,2.768,2.6251551679572462,2,1
2.92091,2.479720894874119,2.1449145224165718,1.9876523,1.9140238,2.781,2.3460066369195633,2,1
2.59753,2.609048265371141,2.855047334870035,2.79861,2.6976256,2.789,2.7618220010524097,2,1
2.995659999999999,2.8877287522638992,2.92861222225106,2.7977843,2.6355257,2.833,2.897942476733996,2,1
3.7852300000000003,2.9573629173288474,3.012876967151651,2.0375144,2.2427108,2.835,2.7330254681806445,2,1
2.5740700000000007,2.4832012147010945,2.707511442937175,2.8582087,2.8655887,2.844,2.7971120250768142,2,1
2.9514999999999985,2.8426893412312184,2.4497774709690296,2.8474143,2.9801955,2.852,2.963554033779398,2,1
3.019630000000001,3.2749599159113627,2.997014207235143,3.105086,2.71401,2.857,3.097040533884912,2,1
2.781680000000001,2.719900909356601,2.69400054976759,3.4561641,3.1106818,2.869,3.19029478415738,2,1
1.9949800000000004,1.8967685198448194,2.1251637284276175,2.43672,2.6089141,2.9,2.331392480355346,2,1
2.809100000000002,2.437172987384192,2.8398938579154924,3.1592102,3.193432,2.91,3.051378413190644,2,1
3.3358099999999973,3.150633123048595,2.9395862662109815,2.907111,2.720607,2.912,3.0900078380395515,2,1
2.7939099999999994,2.8421470044251413,2.9038502364017327,2.8985817,2.9523625,2.921,2.9348410437828005,2,1
2.7163899999999988,2.8564033125294155,2.8594445383390354,2.8454936,2.8629565,2.967,2.8744716228710607,2,1
3.619840000000001,3.6445428787779477,3.309252108840469,3.3607662,3.176664,2.992,3.5089457772776775,2,1
2.837829999999999,2.800403703933263,2.334941297615953,2.1675677,1.8292762,3.019,2.421255223742376,2,1
2.41695,2.199334069859315,2.449594163582091,3.3541267,3.4397533,3.06,3.039668555085716,2,1
2.7362,2.979584738968863,2.53516119021377,3.1556413,3.2209163,3.091,3.0941617333087237,2,1
2.88697,3.2633674528450713,3.435626656988892,3.1538694,3.3446143,3.103,3.1914337184850905,2,1
3.029650000000001,2.6717987646725976,2.978402866551128,2.3645923,3.0449371,3.107,2.7673203072653436,2,1
2.608289999999999,2.627697084201733,2.2462501006731963,2.638829,2.5134733,3.111,2.6640137252165967,2,1
3.2792799999999995,3.234071953751011,2.890517755392814,3.3131566,3.4091856,3.168,3.384246387623019,2,1
3.2926199999999994,2.7024984962757923,3.3419636690384116,2.7047796,3.1651516,3.208,3.018277591972968,2,1
1.4762099999999998,1.6056464463242226,1.9389444058155267,1.9764873,1.6056927,3.21,1.76549840307178,2,1
2.70714,2.7331760153999056,3.647670262446861,3.762584,3.9352846,3.213,3.4521542822286806,2,1
2.9501999999999997,2.614565824786514,2.778205862809451,2.9672806,2.9128125,3.271,2.978067909091998,2,1
2.567440000000001,2.6895690972386026,2.4771922912592355,2.6281896,2.4510224,3.34,2.6431333940808095,2,1
2.241390000000001,2.2180972200408235,1.897676763053859,2.2120242,2.1861863,3.371,2.265145870423318,2,1
3.528139999999999,3.442918698798333,3.3289006005985584,3.4129598,3.364879,3.396,3.5161846865230957,2,1
3.3588,3.5575376924221014,3.1907699737197626,3.640497,3.8069918,3.469,3.6585025207575734,2,1
3.6203899999999978,3.5578406914263305,3.8044807616285548,3.4720967,3.6702917,3.518,3.636719190645125,2,1
2.23973,2.620500245910203,2.138143506874344,2.6910565,2.542186,3.583,2.583472809707559,2,1
3.019390000000001,2.942570586423677,2.5471055135048424,2.068804,2.3089755,3.619,2.53302680533431,2,1
3.844849999999999,3.77660248397283,3.8933586506067326,3.7812653,3.9512584,3.628,3.912714238507802,2,1
3.6126699999999965,3.3514385982233676,4.506615349729553,3.7829325,2.7672815,3.653,3.585587475045175,2,1
3.742409999999999,3.5536434292006143,3.8442919798922564,3.6155946,3.4590104,3.786,3.696911069397432,2,1
3.451589999999998,3.0465060305845357,3.5742840344282643,3.6261554,3.6539233,3.811,3.594675812227971,2,1
4.381390000000002,4.54770254195283,4.523169840122971,4.793387,4.511848,3.812,4.699983338255429,2,1
3.100659999999999,2.9269041227263,2.0690832998693214,2.6529636,2.388543,3.833,2.8252750742720725,2,1
3.3612500000000005,3.33304393979725,2.9291958485829106,3.3436415,3.0448663,3.859,3.367310007157472,2,1
4.54151,4.801082097991208,3.730128217506122,4.01603,3.582358,3.869,4.267837577883311,2,1
4.45721,4.8387961784562465,3.9296428499439706,4.0599875,3.7213252,3.908,4.29159719670478,2,1
3.6781099999999998,4.336077045661964,3.6545173826673754,4.258008,4.663502,3.972,4.263251066408965,2,1
4.388229999999998,4.684603396846694,4.193884174054764,4.7873964,4.13125,3.98,4.646422635163914,2,1
3.1696900000000015,2.798209466091507,3.4300441720479986,2.9510996,3.5762136,4.04,3.174709891496302,2,1
4.002310000000004,3.790873373211625,3.806465927147589,4.0676003,3.882064,4.146,4.073410263257601,2,1
3.7482800000000003,4.202730186489573,4.241301465581757,4.469455,4.2156777,4.227,4.281167646548507,2,1
4.474449999999998,4.388567942737571,4.214505941028669,4.4108305,4.19068,4.701,4.484142692249338,2,1
4.2143,4.43830328878252,4.103498195359967,4.2659574,4.073166,4.706,4.329083452631762,2,1
4.557930000000004,4.759076337370707,4.379262235427282,3.5148358,3.781522,4.726,4.084044753471377,2,1
4.546940000000004,4.710681569783105,4.426839254059345,4.280553,4.257189,4.747,4.496250680610983,2,1
4.5399899999999995,4.504166638423322,4.435663416016574,4.6091223,4.522182,4.835,4.6625970352061215,2,1
4.698090000000003,5.299539946028568,4.385966565024589,4.9943523,5.184988,4.969,5.085567286973639,2,1
5.397250000000003,5.356814442924615,5.131469027516298,5.2135787,5.0596294,5.211,5.369996778992807,2,1
5.500189999999999,5.00622476789803,5.230342774199849,5.59094,5.7301292,5.331,5.646455769592906,2,1
4.607960000000003,4.731637896218713,5.268596961049849,5.2892723,5.3334603,5.384,5.151482509747189,2,1
5.334580000000001,5.192028691789414,5.1938584744167375,5.3443556,5.401291,5.463,5.451805184800366,2,1
4.852920000000003,4.7944115731991825,4.567822329605009,4.2856803,4.379568,5.496,4.619294033450603,2,1
5.154530000000002,4.997105211479668,4.620983073792454,3.7725947,3.9603791,5.613,4.430172787438261,2,1
5.183780000000001,4.948710443892066,4.659321360353747,4.5255775,4.5113206,5.635,4.862066772496915,2,1
4.330319999999999,5.110903745657497,4.305389083501645,5.894056,6.161175,5.741,5.526229096361574,2,1
5.344860000000002,5.514976418045539,3.9687930660127257,5.7242184,6.198826,5.76,5.800467252129552,2,1
5.251839999999999,4.900991778781002,5.352784810664327,5.36985,5.516385,5.787,5.426838456786575,2,1
5.554920000000001,5.432430355162518,5.4587935737456235,5.6429048,5.728426,5.796,5.732646156202807,2,1
5.988280000000003,6.309545269251609,5.751740245256793,6.658143,6.4917245,5.829,6.539338934755897,2,1
5.7611300000000005,5.514146155398485,5.24484844035544,4.921543,5.6305027,5.908,5.4684435542090695,2,1
5.797999999999997,5.676641174291924,5.812447012527502,6.000347,6.2594748,6.063,6.082943139335196,2,1
3.888629999999998,4.591910539378479,4.033376485195489,6.0492616,5.9293585,6.461,5.365392324397897,2,1
6.172710000000002,5.41296489575477,4.303715650239339,6.267061,5.576563,7.674,6.157368136649206,2,1
6.361040000000002,6.482882948238521,6.218338966288336,6.6141376,6.8422704,7.695,6.711338068988998,2,1
6.5173700000000006,6.4622464498788466,6.366023832788514,6.789553,6.9980593,7.966,6.859545749424753,2,1
7.344660000000012,7.256757957663765,4.984167032810458,7.2497635,7.081225,8.681,7.406985948965353,2,1
1.0716100000000004,1.0208184681590469,0.7445669167497209,0.7213842,0.56181765,0.009,0.7638450054517142,2,2
0.31603000000000037,0.6729778620367286,0.5513659449463058,0.36585987,0.11454898,0.033,0.30461924188030465,2,2
0.9582900000000001,0.8748585638116329,0.8920705538475897,0.37638122,0.14166625,0.108,0.43614573585032274,2,2
1.28087,1.3676281539663975,1.0296296115651904,0.72169375,0.7177939,0.32,0.9507985753065333,2,2
0.77951,0.7596962760738615,2.819935097897259,1.5076715,3.3657877,0.346,2.3299184836264306,2,2
0.42180999999999996,0.42478838331960656,0.5402644113316155,0.3896439,0.19177847,0.362,0.3056196456951812,2,2
0.85469,0.7847170947151818,0.9618379168026425,0.04303308,0.05006484,0.428,0.304234878254394,2,2
1.0901400000000003,0.8306805007904807,1.0886448120623848,0.043100774,0.07796433,0.45,0.35537163692887463,2,2
0.68405,0.5516484242903367,0.6950040038465488,0.46501225,0.20738351,0.458,0.3825602789980298,2,2
1.23627,0.9046470827256835,0.9675460337458996,0.88971394,0.81134343,0.599,0.9174117821024943,2,2
0.6342800000000001,0.759451470949615,0.7719238728950435,0.37978196,0.33641165,0.655,0.48241001245523263,2,2
1.5346899999999999,1.5875935963686385,1.4804380092740286,0.53076434,0.86729383,0.701,1.0815127855878748,2,2
3.69031,3.990866325159111,4.641673485672998,4.1503177,4.174418,0.712,4.217540684434269,2,2
1.1445599999999994,1.2400444961995636,2.228816398165154,1.0801429,0.8236652,0.735,1.0190104428630213,2,2
0.7860699999999996,0.7970106293816058,0.8031300062378914,0.7276006,0.69810325,0.766,0.7579798142123851,2,2
0.7070700000000002,0.7430186855535312,0.6575817688146719,0.7501009,0.723554,0.793,0.7545484987041251,2,2
1.7419099999999998,1.6103751137672568,1.5561248751777945,2.6846905,2.731719,0.888,2.455367417610328,2,2
0.8885699999999997,0.7478135032635441,0.5747107070146171,0.8603217,0.76342845,0.893,0.8136178232757754,2,2
1.6074900000000008,1.5737570790486421,1.8261508560864672,1.7419981,1.7828041,0.914,1.7703652377230723,2,2
1.414530000000001,1.6670596410750025,1.5272456324214718,1.217237,0.96960217,0.94,1.2457274417704176,2,2
0.8436700000000001,0.9719906299592089,1.0726871680637118,0.70653003,0.78825086,0.998,0.8502347979093461,2,2
2.13518,2.0613480624863865,1.6210181945519635,1.3310121,1.4108418,1.013,1.6721630472383948,2,2
0.9977699999999996,0.7957038098065184,0.8446098087806275,1.0131592,1.0357256,1.029,1.0086329113665886,2,2
1.6297300000000001,1.72786706409584,1.5019622894918379,1.2540519,1.2715572,1.097,1.4539742440827448,2,2
1.6141399999999992,1.6316484562315188,1.415964132879043,1.1178848,1.1417698,1.131,1.3387895524547513,2,2
1.6666600000000003,1.5592260639626128,1.4956908262463267,1.116123,1.0769511,1.158,1.292167278205616,2,2
1.052459999999999,1.1512723965014342,1.0159513571039036,1.2469767,1.1403404,1.191,1.1877530298655181,2,2
1.0790999999999997,1.043216279006923,1.691478675695045,1.3363715,1.3693213,1.201,1.305169958626978,2,2
1.6255699999999995,1.7641706636799055,1.5543550236335846,1.2714016,1.2728528,1.212,1.4650826002351425,2,2
1.1761999999999988,0.9216647808259067,1.0483587005975825,0.9225462,0.75784177,1.279,0.8903628096717798,2,2
1.6378400000000002,1.8955544013520078,1.443323786941614,1.1383443,1.0913178,1.279,1.3766466834952449,2,2
1.4101400000000004,1.5352803252986997,1.3008067428053354,1.0126477,1.2098097,1.289,1.31647640359815,2,2
1.5738600000000014,1.324076322814985,1.3535349124295375,1.1400089,1.1252406,1.303,1.2588567153273267,2,2
3.942449999999998,3.756792606897482,3.4401063311398454,2.6202319,2.00375,1.321,2.7707235887373236,2,2
1.1443500000000004,0.7800976125304526,1.6070318884062256,0.30202836,0.71950936,1.331,0.740668216499354,2,2
1.3530199999999997,1.3717282726598279,1.2577375255211902,1.5875978,1.6787119,1.333,1.616774649930993,2,2
1.6035699999999988,1.5531694020768616,1.5435022576382296,1.485155,1.584452,1.341,1.6178793622719785,2,2
1.8106899999999988,1.997729427952299,1.4845110912475312,1.3808202,1.7195708,1.352,1.799653630421163,2,2
1.7309599999999994,1.6487667924552991,1.7465355263700877,1.1493906,1.4948312,1.366,1.5537646756110999,2,2
1.7174200000000002,2.0132765553506586,1.7136294602447817,0.45287377,0.8115172,1.379,1.15556942543286,2,2
1.4245500000000002,1.4912088538273267,1.3411793026501233,1.2695566,1.3852245,1.389,1.4428324364344327,2,2
1.66344,1.6515798187759316,1.7074201090383085,1.1209227,1.0893644,1.39,1.3203230635724805,2,2
1.5552800000000007,1.7366864654529326,1.4211516797411288,1.4535476,1.2160733,1.391,1.4474257367959933,2,2
1.6290500000000003,1.6854100523436832,1.670624443441076,1.854974,1.6327554,1.43,1.732636665972703,2,2
1.81677,1.5380975159095176,1.605783451815658,1.4439723,1.4524206,1.434,1.5587964786865416,2,2
2.2204900000000007,2.068167515049982,2.7065558789501845,2.1111045,1.9469473,1.441,2.0941531083712226,2,2
1.6780800000000002,1.4195213285409054,1.63525255921277,1.4927901,1.59474,1.442,1.6023555447994215,2,2
1.7866500000000007,1.7623945040348186,1.7642595198470257,1.1399115,1.2457854,1.487,1.4474620569567698,2,2
1.6841299999999992,1.8344539417960173,1.660921652785716,1.5089263,1.7917681,1.501,1.8077788540402864,2,2
1.6474499999999994,1.854330233553415,1.5234296241253944,1.3815433,1.6302342,1.507,1.7005760866006536,2,2
1.89131,1.5526242688802214,1.5880830397363463,1.437822,1.2562753,1.529,1.4615561925246576,2,2
1.6239100000000013,1.580964649719737,1.3377256517175309,1.2233049,1.3190621,1.557,1.44145085868028,2,2
2.4351500000000006,2.3594724928106894,2.337639449307309,1.4257921,1.5472633,1.558,1.8612776706103344,2,2
1.6275000000000004,1.550174903486614,1.4635652686084553,1.5652362,1.4037755,1.577,1.532630285579555,2,2
1.6876500000000008,1.7466612034987035,2.045640523002871,1.9330472,1.5817959,1.581,1.73660375745123,2,2
1.1090500000000003,0.8910741426763689,0.6844364648304468,0.8808936,0.49814928,1.583,0.7274039666940209,2,2
1.6414599999999995,1.809888527727802,1.6051115195004777,1.5930752,1.3964988,1.586,1.593288535212105,2,2
2.0604799999999996,1.5033302445283212,2.6644109102745968,1.3147142,1.3695549,1.607,1.512302142540178,2,2
1.7000600000000003,1.4477970085180059,1.1903336843155334,1.4158376,1.3563527,1.614,1.4687677750061485,2,2
1.7060600000000008,1.6436183413590233,1.4732319866994785,1.7132137,1.588194,1.636,1.685726831773689,2,2
1.5952399999999995,1.3654671889293868,1.3921673572334483,1.1846436,1.3668298,1.643,1.4098462554993891,2,2
2.645839999999998,2.7181661162067083,2.5285797586554244,1.8436657,1.7047496,1.646,2.1145480674165538,2,2
1.697909999999999,1.9118605382115994,1.672116718130858,1.6805977,1.4772922,1.737,1.6799974667715245,2,2
1.7778499999999997,1.6769641639691608,1.7370802832662027,1.8002928,1.9138223,1.749,1.892813037214297,2,2
2.4837299999999995,2.4628183936747527,2.5505594070323934,2.0127194,2.6457515,1.777,2.580903865604443,2,2
1.6122399999999986,1.0953047349946103,1.4548501503594453,1.745459,1.8165627,1.785,1.6812852944279078,2,2
2.4622900000000003,2.3647227288216777,2.691649758459623,2.156337,2.434634,1.801,2.4619943425108435,2,2
3.762450000000004,3.613215640379,3.8617584583345246,4.310752,4.3201466,1.809,4.243611583900082,2,2
2.4661300000000006,2.633561036438977,2.137694892246305,1.3911406,1.4633534,1.838,1.875602092538856,2,2
1.5929899999999992,1.7073697777735104,1.6407987768159722,1.8336425,1.745823,1.871,1.7925913467443793,2,2
3.0527699999999998,2.5190534028231237,3.5149901863453756,1.7252996,2.3058863,1.873,2.425364704261773,2,2
1.8653699999999989,1.9070232253773611,1.961464730034613,1.9077368,1.8539945,1.913,1.9377657428145472,2,2
1.6841000000000006,1.7599421188809103,1.775254165398689,1.7388817,1.6606892,1.923,1.7534105223021832,2,2
1.8184400000000003,1.7280441406398785,1.888151166114869,1.8482273,1.8255315,1.931,1.867519980799996,2,2
2.56308,2.621140132047642,2.618879704561852,2.4970067,2.4067934,1.947,2.5669022512130164,2,2
1.8258300000000005,1.7019884718942828,1.8872962179966675,1.9278172,1.8241727,1.962,1.8735931799337062,2,2
1.77047,1.6587164983557539,1.8695156857457524,1.9554163,2.092027,1.987,2.0089471906407885,2,2
2.4436199999999997,2.3305699218135496,2.584797867496934,2.396392,2.4165828,1.99,2.478328928632126,2,2
1.4769699999999988,1.609889567854007,1.3583323660816693,1.4727404,1.1971349,2.001,1.4026792236808971,2,2
2.34372,2.4054239426435404,2.408735297924364,2.078857,2.1623356,2.003,2.297388270050962,2,2
1.674140000000001,1.4640159092297602,2.2168341964503955,2.130241,2.4403872,2.01,2.1717697646012013,2,2
2.029709999999999,1.950848655212127,2.0286964707791446,1.8698514,1.7459052,2.017,1.900424632297417,2,2
2.132889999999999,1.9786627747826566,2.2661567098096977,2.160519,2.282965,2.039,2.256216871493372,2,2
1.9970600000000005,1.8130050552986814,1.8699512067863064,1.9644341,2.113147,2.05,2.0813473840176764,2,2
1.9696699999999998,1.9216356451440562,2.029493794629806,2.2673876,2.1366217,2.055,2.1613884294741728,2,2
2.1146999999999996,2.03034864353901,2.1934709887604265,2.0734224,2.2053025,2.058,2.210304034685996,2,2
1.8940100000000002,1.8068676794003948,2.0344719223523278,1.892928,1.922465,2.084,1.9534684207687754,2,2
3.1489399999999996,2.5501137092083166,3.154017214541219,2.5686069,2.4837098,2.092,2.666875870318885,2,2
2.1487199999999986,2.0441018244109586,2.255903798490116,2.4347723,2.393733,2.098,2.3747133600101025,2,2
2.11412,2.074225863045403,2.211668122594988,2.2955897,2.2252097,2.114,2.264455668265794,2,2
1.9679499999999996,1.9015747345014427,1.920185087013753,2.0731514,1.9532253,2.118,2.026858554900714,2,2
2.205860000000001,2.329628556207289,2.206814595780214,2.2728844,2.2589228,2.153,2.34743324175543,2,2
3.383080000000001,3.743804760195715,3.9345066219678264,3.8824518,3.3768413,2.156,3.6504127309927927,2,2
1.8766100000000014,1.793953125325427,1.9058263806566602,2.2943516,2.331046,2.166,2.2331166653910453,2,2
2.2931300000000006,1.726832464568779,1.7852852312243002,1.2029073,0.8800456,2.166,1.302698529190337,2,2
2.0368499999999994,1.9074329099558867,2.091276734162132,2.0640397,2.082479,2.166,2.1051867109205227,2,2
1.91324,2.1930472622401544,2.0305075981518144,2.0694497,1.8662816,2.172,2.038871676220698,2,2
2.0611300000000017,1.7760626548292469,2.2176942536343685,2.1425855,2.2120337,2.204,2.1608600337961748,2,2
2.2683599999999995,1.4477752784292293,2.9920333479364296,1.6600349,2.0539694,2.211,1.9495202605087019,2,2
2.156749999999999,2.286598542475599,2.716164153741171,2.4608283,2.318875,2.212,2.3934650235646266,2,2
1.9591099999999995,2.3043086687396244,1.9956144406075818,1.5252621,1.6040713,2.214,1.8435407954367202,2,2
2.6775599999999997,2.7271929835938047,3.1036130455233946,2.208186,2.177498,2.23,2.434154201427071,2,2
1.9282,2.155642177521211,2.6314863527588734,1.8302741,1.7179799,2.265,1.9147215019449526,2,2
2.5088000000000013,2.280239118345695,2.8226466864530697,2.5913756,2.6877458,2.27,2.6519964970923633,2,2
2.6318099999999975,2.4748745909132635,2.4253780372666305,2.0119078,2.3091016,2.29,2.4147167501076914,2,2
2.686200000000001,2.250402407935517,2.574607687915339,2.710224,2.6595254,2.313,2.666682000665618,2,2
2.006009999999999,2.479129584685285,1.77374591742534,1.8868068,1.6189431,2.322,1.950685844678334,2,2
3.3382199999999993,3.571740574308661,3.190139760670481,3.360251,3.707397,2.323,3.70959584470887,2,2
2.3771199999999992,2.408253180925176,2.279973015327478,2.3762429,2.3885305,2.345,2.470381824362393,2,2
2.2450499999999995,1.975655950810546,2.2166291009156502,1.9957361,2.108973,2.362,2.147413469721731,2,2
1.9390499999999997,1.7800086781846,2.2388305557983355,2.3436897,2.212433,2.372,2.178982892256488,2,2
2.37092,2.388684237114103,2.375964160139664,2.9062843,3.1796842,2.426,2.978986657369109,2,2
2.24519,2.259451572924509,2.2488274353433937,2.3818998,2.3266776,2.472,2.3892762447844493,2,2
2.413,2.4518556593912733,2.389174342148519,2.676229,2.6453526,2.489,2.670099972084847,2,2
2.15416,2.184664968627527,2.043553153540039,2.2415853,2.4138472,2.52,2.3892771875437946,2,2
2.19396,2.1118122128830863,2.376235349719876,2.205736,2.3025556,2.526,2.310567160823289,2,2
2.2090900000000007,2.3165903242032764,2.4132883011258874,2.295193,2.1496809,2.535,2.2882119238642873,2,2
2.109799999999999,2.15979772381234,2.2595613992549595,2.1139908,2.2691665,2.547,2.2803048038947122,2,2
2.427810000000003,2.3195503687612873,2.510400705145462,2.5347936,2.7378488,2.573,2.671203729060052,2,2
2.708319999999999,2.619340274460489,2.76946628789188,2.4606073,2.3399394,2.574,2.5399967526472302,2,2
2.47622,2.259332214959359,2.3507618091370714,2.5332725,2.4138794,2.581,2.4847159070944436,2,2
2.169800000000001,2.2930800448629203,2.3730630777407273,1.9423491,2.1717367,2.586,2.237816331291884,2,2
2.4368099999999986,2.4414514369799796,2.618804074216323,2.5503254,2.4958234,2.602,2.5693519354087457,2,2
2.581840000000001,2.4871038349603833,2.020778552009067,2.9241273,2.726254,2.607,2.7778883307188056,2,2
2.5976099999999995,2.6979117451652685,2.676213785231045,2.5537512,2.2021794,2.621,2.4842695276370237,2,2
2.736260000000002,2.950668118329075,3.62401066883566,2.5355713,2.5637665,2.625,2.7523283903735845,2,2
2.360380000000001,2.3323209998736085,2.2717536011849813,2.3916662,2.399245,2.676,2.4595301150449997,2,2
2.3551799999999994,2.122272355319664,2.3204820699884365,2.7289913,2.7250679,2.686,2.640696324862407,2,2
1.9493899999999993,2.2593025254395287,2.338537686831884,2.5326967,2.5125248,2.701,2.481978132923351,2,2
3.2592500000000024,3.2033778245668882,3.268062043349127,3.1904774,3.2875862,2.702,3.361571293803892,2,2
2.505630000000001,2.5378151881442004,2.648566535427193,2.4357305,2.5316646,2.737,2.6011315807220745,2,2
2.8031300000000012,2.890649188860781,2.7012032478584134,2.570816,2.7401812,2.752,2.848016423658653,2,2
3.182990000000002,3.2402916143063774,3.7444353536053936,3.5719082,3.4206402,2.815,3.4919729047822963,2,2
3.2803700000000013,3.085118570256172,3.1049251853331556,3.2778206,2.9704282,2.82,3.176031177913763,2,2
2.6305000000000005,2.480242858169011,2.5662733442262584,2.8464003,2.6737518,2.831,2.7411012631183627,2,2
2.815350000000001,2.781723121010117,2.7181157657044865,2.6461418,2.7604465,2.864,2.847021743750037,2,2
2.6642200000000003,2.8959679551567676,2.8829057132159086,2.8356738,2.8001034,2.865,2.9068680946987016,2,2
2.959420000000003,2.8950039212163468,2.978404855670489,3.415192,3.8001108,2.895,3.5742306111888134,2,2
2.5795400000000006,2.683375556688851,2.982860089230946,3.0097847,2.8978083,2.901,2.92920944941692,2,2
2.809210000000001,2.5686122529865214,2.6688009251069773,2.760958,2.7800348,2.987,2.8259436715719595,2,2
2.8893400000000002,2.7947143470864964,3.4860121061835225,2.7859168,2.9690578,3.12,2.9934053028847165,2,2
2.5088299999999983,2.369825088927668,2.8635054415112844,2.4462888,2.6105773,3.13,2.608225657633695,2,2
2.958810000000001,2.82152517998082,3.034774721259149,3.0377398,2.980477,3.146,3.051022099946158,2,2
2.8046599999999984,2.8955655604322645,3.685398449260654,3.7606835,3.6316934,3.21,3.517069247013326,2,2
2.7488000000000006,2.6254870354098148,2.483817353872632,1.946262,2.6942117,3.213,2.6630380961196254,2,2
2.98355,2.5936251033697277,2.8364402706763943,3.2836506,3.074199,3.283,3.0902656156923416,2,2
3.4664500000000005,3.544993459301442,3.5562028602628892,3.6316512,3.5363777,3.284,3.6641938474128777,2,2
3.843240000000001,3.868987081818078,4.871243179997498,4.480053,4.579559,3.311,4.478164564708146,2,2
3.321430000000002,3.1205844254501507,3.2884247261998487,3.7590537,3.5999472,3.35,3.606194910650321,2,2
3.451719999999999,4.098749210762534,3.694067040984531,3.5301263,3.7481077,3.35,3.889318447117848,2,2
2.3131499999999994,2.5474544098794274,2.957067043909522,3.082305,2.9701116,3.369,2.9201944406925433,2,2
3.039529999999998,3.0677995263673243,2.6570978156725222,3.3134007,3.1374006,3.385,3.24311638472214,2,2
3.142679999999999,3.609180019660669,3.459953095823968,4.4602795,3.822673,3.46,3.925294374031213,2,2
2.9905500000000003,3.2239360048302905,3.335237108687453,3.3858917,3.4213245,3.507,3.4399897007839937,2,2
3.6348700000000007,3.6678170334011075,4.232349537664013,3.885364,3.9100008,3.513,3.953348822643199,2,2
3.717010000000002,3.562423382917676,3.492430979991478,3.7061815,3.5300744,3.522,3.702878367829345,2,2
3.9273299999999995,3.0044459364343847,4.09367659350048,4.1890035,4.064098,3.531,3.9643643435310225,2,2
3.345370000000001,3.3869404232544587,3.353323338040263,3.357146,3.3855033,3.629,3.49127449172606,2,2
3.173220000000001,3.3421407905946157,3.2088052875141475,3.0380201,3.1016972,3.667,3.2589160466514295,2,2
2.67628,1.9698215608029386,2.5111820488886405,3.3041396,2.9985552,3.692,2.87706174504171,2,2
4.182840000000002,4.441315802630276,3.805187197591149,4.188105,3.8265884,3.784,4.1876770706439865,2,2
2.52033,1.9387939006356214,2.386198327484867,3.516535,3.1309078,3.891,2.957706359063376,2,2
4.282430000000003,4.487269280397649,4.454090252185348,3.5974238,3.9707253,4.018,4.1993489227593415,2,2
3.1074500000000027,3.010309856719411,3.2831704077263244,3.4122984,3.8055818,4.019,3.618936316935932,2,2
3.9765700000000006,4.1368529348159475,4.316172429605258,4.6408806,4.552158,4.056,4.562443912325203,2,2
3.6829399999999985,3.4123696709833,3.630698306007975,3.9969804,3.9614205,4.073,3.9454908343598816,2,2
4.106639999999999,3.593115020053371,3.982134185372872,3.6738029,3.9868515,4.164,3.9976797459252156,2,2
4.111180000000001,3.5387155124933756,4.0506449105701465,3.5588117,3.781177,4.186,3.8556877033868813,2,2
4.11527,3.699703936351021,4.050319215877941,4.192881,4.240087,4.207,4.239658533446717,2,2
2.625609999999999,1.9525059338460642,2.397560555234709,3.591313,3.1650658,4.269,3.0021312172119266,2,2
4.473920000000004,4.098744521935075,4.2130478878937465,3.703296,3.6793787,4.28,3.9877503245800217,2,2
2.9205900000000007,3.7269776554754994,3.550247024266123,3.878867,4.037081,4.317,3.958564212174198,2,2
4.396180000000001,4.097396491333205,4.314405798437594,4.3604374,3.95209,4.387,4.227309894625355,2,2
3.261770000000002,3.5070193279067823,2.5895674513991294,3.5439594,3.5544145,4.44,3.6302551444240385,2,2
4.111829999999999,3.539088004502737,3.895225739879581,3.8317177,4.0864882,4.446,4.064342884653376,2,2
3.571589999999999,3.2929019175892593,3.8207542451665932,3.9794354,4.062767,4.453,3.9593525460739762,2,2
4.329659999999997,4.3453735114388765,3.9917689359494712,5.39044,5.308853,4.549,5.175581765245754,2,2
3.997000000000002,4.078408673734819,4.191125480297687,4.068631,4.13263,4.675,4.23528710048851,2,2
3.3267399999999996,3.179624082886975,3.4831563324756507,3.6937757,3.8377197,4.706,3.740877850325237,2,2
3.784650000000003,3.950463195825315,4.152082694018902,4.3890357,4.313711,4.724,4.330791601074734,2,2
4.895960000000003,4.418328686621029,4.570792024977504,4.334007,4.412848,4.857,4.602963671787927,2,2
3.9007200000000015,3.8982489441247363,4.198141129007366,4.553339,4.6697383,4.957,4.551490597419282,2,2
4.440450000000001,4.755363919570285,4.827341604468349,4.569296,4.9994187,4.991,4.987616470614025,2,2
5.77319,6.194498241676616,5.619649100591936,5.08775,5.0837946,5.084,5.582116835961234,2,2
5.491410000000001,5.7813677201439955,5.484784592475969,4.913713,5.2128453,5.179,5.50265966021634,2,2
4.534649999999998,4.1236787611358965,4.060584661873648,5.2776756,5.6738353,5.202,5.330736290097216,2,2
4.182389999999999,3.377560647695787,4.08527990002937,3.5619814,3.1812146,5.342,3.4979686540832713,2,2
5.661179999999999,5.39458189044576,5.390263223095495,5.2601757,5.4522614,5.347,5.616502571655493,2,2
3.8928099999999994,4.783407794156742,3.6475759887692742,4.7244625,4.756174,5.361,4.824732205034788,2,2
4.012320000000002,3.980161928876811,4.224720928345997,4.36294,4.782575,5.397,4.615486772166058,2,2
4.965720000000001,4.906490702870034,5.291820471012194,5.1356807,5.5660954,5.813,5.4745161305293815,2,2
5.593950000000004,5.538522160726096,5.52306838176707,5.3283024,5.6252146,5.999,5.747080757617451,2,2
5.080620000000004,4.895078051154107,5.613872898455828,5.5355144,5.608871,6.001,5.567761693674962,2,2
6.137700000000001,6.201008883813294,5.668650496004651,5.8989563,6.1536016,6.216,6.33170904862354,2,2
6.994870000000007,6.955479535122545,6.474286331897412,6.1404076,6.810108,6.255,6.99194013395646,2,2
4.541059999999999,4.630260463828526,4.48553383193587,5.3833604,5.534629,6.921,5.385905328304991,2,2
6.379470000000001,7.323131033686465,6.604740833136745,6.8513227,7.051262,7.085,7.248080624772657,2,2
5.790080000000001,6.659015810605806,5.713991689572181,6.337241,6.5531135,7.217,6.68324512615858,2,2
0.7669499999999999,0.8037033459547861,0.8780752026572018,0.012169968,-0.03398204,0.071,0.26120184726688767,2,3
1.3732099999999996,1.1118940869125835,1.3424253978293772,1.3172117,1.2879515,0.1,1.3189733645719222,2,3
0.9709899999999999,0.6903797722147499,0.8931828245413684,0.4506231,0.58297837,0.138,0.6234073366209033,2,3
1.5093399999999995,1.7092177364907055,1.597955465913902,0.810003,0.808989,0.243,1.1060883565219517,2,3
0.49473999999999996,0.8883475580002588,0.7774542972249336,0.29223296,0.5694811,0.331,0.5163806065169703,2,3
1.0294599999999996,0.9661433792714366,1.0831333069157845,1.084266,0.9989856,0.346,1.0631103542735587,2,3
1.575699999999999,1.6204097385267915,1.514176652432201,1.1280658,1.3561423,0.361,1.3820224937379155,2,3
0.77252,0.7963164214682045,0.8578800895474559,0.09120943,0.0027813166,0.417,0.3040134581783739,2,3
0.4741099999999999,0.48285276181660913,0.4716267183094782,0.23807189,0.28246573,0.447,0.3382411363047346,2,3
0.9923099999999997,0.8974044237409308,1.236424924566297,0.85047543,0.88118947,0.609,0.9142034713367645,2,3
2.1697799999999994,2.1761321261886,2.066562839357429,1.6050276,1.1940348,0.615,1.7329038959351701,2,3
0.6396799999999996,0.6048298872391823,1.3954323835935316,0.4120057,0.49998152,0.618,0.5182367937789139,2,3
0.8203700000000004,1.0507242625233701,0.9310084630055415,0.42480212,0.7020343,0.636,0.6878880751747245,2,3
0.8969,1.0184480330267653,0.6172517938063877,0.3143893,0.31138393,0.677,0.5415310239880546,2,3
1.44149,1.1517784263375554,1.2238884138650628,1.3766863,1.3200083,0.702,1.3705427924341373,2,3
1.0712400000000002,0.8840329499150882,1.6011787126081733,1.3782724,0.70107436,0.71,1.0981597560188914,2,3
1.7884400000000007,1.5726127004377675,2.063219010229951,1.8030819,1.871917,0.865,1.8302294123050304,2,3
1.2921900000000002,1.0035548335468458,1.0019199240791445,0.68480754,0.9448363,0.885,0.9268263953566682,2,3
0.9676300000000002,1.119946324945218,1.2957945047938624,1.001828,0.7296988,0.895,0.9744005233584421,2,3
1.5982800000000006,1.793591789271913,1.73822894917963,1.3266582,1.3450153,0.896,1.4982310720514627,2,3
1.9013300000000022,1.8389752066745082,2.6053084383692022,0.9852598,1.2057813,0.919,1.371137165381495,2,3
1.9949399999999995,2.037236747488629,1.984545721679759,1.6504406,1.3182213,0.938,1.7333116927406778,2,3
1.689629999999999,1.5345880087437438,1.7663139665664311,1.5310522,1.2886047,0.958,1.5356786800685283,2,3
1.3890699999999996,1.3099173766298846,1.26995243041003,1.167849,0.8364242,0.967,1.1728057346893295,2,3
0.8265299999999997,0.693655652781419,0.7195617800116434,0.7527518,0.85116166,0.973,0.8019550977916864,2,3
1.5423499999999999,1.4737974106319287,1.2065687871635085,1.2136508,1.1437767,0.995,1.3287573606531171,2,3
1.1757900000000003,1.1947307328761785,1.7645035920573235,0.5289478,0.49875283,0.998,0.7578822980535174,2,3
1.3882099999999995,1.59151411030698,1.5567844679244738,1.3252786,1.2279294,1.017,1.39670480073856,2,3
1.0194599999999994,1.2355853554817726,1.22944207287954,0.9963514,0.83996075,1.03,1.031067387797176,2,3
1.2945999999999998,1.484295089396237,1.221977486317515,0.9000001,0.88657427,1.031,1.0908144105578055,2,3
1.3824300000000003,1.6312885602994858,1.4659680335726768,1.4497777,1.2892976,1.067,1.4723044451881915,2,3
1.3471300000000002,1.7171994217316606,1.5066340491743622,1.0446806,1.1216946,1.098,1.266312244329793,2,3
1.2433799999999993,0.8831799199241932,1.3002913034853667,1.2171443,0.8984717,1.103,1.10958142453886,2,3
0.72917,0.7063929944554037,0.6550082942012043,0.7467765,0.8087475,1.105,0.7754202984181441,2,3
0.9163699999999992,0.7829122117076945,0.9241045702899136,0.9556487,1.009197,1.116,0.9605151398917818,2,3
1.6218799999999995,1.7554080286134535,1.651070404282475,1.2337734,1.364311,1.135,1.4607886833522237,2,3
1.8538199999999991,1.7810377670308073,1.85210601491834,1.4059442,1.479928,1.144,1.6049566883288713,2,3
1.2604800000000005,1.1601838520894843,1.4198629126769637,0.8614412,0.8378312,1.15,0.9965142004671179,2,3
1.6064300000000002,1.3754748524159477,1.246260411255337,1.2421799,1.1630752,1.153,1.3377397946834808,2,3
2.2572900000000002,2.0202716900824083,2.697229317132502,0.96239424,1.1019857,1.174,1.4212813376032558,2,3
1.1342100000000008,0.9047226268423614,1.0938711121581322,1.0038828,1.0722723,1.174,1.053673474255313,2,3
1.56331,1.56797053564009,1.4288869473382926,1.5943104,1.4790697,1.238,1.6006422062697585,2,3
1.3655499999999996,1.4900748090157665,1.6611091584619533,1.2115623,1.3042393,1.253,1.347140413502831,2,3
1.3953999999999995,1.3482907808329825,1.4855496505445722,1.3663253,1.3215067,1.271,1.395668646426588,2,3
3.1968700000000014,3.213004535347133,2.8237287515452945,1.8491707,1.8777397,1.286,2.368611106345842,2,3
1.58598,1.5868679424742498,1.4850294909848325,1.2447253,1.3172572,1.311,1.416208886362886,2,3
1.5577900000000005,1.6969223958455906,1.6604284230623665,1.4677386,1.5950043,1.327,1.6013549726071414,2,3
1.3330399999999998,1.263798686685139,1.2273229232429967,1.1253675,0.8435404,1.334,1.139720978279215,2,3
1.3028000000000008,1.5540607732066234,1.246574511955164,1.0129296,0.9443894,1.409,1.1682240055023518,2,3
1.6032899999999992,1.5841335070115654,1.5127045869237865,1.441965,1.4963095,1.419,1.5500301049476968,2,3
1.9880800000000007,1.9255710385379643,2.262452096114603,1.8157474,1.9528439,1.428,1.9529206913931607,2,3
0.9718799999999999,1.3037920207205844,0.7203771308499616,0.9979193,0.9204228,1.432,1.0587228289209127,2,3
1.7539399999999994,1.9053222729651131,2.0871490385391676,1.5047433,1.6494243,1.472,1.7000424217039665,2,3
1.3585099999999999,1.1918857118083408,1.4030883850930302,1.3057169,1.1239228,1.483,1.2822909521694812,2,3
2.7253200000000004,2.3812332966152865,2.88822161273217,1.4293765,1.2883723,1.511,1.8069287198656245,2,3
1.6393899999999997,1.7000864208362654,1.8550000620680351,1.506715,1.6867146,1.559,1.6556561350384782,2,3
1.7000799999999991,1.6516311610336893,1.5797339362183642,0.70486915,1.0346239,1.621,1.1411997188029679,2,3
1.8607399999999998,2.322176197560655,2.2302250650267794,1.5296766,1.8514805,1.643,1.8581706847197244,2,3
2.0737599999999996,1.7861193632623875,1.3454748898541657,0.728342,1.0000932,1.678,1.223724228946737,2,3
1.913589999999999,1.991660819129561,1.924611880469576,1.509395,1.5571592,1.686,1.7174109552826848,2,3
1.7622799999999992,2.18162817632745,1.6994759794856726,2.0116315,2.1096222,1.703,2.0905570692329043,2,3
2.0173999999999994,2.023358372317101,1.781308063221096,1.7672449,1.6988704,1.731,1.8863273760309682,2,3
2.1771099999999994,2.4800714551238237,2.2177795934493547,1.4787121,1.2677016,1.736,1.7564704357198486,2,3
2.3896199999999994,2.303057430567181,2.4093450141681183,2.1908288,2.1287901,1.747,2.289788489420097,2,3
1.49938,1.710533528697694,2.2661830604192397,1.499573,1.4759138,1.751,1.576210288089376,2,3
1.39877,1.6447036489158278,1.3312788994893463,0.84997,0.90723157,1.753,1.1207100657617446,2,3
1.6141400000000004,1.5674876119950887,1.6252540548946326,1.6452994,1.6774311,1.776,1.6834369137649354,2,3
1.8417999999999992,1.9794543272118226,1.9915713537720598,1.5295433,1.5196092,1.778,1.7025502903883534,2,3
2.157610000000001,2.4104614550704033,2.4423570650844133,2.0545702,2.208801,1.828,2.238080671377118,2,3
2.2774999999999985,2.3531135924258315,2.127691830909969,1.839774,1.889354,1.829,2.0688766358289588,2,3
2.305440000000001,2.4924906910263505,2.012509460466104,2.0646966,2.0583262,1.849,2.239441922305494,2,3
3.033090000000001,3.1596396380135596,3.132068708422377,2.8233874,2.5314555,1.873,2.9218164485383746,2,3
1.781039999999999,1.7661052242687294,1.9120049088083384,1.5245401,1.7408075,1.889,1.7116177430076123,2,3
1.7140799999999998,2.0151206126632757,2.157694743138065,1.2475713,1.6077406,1.905,1.5942410992830576,2,3
2.11774,2.1703167031114,2.0708106266593713,2.1151512,2.140946,1.937,2.1950694336301355,2,3
2.0850500000000003,2.0538645051816453,2.073500213815936,2.2689779,2.2645416,1.954,2.2670025761812918,2,3
1.9876600000000009,1.940806993377905,2.0190754679937557,1.9881638,1.7947273,1.966,1.9858021303641062,2,3
2.19521,2.3338783281299422,2.419934679877491,2.1485686,2.2493255,1.976,2.2803995552328296,2,3
1.8296699999999995,1.7358930114233542,1.9738207881924386,2.1585987,2.3697379,2.013,2.1511956180526326,2,3
2.062790000000001,2.332016129244954,2.7422966388549184,2.9303453,2.6364365,2.023,2.6945902589932365,2,3
2.1395799999999996,2.0490948737795747,2.072653865914589,1.8986064,1.9860618,2.053,2.042806348839213,2,3
1.8337400000000008,1.766585792285184,1.7750863525747196,2.2801938,1.9914424,2.061,2.10668318153743,2,3
1.860309999999999,1.944527183290377,1.8634998600767214,1.7610235,1.6484323,2.078,1.8315345498137454,2,3
2.107149999999999,2.0759605740106584,1.8809944545485657,2.0997236,1.9879191,2.09,2.1282507568372355,2,3
2.0927499999999988,1.7376508686141063,1.8348341193512283,2.014971,1.9468794,2.113,2.0169217630359983,2,3
1.6658499999999996,1.223906275602533,1.620783512891694,1.5694662,1.7789416,2.127,1.6235168564887914,2,3
2.82204,2.7266795419667385,2.297311908901627,2.0592687,2.1973224,2.138,2.396829804754183,2,3
1.6933599999999993,1.4596184978128965,2.323212520290475,2.184403,2.3428822,2.144,2.08315703337732,2,3
2.2193800000000006,2.308555168596699,2.277227897914136,2.0813313,1.966675,2.153,2.174711087965447,2,3
2.19759,2.1380575720285537,2.268903288699974,1.9504341,1.9416895,2.157,2.0779642980996176,2,3
1.7552499999999998,1.6882165130189248,1.4821886970267282,1.6915933,1.6282148,2.183,1.7335112970526687,2,3
1.9858799999999994,2.47614892606389,1.8896795982857153,2.3526938,2.077786,2.202,2.314449426999902,2,3
2.2836900000000004,2.3925850464529788,2.2525165934289904,2.3121004,2.2849228,2.203,2.383439219530727,2,3
1.9360699999999997,2.3201863948822594,2.22860469983163,1.377499,1.37257,2.217,1.6757250681906077,2,3
2.1324200000000015,2.0791574813267535,1.9333952843749633,2.3504777,2.250289,2.223,2.3094872578729992,2,3
1.7942400000000003,1.782096252140228,1.606941237702785,1.4160182,1.6147618,2.223,1.6366977909871063,2,3
1.6866999999999999,2.074980889062217,1.6087278706852637,1.5285177,2.0297923,2.232,1.8337177432507095,2,3
2.0964800000000015,1.6833998188433497,2.034336056619436,2.0465426,2.218452,2.235,2.094182345826103,2,3
2.13659,2.0597053313971116,2.237758767247639,2.20491,2.1658392,2.239,2.2222465949667836,2,3
2.269869999999999,2.180653991421093,2.302162212867749,1.6802766,1.6727648,2.239,1.9101150350747547,2,3
2.198540000000001,2.210032654789659,1.8887910506325547,2.1307032,1.9399109,2.244,2.1670269496029397,2,3
1.7837699999999983,1.8589232858473654,1.9064426775087728,1.7173147,1.8141191,2.281,1.8303469108133672,2,3
3.0556399999999995,2.9975000887176657,3.623647496161712,2.43194,2.4931874,2.282,2.7197349962458195,2,3
1.8757900000000003,1.9073303714647052,1.6448452102511133,2.0743537,2.0699866,2.297,2.073261774490493,2,3
2.2514399999999988,2.011515329442139,2.2317237830388064,2.395378,2.242901,2.303,2.3322324908514904,2,3
4.2438,4.243898925578067,3.496237512078668,2.2531016,1.7069106,2.328,2.8430096122844537,2,3
1.8015800000000004,2.149270748959695,2.5729815112193517,1.7975029,1.7105932,2.332,1.892408988471818,2,3
1.894310000000001,2.767722532782295,2.240203677692593,2.037402,2.5195384,2.363,2.3401637844854495,2,3
2.1976799999999987,2.1305990274848043,2.25886890326066,2.3415177,2.15634,2.363,2.2997845742083047,2,3
2.3093200000000005,2.513494461351879,2.2428976899286903,2.3287175,2.353837,2.404,2.4352343538634207,2,3
2.10737,2.0709733345282277,2.005921506604346,1.7646246,1.9954734,2.436,1.9878412478792966,2,3
2.4075200000000008,2.3672400496930925,2.300430982753717,2.2891293,2.259253,2.442,2.3810923933599226,2,3
2.3879099999999975,2.2668221393772536,2.3210827215901526,1.9952564,2.133226,2.457,2.2014370770915175,2,3
1.9680800000000005,2.9613593371717566,2.3638361438804285,2.1847007,2.6165419,2.486,2.4754988530037876,2,3
2.7016900000000015,2.6592071507712594,2.7899597200194135,2.6662767,2.5232775,2.516,2.710451059048629,2,3
2.39991,2.0569524962647923,2.2969209202809817,2.5998147,2.483307,2.535,2.5145971338967086,2,3
2.3860700000000015,2.2325430043180563,2.280278209483721,2.3802307,2.2506046,2.549,2.3891806446990893,2,3
4.18987,3.4749356421081705,3.9501250170368065,2.7352703,2.7074702,2.567,3.1671666986576956,2,3
3.354039999999998,3.4619078166293074,3.404676270325721,3.3647454,3.1841216,2.598,3.4314856290852087,2,3
2.595590000000001,2.719600326748484,2.264735020330506,2.3634436,2.1224465,2.601,2.4691526100451444,2,3
2.750840000000001,2.7087628812241595,3.052825335799341,2.6439056,2.6620147,2.622,2.7551023390988454,2,3
2.9430899999999998,3.0352887852808648,2.821291923567684,2.661061,2.6967683,2.622,2.8612284793057263,2,3
2.5988500000000005,2.442081440995114,2.6204790774787705,2.8478837,2.6437511,2.651,2.7640200378530984,2,3
1.9755499999999995,1.8862325482856597,2.1032695486240605,2.172807,2.5332508,2.664,2.251335786498308,2,3
2.4550100000000024,2.614348429711515,2.7347296701726744,2.312084,2.4166334,2.682,2.486015768707147,2,3
2.22392,2.066806243366539,1.905125084600177,2.038434,1.8834414,2.715,2.090333638271655,2,3
2.403430000000001,2.2101657424908963,2.3964959290752685,2.7598138,2.5122585,2.746,2.6187333004703386,2,3
2.969509999999998,3.0830971667490226,3.138861387846735,2.7157571,2.747943,2.831,2.9109927805137445,2,3
2.61052,2.218667264848453,2.290911512837528,1.2165724,1.558948,2.832,1.7426140590163945,2,3
2.8451199999999988,2.689781539721989,2.939795430882495,3.2428048,3.123236,2.868,3.1435931653156706,2,3
3.064439999999997,3.2375095262781914,3.374516450236102,3.2657373,3.2976272,2.89,3.334703628514455,2,3
2.9086099999999995,2.7115872220002313,2.530492354354579,2.9211733,2.776308,2.891,2.9277649729141957,2,3
3.910729999999999,3.9897713901257252,3.8319467800769376,2.5561035,2.985524,2.93,3.2185512475470617,2,3
2.6197399999999997,2.6785126453433543,2.9383853759968224,2.0635688,1.8570547,2.957,2.2669414769860587,2,3
2.711830000000002,2.583379514139651,2.8631468667642355,2.9320185,2.95022,2.985,2.9256049768608023,2,3
3.1107299999999993,3.147783367338853,2.8307112491787407,3.1580906,3.328395,3.052,3.2881131632770977,2,3
3.2981899999999995,3.247954307249088,3.161553909919589,3.189816,3.162331,3.076,3.303792431056883,2,3
4.078469999999999,4.744932746379737,4.94395084820661,4.33133,4.28868,3.112,4.485000698972925,2,3
2.911559999999999,2.485207602927279,2.7808890080876596,3.059465,2.9621065,3.122,2.995163013503438,2,3
2.7770000000000006,2.6411062031355907,2.9220156834588833,3.1293342,3.0594687,3.123,3.0590571375481748,2,3
3.0434499999999995,3.230580011754835,2.901443531437752,2.4451983,2.0346053,3.167,2.642519427639939,2,3
2.9524599999999994,2.79674926312167,2.87012030467046,3.0563352,3.1171706,3.19,3.099286524920382,2,3
3.143860000000002,2.9785614114297645,2.082486574357576,3.6446695,3.0380716,3.209,3.3892157654519104,2,3
2.8421900000000027,2.4824027010694,2.1375891067154025,3.7079487,3.115908,3.243,3.2995187473253296,2,3
3.4708899999999976,3.3713821530934545,3.376812522672659,3.2438786,3.360709,3.259,3.4293377393859927,2,3
3.582190000000001,3.535375167461876,3.8903980885327734,4.203225,4.493343,3.277,4.187670463893781,2,3
3.7159199999999997,3.571191148447243,3.757502114173706,3.7051263,3.4359972,3.344,3.718785968081682,2,3
3.5197200000000013,3.2034614120293075,3.329358292883982,3.5218499,3.5915825,3.435,3.5856927929857383,2,3
3.40329,3.612644100704004,3.492727255139859,3.6937773,3.8426564,3.528,3.7835802532687253,2,3
3.3176099999999993,3.455659400667207,3.269083022931989,2.9505825,2.996852,3.547,3.199225492870488,2,3
3.173160000000001,3.440052722645618,2.928517771542559,3.3202558,2.6154478,3.55,3.2274281314626836,2,3
2.800720000000002,2.482790137962517,2.904042767852873,3.1523848,3.2139418,3.613,3.085012229014361,2,3
4.35471,4.323625689003933,3.6325197131985534,3.6889703,3.3694453,3.685,3.9301800003956577,2,3
3.304260000000001,4.1683335717301,3.98420960204262,3.929292,3.7553806,3.8,3.9465822252061167,2,3
3.6523200000000005,3.5213302750831357,3.898438790834118,4.1122684,4.644711,3.808,4.198268203041515,2,3
3.5997399999999993,3.770618881725903,3.916198614207824,3.9518156,3.6459703,3.814,3.8986085629120897,2,3
4.45054,3.9404872431040574,4.3615316049093265,4.475321,4.360811,3.844,4.474259282411113,2,3
3.217169999999998,3.0030749195419477,3.2128289179396017,2.6279993,2.7332594,3.881,2.8931357751360824,2,3
3.2309199999999993,3.189305047105798,3.2634825531709217,3.6726673,3.808849,3.906,3.6612708615830054,2,3
3.9916600000000027,3.7259149747919467,3.939554738918301,3.9697027,4.0549874,3.936,4.068369873214409,2,3
3.463659999999999,3.6934795392883504,3.6740487870316567,4.0087066,3.9587097,4.074,3.972073461094552,2,3
4.300050000000001,4.404341997714564,4.987525367624755,4.55779,4.5645695,4.083,4.62642282618175,2,3
4.687129999999999,4.68893844504673,4.452613959601618,5.4850903,4.7855053,4.238,5.189426999010664,2,3
4.084249999999998,3.989026985203531,4.372410907096284,5.153785,5.076422,4.521,4.906988666356878,2,3
4.111400000000003,4.441913782875056,4.5638620824977,4.47038,4.451837,4.562,4.537094337372222,2,3
3.0288799999999996,2.928834372928468,3.4686083880492626,3.8149745,3.0611095,4.606,3.4406379003460343,2,3
4.6910500000000015,4.798212924461462,4.41160831037529,4.5919847,4.457638,4.609,4.744295908642033,2,3
2.19501,2.7999122366122786,2.0920083159037515,2.2557263,1.8759477,4.689,2.310551834263921,2,3
3.268209999999999,3.3057634186307485,4.388832031114856,3.9618022,4.2349906,4.702,3.9256211327412576,2,3
4.335579999999998,4.490047783847237,3.798552770644367,4.9812737,4.739532,4.792,4.87377739715401,2,3
5.078609999999999,4.8071405074297555,5.3288982234744005,4.907183,4.650219,4.8,4.990414286678503,2,3
3.9256399999999996,3.749160768936469,3.712777481344486,4.0210724,3.165987,4.827,3.844187654623467,2,3
3.5479999999999983,3.5327230434321106,4.111197534439273,4.4338026,4.460555,4.992,4.270505711041461,2,3
4.588739999999999,4.25301253076673,4.580967876574995,4.753905,4.775314,5.087,4.78252372944413,2,3
5.140449999999994,5.499581581856092,5.128360058677101,5.96261,5.613323,5.091,5.833207596369383,2,3
4.07566,3.9879925339578253,4.320229107423961,5.5074196,5.4840617,5.121,5.1649542707995355,2,3
5.588469999999996,5.144993419806645,5.41547771641458,5.6902847,5.5591626,5.132,5.706871322715015,2,3
5.24444,5.2348934381761145,4.845479871671744,5.188381,4.734475,5.176,5.236033931285498,2,3
5.48031,5.711249314152851,5.457172598891169,6.0222263,5.642419,5.225,5.957204933003746,2,3
5.3943800000000035,5.454547946494179,5.406275402697713,4.572385,4.7068253,5.286,5.0316921689166945,2,3
5.401349999999996,5.072363328460734,5.029840185217568,5.237754,5.2773113,5.379,5.397587568707162,2,3
5.025610000000001,5.247656869281218,5.028328590415162,5.358919,5.5435686,5.447,5.495414858824849,2,3
4.876490000000001,4.6427371619764,4.76561262462146,5.115987,4.6275506,5.485,5.011324980059067,2,3
5.248099999999998,5.293575474316418,5.240343997702373,5.4320583,5.3437777,5.487,5.514862893262061,2,3
5.753029999999999,5.212171486179692,5.271087236331548,5.5518055,5.6250887,5.694,5.70371569972235,2,3
5.126109999999996,5.208334389404538,5.218437538954633,5.713488,6.175753,5.741,5.824061115935199,2,3
5.319569999999998,5.22475113006771,5.210764391810165,5.544115,5.6124763,5.856,5.633035475324123,2,3
5.0867999999999975,5.23558995687187,5.165064418172672,5.7186437,5.5866995,5.932,5.666175317110349,2,3
5.1175099999999984,5.166626623090924,5.062561984984065,5.7682867,6.2297406,5.946,5.85280031114586,2,3
5.5242199999999935,5.710306731899552,5.547869649711448,6.6602707,6.435665,5.989,6.447499080962867,2,3
5.600179999999995,5.702117880852174,5.686543911951356,6.5992947,6.5097427,6.093,6.451861311189402,2,3
5.338130000000002,4.423466825216345,3.8191619798156955,3.8711116,4.0765333,6.116,4.366939235181203,2,3
4.013299999999998,4.207104698717487,5.0301719967971525,5.4120765,4.622809,6.247,4.922878218761569,2,3
5.014439999999999,5.161502071254259,5.560331802330335,6.50656,6.777875,6.767,6.295985353125856,2,3
6.229170000000002,5.580301582565436,4.339091004286643,5.8468823,5.4383054,6.986,5.918533316020193,2,3
5.7495800000000035,4.95657491842086,5.430527033160375,4.775873,4.8233194,7.004,5.111864978220105,2,3
4.844709999999999,5.956224761279728,4.954719706048249,6.4504356,6.6027336,8.005,6.345210013319522,2,3
8.096140000000002,8.245937443362804,5.386932027321778,7.953251,7.4480724,8.85,8.127214324032986,2,3
1.4205799999999993,1.263511535369946,1.0438158336632672,0.7605497,0.7395627,0.069,1.0626018579816743,2,4
3.1654700000000013,3.0911741783297657,3.2644249271832777,2.5402367,2.664901,0.085,2.9384027928050034,2,4
0.8039099999999997,0.7384030542897339,0.5575213533967611,0.8413391,0.76456845,0.086,0.7939793023941151,2,4
0.5909999999999996,0.6584720861959961,0.8636198871040075,0.2526722,0.14034249,0.142,0.42207057422681465,2,4
0.7736400000000003,0.8076280908820658,0.6159936167455338,0.51960236,0.5405427,0.158,0.6821293346034885,2,4
0.30140999999999996,0.29138333212764006,0.8491230625482373,-0.08663138,0.22124432,0.228,0.2089813993282208,2,4
1.3973299999999995,0.9349963276448725,1.7712950327514227,0.77557236,1.2248507,0.372,1.1047537903993607,2,4
0.30341999999999997,0.4090779580770459,0.5240663842200197,-0.13718724,-0.316508,0.406,0.06846156771127022,2,4
0.3027800000000001,0.10294290557776448,0.5618680883605718,-0.01744128,0.22754999,0.51,0.1600446689291155,2,4
0.7578799999999997,0.7099053863286257,0.7884562243515103,0.69713485,0.85600084,0.717,0.778933165307432,2,4
0.9607000000000002,0.9493154811356489,1.0459817225826433,0.7528655,0.85379523,0.759,0.9066495234495033,2,4
1.5047099999999995,1.5042006258731668,1.078336405908006,0.5692403,0.5300166,0.801,1.0580348350641744,2,4
1.2949800000000005,1.438608200294161,1.6498902795994963,1.2975972,1.3551414,0.823,1.392203001488349,2,4
1.77008,1.4491937545170435,1.550648545091942,1.236358,1.2426047,0.865,1.436365855948209,2,4
1.6647,1.5580343369597849,1.7967882376795277,1.3530226,1.4915315,0.87,1.5542638655003698,2,4
0.978809999999999,0.756671421601803,0.8760142139983191,0.8933862,0.99801487,0.876,0.9162772769216148,2,4
1.1412099999999996,1.420658053918216,1.2859316266234053,0.48450586,0.5336932,0.889,0.9486315198660167,2,4
1.924579999999999,1.5871638159445791,2.216810382437936,1.2085888,1.1696589,0.983,1.4832006946631948,2,4
1.5202100000000007,1.7666135125834983,2.0221077593590944,1.513033,1.4472003,0.997,1.612975123522245,2,4
1.9244899999999996,2.1262715851946044,2.016739770528978,1.7247667,1.6468174,1.09,1.9110907876596306,2,4
1.92761,2.0383959596310874,1.7823023596533163,1.656901,1.6673715,1.138,1.8762279278671514,2,4
1.7506400000000013,2.014978258455233,2.291985399633141,2.1514943,2.1974733,1.147,2.0942862215323585,2,4
1.0643500000000004,1.0468777979297483,0.9252965727735878,1.1052895,1.2076485,1.157,1.1353890266251012,2,4
1.2766300000000008,1.1689964723979513,1.412242058059944,0.9052508,1.1098906,1.165,1.1484269698291685,2,4
1.2678000000000003,1.14857068378827,0.9491122984881863,1.3271455,1.4437996,1.18,1.3227469995421137,2,4
1.1806699999999999,1.3330018966280084,1.1157000507115828,1.1880229,0.7728644,1.194,1.129854699328552,2,4
1.3806300000000002,1.7204676035752324,1.5800895696247719,0.9736573,1.0823141,1.201,1.3576527020756495,2,4
1.4009099999999999,1.5752098423792407,1.5573947122371896,1.3705473,1.4187123,1.231,1.491396104268394,2,4
1.728059999999999,1.3197823307762975,1.3709155203630432,1.5887016,1.3776162,1.234,1.4916837241525172,2,4
2.283179999999999,2.4969123379114975,2.397899891555215,1.4019498,1.3660964,1.243,1.954568926103715,2,4
1.7814699999999994,1.8314476627964098,2.0908560989672926,1.4431804,1.5531759,1.324,1.7042161063935828,2,4
1.112239999999999,0.9957533660135299,1.0614945950071764,1.1673226,1.2097481,1.326,1.1388221298223071,2,4
1.6918099999999994,1.5906052934325643,1.6113078565340146,1.3643125,1.3402704,1.351,1.524065335345944,2,4
0.7699699999999997,1.001155564437245,0.7560995195415443,0.661226,1.0594375,1.379,0.938044025996668,2,4
3.4585999999999983,2.8677459413211492,1.577085513383262,0.8882124,0.9864412,1.39,2.0825336824653684,2,4
1.3925599999999994,1.8025666278720722,1.2619612280394932,1.1553954,1.1497315,1.411,1.4420028960213296,2,4
1.5455800000000017,1.871017823205956,2.0880491471269775,1.9369104,2.0878623,1.413,1.934020470978735,2,4
1.554290000000001,1.654663795124112,2.551422832608068,2.334736,2.4786174,1.475,2.0590995835588997,2,4
1.57406,1.6486126090208584,1.4646348733582872,1.427724,1.2905086,1.484,1.5175785196984632,2,4
1.96783,1.981394151199937,1.7797560813916513,1.7931145,1.6625861,1.501,1.8874861432821022,2,4
1.6452099999999996,1.7180934278328757,1.7979701823020935,1.5725566,1.7056373,1.503,1.7128168579410246,2,4
1.8769700000000007,2.0182436269935966,1.734845459095547,1.6355032,1.5855467,1.541,1.830106861984306,2,4
2.1810499999999986,2.076112622108818,1.852081052784732,1.672189,1.5830699,1.545,1.9115661032308264,2,4
1.7873399999999993,1.7009196595677314,1.8994922832715886,1.7860655,1.6831551,1.55,1.7646659920531431,2,4
1.4952499999999995,1.1882379727937937,1.499331532277676,1.408197,1.3341497,1.561,1.3577681906793353,2,4
2.0241800000000008,1.696170576140055,1.5812829338716485,1.5488719,1.4987915,1.564,1.704981036352922,2,4
1.4031300000000002,1.6891677131894314,1.612046589696301,1.2514628,1.3631645,1.585,1.4910725659750377,2,4
0.9225799999999995,0.9522275568009707,0.758466643722671,0.84135777,0.8208706,1.595,0.9061178212344903,2,4
1.692869999999998,1.6542850256791626,1.5113184369958597,1.3034863,1.438969,1.621,1.5662719782984094,2,4
1.46984,1.7204676035752324,1.651079564209891,1.3056798,1.5149348,1.63,1.572175550313561,2,4
1.5193600000000007,1.6689750567451362,1.4215834397550715,1.4684458,1.3845855,1.672,1.5517609395195033,2,4
1.845209999999999,1.6930966946626786,2.2652434050502297,1.5877042,1.4808829,1.7,1.6722704137553461,2,4
1.46922,1.3719709646661848,1.6255564224642147,1.6138848,1.9215208,1.703,1.6396854710517454,2,4
4.140689999999999,4.482055406490803,3.3750494571116207,3.7142766,3.9157531,1.718,4.199909465689739,2,4
1.5456100000000006,1.6986289694054768,1.6095593619460886,1.4195989,1.423674,1.729,1.5702567795665254,2,4
1.9955200000000013,2.141706626096543,2.7496652757875295,1.9481571,1.7565238,1.731,2.004817945667624,2,4
1.8645599999999993,1.571058963903935,1.2177345582910037,1.2503268,1.3947855,1.731,1.5460594849669786,2,4
2.2653700000000003,2.1284662526257843,1.7620082638501495,1.4100919,1.3737859,1.751,1.8306244561824645,2,4
2.6584500000000006,2.6207390813358757,3.1703607502880193,3.5864866,2.7262533,1.771,2.8947645058626397,2,4
4.03286,4.030116381803626,3.3613388712268524,3.0830889,3.536218,1.772,3.7919360947256937,2,4
2.85685,2.8352622660815308,2.9901430352536287,2.9810793,2.5916688,1.778,2.8513942950086655,2,4
1.4973999999999996,1.2812685251615326,1.6074688879477,1.8174701,1.778342,1.787,1.6053725927634823,2,4
1.7246899999999996,1.4270415126299532,1.5400198301785726,1.6843501,1.8238032,1.829,1.686970215736966,2,4
3.4477400000000022,3.6483803194117455,3.3776285714496215,2.9517767,3.0997052,1.831,3.3920085168275946,2,4
2.1299800000000007,2.127496665870648,2.117851256362572,2.4167588,2.202731,1.835,2.251922593913529,2,4
2.8128800000000003,2.7667046933709494,2.5870490292292123,1.3763558,1.807801,1.848,2.279694286752741,2,4
2.1061199999999998,2.1707110874087636,2.184364372265315,2.0337806,2.1316855,1.858,2.1701774226310784,2,4
1.7520199999999995,1.864343276090109,2.0387642969477646,2.1268377,1.999394,1.863,1.9759563569406526,2,4
1.8597400000000002,1.6451627509377373,1.6794020528368436,1.4156246,1.5987886,1.903,1.6652144753684595,2,4
1.7471700000000001,1.459350448196001,1.943221420651905,1.7005006,1.6643183,1.907,1.6540858910374066,2,4
1.7582799999999998,1.5791408687976711,2.6472169988878798,2.6371646,2.0965116,1.909,2.0039905175570496,2,4
4.32935,4.355458393796905,3.110088020250658,5.0633106,3.9333348,1.917,4.44157905899755,2,4
1.9997799999999994,2.07135914388324,1.9717666509265868,2.1059935,1.9719231,1.963,2.0790861796014646,2,4
2.40108,2.333161712005026,2.24693389141531,1.8865336,1.8117286,2.003,2.1507635729827093,2,4
1.8746300000000002,1.9115491741928665,1.7402400067256503,1.778534,1.8105329,2.006,1.8912473657562996,2,4
1.8096200000000002,2.0499538143249736,1.9206372858633944,1.4607884,1.3405517,2.023,1.7186509594143422,2,4
2.0850999999999997,2.040637089698582,2.034978178680523,2.1129363,2.110106,2.038,2.1297584070856903,2,4
1.8315499999999993,1.5849814968124114,1.513354341499045,1.8846128,1.7615234,2.048,1.7764407461659881,2,4
2.2343999999999986,2.23177720860106,2.9949874406326527,2.3782892,2.7155316,2.083,2.4630497017878126,2,4
1.5669799999999992,1.7010153025543802,1.6021912477028586,1.5095241,1.789893,2.122,1.7080957302667308,2,4
2.2291600000000007,2.2137318495768046,2.2730720000666063,2.1991494,2.2858906,2.203,2.286514470668147,2,4
2.194720000000001,2.166916267025467,2.0931152350227666,2.317877,2.2179973,2.214,2.264161922070602,2,4
3.222869999999999,2.639791744080376,3.3445836273704477,2.4105213,2.299207,2.24,2.6562234069630186,2,4
2.0703899999999997,2.126200564442096,2.0900322467006522,2.205835,1.9104271,2.255,2.109092955813912,2,4
2.1602099999999997,2.1905858569506593,2.2421481323584063,2.4112492,2.2049134,2.269,2.2785266709829957,2,4
2.84108,2.4143621037206553,3.3921431640276634,2.8985403,3.166146,2.302,2.874483127459145,2,4
2.00246,2.0762283081005664,2.1417613625126615,2.0395622,2.059057,2.313,2.0970016009049983,2,4
2.215710000000001,2.095611035332887,2.237078357810039,2.3037536,2.3200898,2.315,2.273930436649086,2,4
2.1494800000000005,2.092686642390619,2.0776469757304645,2.0848367,2.2923775,2.321,2.2122834977866197,2,4
2.0794299999999986,2.113656186723511,2.1482902511669786,2.206631,2.1275756,2.348,2.175930583851929,2,4
2.0229,2.1089958237538684,2.137131041320365,2.1893485,2.32648,2.35,2.2242583529184117,2,4
2.2600199999999995,2.2925954530611183,2.3645782732368543,1.9175764,1.8783619,2.354,2.137921066775712,2,4
1.6680399999999995,1.6881809214214754,2.1063854009884544,2.289703,2.3464706,2.441,2.041095163216538,2,4
2.2683400000000016,2.0951187141278393,2.119759158053686,2.017403,2.1144593,2.442,2.1660555365421033,2,4
2.3959499999999987,2.583789394859292,2.3365502179857485,2.488126,2.6996448,2.455,2.6266615722305646,2,4
2.2097400000000005,2.2143569362995574,2.2171879192761494,1.9273217,1.9473119,2.458,2.1259563315121675,2,4
2.606339999999999,2.777560292654148,2.8560176074825074,2.7354467,2.6796625,2.462,2.769336655293567,2,4
1.5994,1.7101535137928034,2.5373031224074944,2.0410674,2.2180896,2.467,1.9499326391613685,2,4
2.544200000000001,2.444851200129037,2.467127757045754,2.4858122,2.7015584,2.473,2.6071951368959105,2,4
2.3976799999999994,2.6643123226772474,2.5972661473863012,2.6272392,2.6731555,2.476,2.670930469955156,2,4
3.2700399999999985,3.0600395438623025,2.4052587947092166,2.2896905,2.3360355,2.495,2.7969063170080295,2,4
2.258240000000001,2.1060818600296103,2.1067571261621283,2.4958785,2.3136613,2.498,2.318022561605147,2,4
2.7875799999999993,3.0371705761413867,2.661711044329211,2.5854414,2.5758557,2.525,2.830269543031643,2,4
2.729040000000002,2.617002146799143,2.701393757801858,2.5515127,2.5725691,2.556,2.6702149921362066,2,4
2.4774300000000005,2.272379654158553,2.4857347996277364,2.7120297,2.5837147,2.572,2.539909731796788,2,4
2.8280000000000016,2.709718564370771,3.078542969369067,2.8402348,2.9762855,2.579,2.9008311354199674,2,4
1.8371799999999991,2.1772102003247977,2.7399572956322773,2.033482,2.2819576,2.585,2.1706904048611886,2,4
2.246840000000001,2.0333746266449353,2.489707568310303,2.6881425,2.6682255,2.586,2.439229039947732,2,4
2.5588300000000004,2.4155531469168303,1.8986030171370705,1.9641196,2.2524319,2.6,2.3623186400141494,2,4
4.1642600000000005,4.196514489534363,2.647776960371555,2.8300424,2.9036596,2.606,3.6248502421762114,2,4
2.6689899999999995,2.397488467416741,2.7822474089689657,3.182811,2.1408775,2.658,2.5614416386913406,2,4
5.45513,5.863215410696811,5.3614825227769884,4.8376036,4.343799,2.673,5.249001264465075,2,4
2.867030000000001,2.6850668792095393,2.8077278082719292,2.6570237,2.6910636,2.68,2.7755535112665464,2,4
5.572750000000002,5.889843603836956,5.643706570128272,4.89994,4.571013,2.692,5.363442770346104,2,4
2.9020500000000005,2.7121330120205593,3.280010137573376,2.8467126,2.6560614,2.707,2.8143174802332322,2,4
2.231240000000002,2.1251543098078853,2.21729484608187,2.4793074,2.4429305,2.722,2.3577334131618786,2,4
2.2597599999999995,2.152277477901181,2.4594782566240596,2.079485,2.2024124,2.729,2.223092086445681,2,4
1.8394299999999995,1.7408036442919745,2.4274155020778196,1.9164907,2.1793048,2.732,1.9696218856970045,2,4
2.699450000000001,2.1543120499510895,2.7041422071215697,3.1731377,3.0046086,2.732,2.7586023971263183,2,4
2.4090799999999994,2.454906783336792,2.8164272342243315,3.133538,3.0979896,2.736,2.829353396716418,2,4
2.0047999999999995,1.7858925292738614,1.7643646054368316,2.4899688,2.4700725,2.787,2.2118672312835064,2,4
2.5918100000000006,3.230912370639996,3.22195787091112,3.087611,3.1782098,2.789,3.1427133193498094,2,4
2.926570000000002,2.923948165022155,3.0158068424061293,3.0188165,3.085314,2.811,3.058531365983683,2,4
2.5693299999999994,2.467812441304517,2.3969534079733608,2.5205004,2.5654912,2.821,2.582462759395551,2,4
3.0929599999999984,3.320398303326508,3.2236036391711216,2.7416966,2.9263358,2.827,3.1223991025401414,2,4
2.7249099999999995,2.8341501700501954,2.7356911040921474,3.034961,2.977073,2.829,2.959392730435993,2,4
2.7882900000000013,2.5880392023421304,2.874698719057999,2.891452,3.017521,2.829,2.874788490934272,2,4
2.7312699999999994,2.469949469469955,2.694349640279594,2.6970952,2.7448897,2.83,2.702212453414201,2,4
2.8005999999999984,2.7825467678231743,2.9118329289955405,2.7721908,2.8703918,2.834,2.874316057663129,2,4
2.6590999999999996,3.046536144406997,3.0236370735671985,2.7847452,2.7687962,2.844,2.907366822344152,2,4
2.8794899999999988,3.2989598202284474,3.009192212373413,2.6924994,2.6137793,2.862,2.9672004927834363,2,4
2.6865299999999985,2.5628780919029213,3.002043020069856,1.9489936,2.2179534,2.928,2.421936057133056,2,4
2.111920000000001,2.3167080228895376,2.600247740546565,2.3674655,2.3662245,2.938,2.3558093241505658,2,4
2.5592799999999998,2.2723295580073306,2.6948681407213777,2.4851582,2.667764,2.976,2.5407385366019706,2,4
2.950899999999999,3.318236195067577,3.2061225179235624,2.8808036,2.772725,2.976,3.071655144760748,2,4
3.3541000000000003,3.1766563664802456,3.4073372297940696,2.9898927,3.0226839,3.003,3.197566599813734,2,4
2.5911199999999996,2.87553784980557,2.6447652279384672,2.5990794,2.6265512,3.01,2.7580451798724646,2,4
3.182070000000002,3.0428815210859304,3.2435497878685156,2.8675234,2.9452531,3.051,3.0737835767685993,2,4
3.3952400000000016,3.367207002835752,3.1920639871234915,2.5094347,2.5455382,3.065,3.030439859549129,2,4
3.0844800000000014,2.9891484163689452,3.975923792163675,3.0721612,2.9334848,3.089,3.0709015215657085,2,4
3.4679499999999996,3.481011184279401,3.398391740268311,2.8633025,2.8836555,3.138,3.254210662266352,2,4
3.1240400000000004,2.6224133758175365,2.7462158165558,3.5517576,3.1484277,3.148,3.1095284186306644,2,4
2.5704799999999994,2.5960188104676454,2.52225245142157,1.9290384,2.1024916,3.151,2.371311424959698,2,4
2.5684500000000003,2.499388490830178,2.919689050385334,3.2287824,3.1889703,3.172,2.9200234446970157,2,4
3.6413499999999988,3.5176239501807003,3.363842472953265,2.8981636,2.852803,3.217,3.2950154646447714,2,4
2.8636099999999995,2.8537205339924,2.719711100170956,3.2239947,3.3000407,3.277,3.12880283715725,2,4
2.73841,2.7252976141622463,2.893282710834883,3.192561,3.2977662,3.324,3.0558891163674873,2,4
2.6817700000000007,2.824641498955961,2.252586896965151,1.2785717,1.6667482,3.356,2.212432694417204,2,4
3.3834700000000004,3.4455346698410008,3.660363565414266,3.6543167,3.7495093,3.359,3.6459762115515977,2,4
3.3732000000000015,3.4856803765065623,3.366084047557063,3.2380173,3.0631683,3.375,3.363392492624918,2,4
2.919139999999999,3.1677041838564874,3.97293844239021,3.3414335,3.1912003,3.462,3.231739385053372,2,4
2.7508,3.1664657657820365,3.080050534945244,3.0159817,2.8056881,3.502,3.0184300977275536,2,4
2.8189199999999994,3.273931963279633,3.5396614638052686,3.9393175,3.648569,3.502,3.5032702653907353,2,4
3.1542700000000012,2.8628330802024697,2.814483267906557,2.6630003,2.8230145,3.561,2.9317768723883884,2,4
3.538179999999997,3.2858334689388458,3.2995183529211736,2.917739,2.9407668,3.604,3.229224096568701,2,4
3.212729999999999,3.3878133567883237,3.113193711588137,3.5427268,3.4240115,3.625,3.4709662943052457,2,4
3.7143000000000024,3.7813311395878375,3.5568379017159266,3.5424244,3.6649299,3.625,3.773270827796101,2,4
3.1137999999999995,3.1593122942031937,3.12222987295402,3.0743928,3.266697,3.649,3.2405422241641615,2,4
2.7810200000000025,2.7889468263328707,2.8985881237839415,3.5400426,3.745391,3.651,3.290929514009071,2,4
3.4271399999999996,3.4557083930948407,3.167198219360393,3.4001038,3.3666303,3.667,3.489330335582283,2,4
2.7406300000000017,2.4993138675091604,1.8021116165014193,2.131913,2.288743,3.705,2.466092524220392,2,4
3.308469999999997,2.688489978721547,3.313169037239047,3.6408145,3.4245377,3.731,3.270055065083345,2,4
2.592840000000001,2.4151845046229092,2.6823593431964383,3.0289152,3.217512,3.74,2.868985483433892,2,4
3.4805200000000003,3.160915767407402,3.0594900293122844,3.5958126,3.6490498,3.745,3.524988442614403,2,4
3.2871500000000013,3.4859594969026646,3.3374850006455494,3.2261431,3.304951,3.759,3.4226064587222766,2,4
3.5785299999999993,3.5856240928611465,3.1396857986106728,2.3594577,2.6229136,3.769,3.135622662996642,2,4
3.3433499999999987,2.993429930774553,3.3224465035352533,3.338626,3.4277902,3.781,3.3259560678273496,2,4
2.8197900000000016,3.007597010521995,2.444660433727622,3.1063464,3.1790714,3.865,3.11288290177938,2,4
3.933930000000002,3.9029278161084666,3.759785901742074,4.4409857,3.8440967,3.947,4.074608655580047,2,4
3.627309999999998,3.6281095429436245,3.7588821231643226,3.8719046,3.6130588,3.951,3.7484976674225736,2,4
3.969700000000002,4.231837574607759,3.8672060618149176,3.699919,3.7618077,3.983,4.0320796654951785,2,4
3.894560000000001,4.308656069873367,3.7393521236246783,3.2477546,3.482595,3.987,3.8733232931995696,2,4
4.172279999999998,3.7306640297076874,3.038850939082517,2.310548,2.2145498,4.028,3.1549817627054577,2,4
3.8186599999999977,4.087484262390043,4.187297986756792,4.0843773,4.140086,4.055,4.1456641403260415,2,4
3.4016999999999973,3.2575631546000667,3.564254574453707,3.49113,3.6973128,4.057,3.539596539540283,2,4
3.7625200000000003,3.8993988388718375,3.2914151992247387,3.1718304,3.73099,4.095,3.7760983619827875,2,4
4.521999999999998,4.608403365595856,4.145135800593106,4.547643,4.5495596,4.108,4.6658835362058495,2,4
3.145020000000001,2.8179491146848963,2.8616229044933137,3.1467369,3.3550127,4.114,3.172128415485964,2,4
4.438219999999995,4.54109470252862,4.223836421383885,4.175474,4.173986,4.122,4.4405348563696565,2,4
3.825949999999998,3.5515608723506777,4.33041680534873,4.3624506,4.1195803,4.219,4.00956210515155,2,4
3.7384299999999993,4.355455957301555,3.9554220553081416,4.3585615,4.565073,4.317,4.406671199932869,2,4
4.342670000000008,4.4023051051544355,4.752671095280958,4.3597713,4.208425,4.358,4.42032679825436,2,4
4.7803999999999975,4.651170178333675,4.373190239307589,4.2840815,4.5860834,4.607,4.691930321670264,2,4
4.363469999999998,3.786407777842863,4.534533735638909,4.1430845,4.617076,4.652,4.30704743515556,2,4
4.07283,4.019244512336676,4.121749766113583,4.4554844,4.436866,4.705,4.331254324951914,2,4
4.422600000000002,4.408894421328644,5.278248720353709,4.479183,4.378969,4.911,4.513295895275285,2,4
4.793970000000001,5.328983334889339,4.35874546318667,4.486364,4.6135135,4.987,4.968982090258687,2,4
5.404789999999995,5.350709689784626,5.022367002946086,5.233454,4.900866,5.081,5.315750293786687,2,4
4.412439999999996,4.154766779305228,4.046494143001796,3.9482958,4.028654,5.09,4.217682144289554,2,4
5.266749999999995,5.320689020298831,4.647218555071018,5.0116196,4.9483767,5.159,5.25517382576216,2,4
5.3506100000000005,5.7911572931338995,4.5375834948753555,5.2052107,4.993659,5.324,5.479189868955588,2,4
5.250469999999999,5.275638844515802,4.852380162644629,5.4998245,4.878247,5.535,5.302906111563474,2,4
5.603389999999998,4.7809664401522705,5.255530305754311,5.403882,5.102789,5.631,5.254947447601285,2,4
3.409829999999999,4.1254614243636105,3.699152423893719,4.336712,4.9743943,5.806,4.394955378162922,2,4
5.644140000000001,5.4977185693626565,5.754339254111565,5.8297415,5.6861925,5.938,5.767983212394663,2,4
5.099870000000001,4.731330102864367,4.552854084251756,5.914736,6.333304,6.127,5.6303262140933095,2,4
6.234200000000003,6.2503613125462,5.591458895448195,5.835194,5.559223,6.301,6.091720009347149,2,4
5.613180000000004,5.8446517471060355,5.296579296714596,6.917071,6.714938,6.795,6.404500534674959,2,4
0.2511500000000002,0.7015561364306944,0.6064016385010609,0.53986543,0.51901627,0.001,0.5970183676234613,3,0
0.6180999999999998,0.5912523760110769,0.21201901373529575,0.2880508,0.22624797,0.029,0.40129118287404175,3,0
0.5118400000000005,0.5567574278747107,0.7225742914703783,0.30274215,0.38485327,0.126,0.4261205972712406,3,0
0.7766299999999999,0.6255294595311717,0.5868250509203077,0.66951495,0.6332711,0.158,0.6615146004190542,3,0
0.6425399999999999,0.8946912060781289,0.9064910300617353,0.49376082,0.8077681,0.165,0.7238779398898701,3,0
1.24278,0.9828467809213537,0.8784822797430072,1.0529689,0.5934979,0.29,0.9527086613768166,3,0
0.42878000000000016,0.5483867902279542,0.49606470390798263,0.50748837,0.43947482,0.362,0.5152879918975897,3,0
0.2310700000000001,0.22247715950460878,0.21978168560877176,-0.01814317,0.2332975,0.406,0.13221828014123393,3,0
0.34699000000000024,0.021903185041702238,0.34576800043698386,0.26946437,0.14777297,0.51,0.15920783098969984,3,0
0.9108799999999998,1.150911811932774,1.0682763076857538,0.62728167,0.7066901,0.598,0.8577927818805772,3,0
0.7789300000000007,0.8627229731807,0.8479443776177167,0.41298106,0.5523491,0.636,0.6275960760060427,3,0
0.7121199999999994,0.6175023138771996,0.8292163200614162,0.84445655,0.77132344,0.688,0.7575343703559024,3,0
2.3642000000000003,2.0681507534657286,1.5924697359188458,0.9711335,1.4410046,0.693,1.5367368376914645,3,0
1.7713200000000007,1.404499120448089,1.9928836333165008,2.003491,1.8929538,0.865,1.7910968905990055,3,0
0.9493399999999994,0.8562531152341748,0.9428084854201861,0.8457308,0.8725171,0.876,0.8748983497022577,3,0
1.6645400000000001,1.8625299670802833,1.770613873057675,1.641935,1.6596097,0.94,1.759607308591772,3,0
1.4303800000000009,1.219843784386742,1.9024600012028543,1.3113749,1.5637897,0.958,1.361776440513123,3,0
2.3577399999999984,2.557780776588127,2.554408735221921,2.7659192,2.4643254,0.971,2.6654330036769283,3,0
2.1186300000000005,1.613665221720122,2.942234993131116,2.6575296,2.5633636,0.997,2.288810613919161,3,0
1.1761400000000004,1.4317562833425548,1.5243880230858007,1.2358239,1.2172045,1.009,1.326212579331052,3,0
1.9325499999999993,1.8216415341112315,1.6589371148511105,1.5449936,1.4329774,1.013,1.6635973002436404,3,0
2.538829999999999,1.8440072149156537,1.1715773395879892,1.4217076,1.0023495,1.027,1.5454080217474895,3,0
2.032769999999999,2.1011970525225583,2.0077859060855943,1.9739492,1.7792277,1.09,2.018346395314844,3,0
1.1653599999999995,0.8073278686305688,1.1484438606282497,1.3489789,1.5906521,1.103,1.223324606046224,3,0
1.033409999999999,0.8636535391935346,0.9781000016150576,1.079278,1.0606102,1.116,1.0154895044283156,3,0
2.3791299999999986,2.666454776555007,1.5779740387583892,1.015761,1.2413505,1.129,1.731839621368531,3,0
1.8787099999999994,1.9740712219272694,1.826081142320286,1.733295,1.8417221,1.138,1.8835455683605187,3,0
1.4500300000000002,1.2746183067616377,1.1277844480775683,0.7817954,0.33364192,1.153,0.8997782000385907,3,0
1.2013499999999995,1.067717428110781,1.813448556860576,1.4334939,0.9280978,1.201,1.209589648768379,3,0
1.2162500000000005,1.5449205744578025,1.4312543639972026,1.2751691,1.4641109,1.212,1.438877802544006,3,0
1.0926600000000002,1.3471519569996104,1.4513870966220614,1.6501564,1.8702081,1.232,1.6027198479577238,3,0
2.1786299999999987,2.200140318141096,2.357093104321538,1.8093332,2.0071788,1.243,2.0422915936559076,3,0
1.4938000000000002,1.7544658430004907,1.3941435573695353,1.3720574,1.4941696,1.256,1.5697315699909704,3,0
2.1400700000000006,1.9304046694220705,2.1452145788130097,1.9354926,2.0474658,1.275,2.00163963391372,3,0
1.5457600000000002,1.4970779433682202,1.6792714339870902,1.9283116,1.3877742,1.303,1.6779207203514364,3,0
3.8453499999999985,3.8767960160679285,3.520059853556861,2.381983,2.4008565,1.321,3.0249644637921893,3,0
1.0519499999999997,0.9748649241005349,1.1000317274241718,1.0255189,1.0341295,1.326,1.0294650972192487,3,0
1.4920800000000007,1.4795429732498901,1.5033703963391118,1.579872,1.8944209,1.327,1.6398741358387225,3,0
1.3473900000000005,1.5024629618378762,1.2577831314237742,0.9115824,1.1705122,1.334,1.215999295375097,3,0
1.5417300000000005,1.5266139062629245,1.6973876041653913,1.6397083,1.2864003,1.343,1.5499446985073346,3,0
1.8744599999999993,1.9690447381436433,1.5083317378548964,1.7729766,1.5230712,1.352,1.827972129139975,3,0
0.6971099999999999,0.5966631341586337,0.8836286845541494,0.65946424,0.50057185,1.379,0.615538127355155,3,0
1.7428299999999999,1.5605965912173414,1.6144749215548044,1.2388113,1.4376466,1.39,1.4393587603765123,3,0
1.382890000000001,1.6295094072436913,1.8253016839818597,1.4325943,1.3023943,1.413,1.5030786644192973,3,0
2.01053,2.0313940605871905,2.507256007744049,1.5245411,1.5957571,1.428,1.770375812394892,3,0
1.4506700000000006,1.2959197220013525,2.258198003113144,1.6316264,1.1441197,1.437,1.4280320277979832,3,0
1.2904699999999998,1.267204650089004,1.2625693292914781,1.5338322,1.8903245,1.483,1.536394693482854,3,0
2.0277199999999986,1.5245851994389854,2.3234668976713677,1.3526785,1.9974104,1.49,1.602626698826575,3,0
1.5814400000000004,1.488550668829569,1.560718727723137,1.332401,1.3771278,1.529,1.4327635855583305,3,0
2.1908699999999985,1.983804984283333,1.971345236526876,1.7473933,1.6451894,1.545,1.858877344635403,3,0
1.4227899999999993,1.2775677828011232,1.4741233994706127,1.7149575,1.5907139,1.561,1.5517210821925531,3,0
1.5905599999999995,1.4626788360785328,2.3274344995451526,1.5652766,1.9173988,1.581,1.635629395850299,3,0
1.2944299999999997,1.050300136447261,0.7777024501767142,0.48348403,0.8082466,1.583,0.7959119018588133,3,0
1.8298500000000004,1.9658887438165884,1.7631728219414047,1.7477748,1.7188678,1.589,1.8581283585648851,3,0
1.5894099999999995,1.4456674890392782,1.2875597007497328,1.3809233,1.3868135,1.614,1.4389225884746266,3,0
1.6479799999999998,1.4293452527400443,1.4724206227143357,1.1357412,1.3288726,1.621,1.3228987697523624,3,0
1.6195999999999997,1.7439140975135383,1.590724500678234,1.7096902,1.5003686,1.621,1.707215510696436,3,0
1.55149,1.4309811937979298,1.523867196719598,1.636586,1.9643567,1.636,1.6618999037051359,3,0
1.8911199999999988,2.067006206838385,2.2104587704610315,2.0961158,2.1807933,1.643,2.138772936017332,3,0
1.2551199999999996,1.357694278924144,1.4512830265119718,1.7315718,1.3251859,1.693,1.5250768983191287,3,0
2.060479999999999,2.00084307724102,1.9713002751814137,1.5233198,1.6863664,1.7,1.7798741135074252,3,0
1.4223499999999993,1.6548795187449035,1.539929514665793,1.756855,1.7070457,1.715,1.732964775754048,3,0
2.1259799999999998,2.0742019338434656,2.0995039009610763,1.3481166,1.6291534,1.716,1.7254943716820217,3,0
1.9270000000000003,2.1083684617146963,2.093928207337373,1.9321666,2.135161,1.718,2.078836073833667,3,0
1.7538800000000003,1.9108190268122627,2.0422132189438313,1.9692692,2.0277748,1.742,1.992637889833135,3,0
2.213569999999999,1.987232922735308,1.7010649712485049,1.2682364,1.3984934,1.751,1.6133302136404175,3,0
2.4729899999999994,2.997751816785646,2.9881828446889473,3.7565176,3.3825927,1.771,3.431545520940909,3,0
1.7458699999999978,1.793824073727696,2.044311623098982,2.184333,1.9705013,1.778,2.0236946035624412,3,0
2.545209999999999,2.750106465820557,2.8272552935783417,3.0621412,2.9565415,1.778,2.968860097582633,3,0
1.3816899999999992,1.3155295193869987,1.6803626584290021,1.7358888,1.5798239,1.787,1.570588019928798,3,0
3.3261999999999996,3.8649549650879487,3.9072545948021826,3.8739612,3.7211199,1.809,3.896825775102732,3,0
2.223110000000001,2.096984553407409,2.0401201643648874,1.841387,1.9052387,1.818,1.9962686867554302,3,0
2.2445599999999994,2.20735254428763,2.0159755007444904,1.6394136,1.7721208,1.829,1.9268442375434052,3,0
2.9461199999999996,2.746352679879553,2.559524686579755,1.5871146,1.5072408,1.848,2.0665000276945875,3,0
2.092450000000001,2.0666876872700315,2.3290230662076135,2.271091,2.2747908,1.858,2.235680827707792,3,0
1.44197,1.2928721051410337,1.63587107309439,1.5678461,1.4215988,1.865,1.4615282159954788,3,0
1.7040500000000003,1.5173753279705697,1.601686500841863,1.7407408,2.0176554,1.871,1.7518248108988512,3,0
3.3264799999999997,2.584993888647526,3.7557867606978883,2.401591,2.7694688,1.873,2.622883855289927,3,0
3.2784099999999996,3.337040014487516,2.5595498411385225,2.2794967,2.2542725,1.873,2.7364740389431375,3,0
3.19674,3.085846388458986,3.128165333179367,2.7435102,2.8775735,1.873,2.9652801161860083,3,0
2.025419999999999,2.0442079138795077,2.0284872644740317,1.80173,1.8434623,1.88,1.9416210962853448,3,0
3.2824899999999992,3.297657864867802,2.625698769756239,2.605411,2.6087313,1.883,2.9312011949169756,3,0
1.84588,1.5904284109254037,1.774182409404479,1.5738513,1.664164,1.903,1.6381500208527298,3,0
1.8518199999999998,1.5681740550238408,2.550146923433732,2.5442698,2.3643336,1.909,2.175128805634467,3,0
1.912550000000001,1.761695324741614,1.912346254715756,1.821695,2.1856394,1.966,1.917192887544734,3,0
1.7555100000000001,1.8165093404753005,1.7268251973241635,1.7761205,1.5983385,1.991,1.7861026284752757,3,0
2.3017700000000003,2.2214744550711556,2.3932946896838807,2.255862,2.3230562,2.003,2.30309614337387,3,0
2.81223,2.822106291874759,2.642304098644303,2.2746422,2.4571018,2.004,2.5758174035418113,3,0
2.1747599999999996,2.183984087242479,2.2017379870593548,2.2163053,2.1598516,2.009,2.233990743501405,3,0
1.7421499999999996,2.3738659369326065,1.9560467697661603,1.8126447,1.9299828,2.013,2.078137762229567,3,0
2.19249,2.089708522514084,2.1613237711687185,2.1673098,2.2233214,2.038,2.193870453432501,3,0
1.9388300000000007,1.9659135681435664,1.9137149077280085,1.9047539,2.10357,2.047,2.0087542203459043,3,0
1.8010000000000006,1.6620986458873401,1.4613321488605318,1.8996623,1.9055526,2.064,1.8476017418740467,3,0
1.70831,1.890067116152376,1.9083966061453963,2.0541825,2.0970159,2.084,2.033115419449533,3,0
2.512639999999999,2.2246896064853043,2.45219942937662,2.2170827,2.74787,2.084,2.38752146587836,3,0
2.2496400000000008,1.765328321099041,2.6708804353790665,2.5106056,2.3758068,2.104,2.2480893251991803,3,0
1.7291599999999996,1.627919753206725,1.9539621653188717,1.4954536,1.4136993,2.122,1.5621890686915265,3,0
2.0752200000000003,1.721930852775945,1.7526494964668635,1.7091507,2.0028493,2.135,1.8218374214090853,3,0
1.968690000000001,1.55157761049438,1.5582488866920503,1.5109935,1.6319238,2.14,1.5949502539798797,3,0
3.4683000000000015,3.178237039668802,3.6195270846235084,3.8293974,3.7685533,2.156,3.6404623223657655,3,0
1.9222400000000002,2.1829693321988684,2.0699450173088723,1.9630854,2.123141,2.172,2.116027243736595,3,0
1.9505200000000003,1.5238914832923975,1.881760493114681,1.5499239,1.1483712,2.172,1.4942962615812925,3,0
1.49235,1.7270576445710526,1.303668813969177,1.3966982,1.6610898,2.183,1.6060273653717707,3,0
2.0549400000000024,1.5038573138434224,2.374257604282949,2.5233593,2.2753124,2.204,2.129405778546287,3,0
2.002729999999999,2.2959199226072484,2.6768818579751015,2.2077231,2.5618372,2.212,2.3546151651472074,3,0
1.51095,1.4321034882819248,1.931733081058452,1.7289307,1.9245833,2.218,1.6897563533018782,3,0
2.0028599999999983,1.970644583030682,1.9595230492509863,1.7851439,1.4597191,2.23,1.823334045849394,3,0
3.1877799999999974,2.807374098399894,3.302462358526314,3.063168,2.8869019,2.302,2.993664246532584,3,0
2.2854699999999992,2.1057624678024656,2.251262338560051,2.1669955,2.3034005,2.303,2.2198326768771124,3,0
2.0613999999999995,1.9475854422609753,2.476521680058494,1.8223072,2.157122,2.378,1.9839370445206312,3,0
1.9596200000000004,1.848048523868577,2.080672364813838,1.5343137,1.3528043,2.402,1.6522664512445207,3,0
2.3148999999999997,2.5400627783142355,2.257838334780629,2.0849702,2.380096,2.404,2.3641982719249786,3,0
2.3120399999999997,2.2348375388396926,2.322370344135358,2.2238877,2.338108,2.442,2.2986848862484517,3,0
2.1657900000000017,2.1313010086057385,2.1457609700504623,1.9409375,1.9961051,2.442,2.0673196881186557,3,0
2.4634900000000006,2.457746897253229,2.6425513573172044,2.4603274,3.0027142,2.462,2.6258538886054335,3,0
2.25926,2.1383085879686266,2.2327055502645266,2.1097255,2.292553,2.466,2.2055545985231353,3,0
2.2086500000000013,2.43619508428939,2.378503662528768,2.226396,2.375791,2.487,2.3790841351404253,3,0
3.4762899999999983,3.532151722343798,3.3500851669758007,3.3254383,3.2994328,2.598,3.4649047881295774,3,0
1.9464900000000005,2.588242617696985,2.0208033046218876,2.280756,2.5651112,2.6,2.490833094114794,3,0
2.65222,2.641151172063715,2.223450029252823,1.893952,2.2126374,2.601,2.297384260347178,3,0
2.46828,2.42503200151996,2.6806762454730757,2.7690005,2.7023325,2.602,2.6729992540070304,3,0
3.420139999999999,3.9532442493411595,2.865842728890041,3.0558126,3.5003438,2.606,3.5533020348393642,3,0
2.9735700000000005,2.997114727102814,3.2202990689492097,2.8219526,2.6159263,2.611,2.9006926622341855,3,0
2.7436999999999996,2.362749032812879,3.0957403445457286,3.1363418,3.0363584,2.69,2.879386563863522,3,0
2.9588000000000005,2.7584174760377382,3.285166413462375,3.1757858,3.1590123,2.707,3.0739920606642173,3,0
2.69784,2.5892901080649517,3.362696671471225,2.729791,3.028543,2.737,2.795533013087374,3,0
2.4601099999999994,2.257396658488534,2.268006362520761,2.695672,3.1358318,2.768,2.676151604855621,3,0
2.4490600000000002,3.293654585880445,3.1287335465265858,3.1632802,3.1123433,2.789,3.241102168606117,3,0
2.5780099999999995,2.733407656556335,2.8392252201864547,2.9249678,2.7475638,2.789,2.8625814508231957,3,0
2.6727900000000004,2.86312121315601,2.6689850579723595,2.8633556,2.6561556,2.829,2.8682066601627376,3,0
2.533190000000001,3.014383790765683,2.998360773304917,2.9364073,3.156499,2.844,3.058713310279489,3,0
2.903549999999999,2.8198377725859087,2.8554168108278106,2.8591785,2.8796258,2.862,2.9060674972003726,3,0
2.7392100000000013,3.134508475769036,2.5346958195506,2.654186,2.757257,2.891,2.907633004279001,3,0
2.664719999999999,2.9686272582797413,2.669849528383815,2.7954807,2.2572532,2.928,2.7922329730687956,3,0
2.7874100000000004,2.73707396029816,2.726918782032474,2.7422822,2.8711061,2.967,2.8231668747961454,3,0
2.720740000000002,2.972329339696326,2.9033236689300135,2.6763008,2.8851795,2.985,2.8842787862891064,3,0
2.79579,2.5695085686286743,2.6728350721318064,2.5537915,2.6991816,2.987,2.648007974461079,3,0
3.8355600000000005,3.9140577184022423,3.3556312203073,3.308775,3.3758078,2.992,3.625822040446276,3,0
2.7211100000000004,2.4993314601742407,3.0510297011138805,2.7066295,2.815187,3.051,2.7071069829968035,3,0
3.1211500000000014,2.709529070027036,3.80802767068056,3.1019747,3.4017973,3.089,3.0839090738370714,3,0
2.939580000000001,3.373008596096358,2.0781198115146027,2.3447852,2.2666602,3.097,2.7690294676009874,3,0
4.537940000000001,4.606489788165267,5.786060094150125,5.594566,5.978631,3.112,5.393102700631699,3,0
2.788540000000001,2.761251366099333,3.0131523997221743,2.935694,3.0511174,3.123,2.949565012382493,3,0
3.4999099999999985,3.7385901472944916,3.439863695839067,3.4966617,3.432395,3.138,3.6398086773087135,3,0
3.009360000000001,3.177934277494205,2.5207023015959273,2.3692117,2.621654,3.181,2.786660662207451,3,0
3.0434700000000015,2.5882257329898453,1.8455109770880456,2.5615451,2.914909,3.209,2.712310279308533,3,0
2.771469999999999,2.726655457385264,3.47409867176862,3.5802958,3.691657,3.213,3.336692190577885,3,0
2.5795700000000017,2.4752470590990527,1.9502048371695762,2.8159328,3.0416565,3.243,2.7878002399940334,3,0
3.416429999999999,3.268883142410205,3.496421913310676,3.0747857,2.906025,3.259,3.1790367592058644,3,0
2.863510000000001,3.3908713613559573,2.096418801944859,2.473874,2.320653,3.272,2.837357070535754,3,0
3.692480000000002,3.6204417164500398,4.143653563035986,3.9504938,4.3097787,3.277,3.976910123758003,3,0
4.171169999999998,3.80608837675433,5.279720725984116,5.574322,5.966945,3.311,5.0771223339655664,3,0
3.3180200000000015,3.5814387549902347,3.4148313399093086,3.8005974,3.837851,3.35,3.788082262345884,3,0
3.5291900000000003,3.403184591328296,3.632439472645352,3.6425188,3.5709157,3.359,3.60635761485689,3,0
2.21671,2.236639517841455,2.288000193494765,2.626793,2.3806958,3.371,2.468661106236558,3,0
3.44299,3.199092606673852,3.3312296258183642,3.6745331,3.284669,3.435,3.4791172277498794,3,0
3.6668200000000013,3.4419393068023214,3.4805606326291194,4.967779,4.4551573,3.46,4.353155571478037,3,0
3.8618200000000003,3.5445241951435924,4.148537429662129,3.856721,3.9956012,3.513,3.847309459598046,3,0
3.9798800000000005,4.188595556707611,4.2178954531295245,4.1799765,4.1081433,3.531,4.243006915543182,3,0
3.0896100000000017,2.761295388068105,2.7203989350456634,2.8109577,3.1449547,3.561,2.928377165266124,3,0
2.290160000000001,2.483992447813934,1.9385052768479478,2.853336,2.7486186,3.583,2.733753456662085,3,0
3.586170000000002,3.849145487535812,3.6418462374654865,3.4595263,3.4973874,3.625,3.682198276353885,3,0
3.8646199999999995,4.2450900156703995,4.046448078285319,3.7744124,3.8478284,3.628,4.039772026066543,3,0
2.6894599999999995,2.5895882991183816,2.7939652716048458,3.615448,3.5444818,3.651,3.265905211489891,3,0
3.63762,3.718323351683499,3.7896243629143127,3.4251368,3.4631295,3.719,3.614140166542674,3,0
3.176199999999999,3.6048295855656063,3.4182249504350954,3.1687584,3.1840806,3.759,3.3945140403510603,3,0
2.8322900000000018,2.842145461312815,2.194900807443376,3.0724807,3.4241867,3.865,3.117384724928341,3,0
3.907409999999999,3.4894306372933204,4.036506350167966,3.7839725,3.829249,3.951,3.762602991666934,3,0
4.242390000000002,4.54643374443589,4.548112961278058,4.7688694,5.3649035,4.018,4.8948217809809105,3,0
2.838350000000001,3.2227229432433484,3.5323570652304865,3.2558398,3.174292,4.04,3.277136109831946,3,0
4.442550000000002,4.4360038557302,4.99554298023122,5.07417,5.29748,4.083,4.968529795416706,3,0
2.70935,2.7767456859705226,2.5920481993935445,2.5789278,3.211773,4.114,2.8439754676365063,3,0
3.082760000000001,3.2323393209908007,3.181157345720318,2.759178,3.5435634,4.146,3.167785052128548,3,0
4.051390000000001,4.372300805001566,4.126605861624903,3.9549003,3.7908459,4.164,4.152447086610219,3,0
3.0337000000000005,3.2402302565698733,2.612799101884285,3.1055944,3.4595242,4.203,3.290848136111841,3,0
3.1869399999999994,4.042092278917007,3.946006657342836,4.0594277,4.1167235,4.317,4.119391456619343,3,0
4.851789999999999,5.13203533874387,4.824698934911613,4.9452906,5.1335945,4.432,5.148705770262063,3,0
4.85095,5.09934476531409,4.745540856468294,4.3782015,4.449251,4.47,4.758029795776249,3,0
4.314560000000001,4.189687186775878,4.394846700281092,4.92126,4.833701,4.521,4.711045040081519,3,0
3.9013299999999993,3.9688648176503625,4.3217608191217,4.484674,4.536516,4.724,4.37653548829212,3,0
3.5447499999999996,4.252391962624678,4.655775435476929,4.0429487,4.214177,4.853,4.221768265604426,3,0
4.472079999999997,5.1075366554098,4.602055489503569,4.20962,4.52833,4.857,4.699305169176537,3,0
4.5922300000000025,4.263468816458436,5.332361758667869,4.9592457,5.3931146,4.911,4.883797274405597,3,0
4.487740000000002,4.507951035973682,4.154385765176379,4.460733,4.6524296,4.957,4.607567859476782,3,0
4.73368,4.835766091678354,4.347229550069178,5.1772666,5.3876343,4.969,5.185445073826158,3,0
5.273259999999997,5.496383615122669,5.3085505190705895,5.314183,6.0415382,5.081,5.642408373897713,3,0
5.229089999999993,5.749887319577441,5.332961596637892,5.3680983,5.8037004,5.091,5.704273436143695,3,0
4.23195,4.169025068685664,4.350603018554516,5.2329116,5.157577,5.121,4.897720970589913,3,0
4.794269999999998,4.732138353828519,4.831386337011528,4.80667,5.2234216,5.485,4.963453546519892,3,0
4.759510000000002,5.676327166278924,4.80109637492281,5.65239,5.874783,5.535,5.794028272845677,3,0
5.26999,5.641076234894702,4.1834981662472455,5.0304365,5.2492394,5.76,5.407835100347407,3,0
5.498039999999998,5.686646545397086,5.541387262640784,5.6506596,5.878231,5.796,5.819170975297789,3,0
6.00903,6.369780867213739,5.730998844724942,7.3691444,7.8355556,5.829,7.207295609544838,3,0
5.556660000000001,5.888992761292973,4.365825450960025,5.561804,6.072597,6.047,5.901935067261619,3,0
4.554249999999997,5.289529417374383,4.176070942890096,5.1430435,5.291683,6.461,5.312539587103199,3,0
5.210740000000002,5.430429284928425,5.464853601617536,6.7852263,6.6281905,6.753,6.338748679022846,3,0
6.888429999999994,7.416663363051738,6.216479845275929,8.862982,8.976146,7.451,8.470742659028236,3,0
7.085590000000002,7.214366993879507,6.342529497277841,7.4720864,8.125809,7.695,7.654280969601285,3,0
1.2236600000000002,1.2469113015832531,0.9274510594400178,0.42018753,0.571612,0.009,0.8290214964461236,3,1
0.27219000000000043,0.4675656198653354,0.4674703158509206,0.10859426,0.16683021,0.013,0.245710499248257,3,1
0.7851599999999995,0.7367480498503879,0.5243113603035798,0.6895486,0.50329536,0.086,0.6581751581196156,3,1
1.0325099999999994,1.0364062217589967,1.1628325615569644,0.6400434,0.82065463,0.108,0.896967653190158,3,1
0.397,0.6563088605384438,1.010322922949618,0.0784442,0.18920329,0.118,0.314047453630263,3,1
0.8415499999999997,0.3312014460768234,2.844579951966793,2.0897384,1.245434,0.346,1.1710421441959382,3,1
1.5258799999999997,1.2679444580251877,1.4508551482874115,0.8344501,0.7756699,0.361,1.0585934004579685,3,1
1.2842299999999995,1.0985802133348466,0.9919658521551431,0.7555578,0.86278266,0.423,0.9984543436961945,3,1
0.45485,0.5545749251107797,0.37581609096802104,0.40205294,0.24672624,0.447,0.39022640587920665,3,1
0.8206200000000001,0.887750916531983,0.9710772711356055,0.8215575,0.64558744,0.483,0.7844378881373526,3,1
0.7632500000000007,0.6505987976743475,1.0653153341047028,0.47390744,0.4621155,0.545,0.5759040945262461,3,1
1.40203,1.277031101842522,1.3923047788765675,0.35787588,0.34141403,0.555,0.7580799651982357,3,1
0.6714700000000002,0.762048938798532,1.289004495207377,0.84930634,0.7392458,0.598,0.7746795919530349,3,1
1.72455,1.5803353404982905,1.3373602955967359,1.0221496,0.65003955,0.625,1.1461342163942136,3,1
1.49829,1.0239662848190751,1.3449793381207407,1.3737475,1.2311567,0.702,1.3007946183398864,3,1
1.1601400000000002,1.0726231958043464,1.2958939950606914,1.1869031,1.2274516,0.71,1.2098026822232697,3,1
3.365970000000001,3.2889634085211545,4.354580507173486,4.303783,4.3229203,0.712,4.042704087944318,3,1
1.88916,1.7559390043115133,1.496390878742376,1.5871501,1.4453635,0.72,1.6669766538165098,3,1
1.4858799999999999,1.551679063835826,1.5583876604917755,1.2347883,1.1521239,0.823,1.352128399856266,3,1
1.2981200000000004,1.2217255584346152,1.236622796447416,0.9863149,0.7519356,0.899,1.0247214201620938,3,1
1.8930699999999998,1.7985430729923018,1.4558949425386476,0.81083584,0.8462868,0.918,1.268933211042465,3,1
1.4511,1.2726856866231318,1.5688249740439257,1.4410892,1.2010028,0.937,1.3459301856998018,3,1
1.4815900000000004,1.3029899787457926,1.2410163740054156,0.81896734,1.2090445,0.967,1.2414109902871637,3,1
0.6890099999999998,0.6945700868087783,0.5738286980326825,0.7437358,0.55226225,0.973,0.6624286459283127,3,1
1.6836899999999997,1.4850392229724427,2.0596669643662477,1.3302094,1.0201839,0.983,1.3366521885309628,3,1
1.6029500000000008,1.869858708974356,2.0929612960148436,0.80691683,0.964044,0.997,1.2795915427990099,3,1
1.606179999999999,1.9340654465949607,1.3924823863077653,0.8377098,1.0587322,1.004,1.3408586842048735,3,1
1.4434899999999997,1.2708084701706863,1.5625981291147788,0.6170094,0.34068838,1.03,0.8143573978943761,3,1
1.5692799999999993,1.2539906568356676,1.1445911550541565,0.8121797,0.70565665,1.06,1.0293087447694376,3,1
0.8196299999999997,0.7238063030907119,0.6760437751586434,0.9182613,0.6447357,1.067,0.7669920178889911,3,1
1.4600800000000007,1.6583001617957214,1.424371338658563,1.3133157,1.2380912,1.097,1.4226021777242785,3,1
0.8850699999999995,0.9078849418090035,0.7915009851670458,0.94183266,0.83549047,1.105,0.9059859783857871,3,1
1.6980800000000005,1.899473691871457,2.384604574350522,1.5379893,1.5081348,1.147,1.6795881572884863,3,1
1.5013400000000001,1.6174512736266147,1.5125608407094622,1.2705287,1.0830165,1.158,1.3464885102943878,3,1
1.2605100000000011,1.2778517947333052,1.2034295123367496,0.9307772,0.7850666,1.165,1.033329987059496,3,1
2.2611800000000013,2.394723702392361,2.6257341719504943,0.83528674,1.0728499,1.174,1.5701139907669655,3,1
1.111329999999999,1.3594696926617755,2.5523122505660583,1.5470983,0.9054979,1.184,1.1939303376319423,3,1
1.1016599999999999,1.0516075784809136,1.2649290454540807,0.7048546,0.78375214,1.194,0.9099682647255184,3,1
1.3712099999999996,1.372369162035658,0.9212205500189354,0.91098535,0.4632189,1.195,0.9323661504217831,3,1
1.4982400000000005,1.762434490615361,1.543907025359005,1.2117145,1.19273,1.201,1.4132370312411602,3,1
1.50825,1.5917620115990567,1.434113525395503,1.4790872,1.2997509,1.238,1.4758512881870973,3,1
1.4734900000000002,1.4746023947615872,1.605161310524172,1.8527416,1.8051974,1.248,1.733705494286246,3,1
1.5836300000000005,1.433113625541405,1.4753055148843175,1.4858847,1.522993,1.271,1.5530525684779568,3,1
1.4019500000000003,1.7131989330183466,1.4497792956755144,1.1789134,1.1070149,1.279,1.3411296144692526,3,1
1.6180800000000017,1.4232414404877767,1.2301825827608355,1.0271786,1.3828485,1.283,1.408369441020596,3,1
1.4387999999999999,1.332849813269262,1.3316229580839885,0.85941017,0.83405906,1.289,1.0862117693796458,3,1
1.6702399999999988,1.6204189856078857,1.5818749688730012,0.9474267,1.1454295,1.303,1.3433945083301926,3,1
1.2235199999999997,1.3384931553134223,0.8461051881703683,1.158007,0.9802661,1.366,1.167490444596809,3,1
2.0329000000000006,2.008595247414792,1.8621244339526175,0.57609665,0.68311846,1.379,1.2252915821271904,3,1
1.4088899999999989,1.2403918552328037,1.380165387176672,1.4597958,1.3800343,1.387,1.4116404369155113,3,1
1.7368399999999995,1.793659436873415,1.5247873297329764,1.6319941,1.5318576,1.391,1.6923230483974967,3,1
1.6575999999999982,1.9100782092035917,1.7031220972329433,1.3721532,1.4273381,1.411,1.6073958912403719,3,1
1.5209199999999998,1.9688383584622529,1.4763095504924053,0.9884633,1.0338564,1.411,1.3507617089462203,3,1
1.8224800000000005,1.790948834572113,1.5492477309617114,1.7608893,1.7491031,1.419,1.8263486013476333,3,1
1.7979899999999995,1.8266362496656425,1.768694757497711,1.9159242,1.6603007,1.43,1.8212289008663562,3,1
1.6972099999999992,1.5703998034585496,1.5085175823622992,1.3601097,1.3522319,1.487,1.5064623926353566,3,1
2.519200000000001,2.4432157809367725,2.9140026581297103,1.5435687,1.4955544,1.511,1.9482916950126101,3,1
1.3276499999999998,1.3877910526712811,2.5915441572278155,1.5873464,0.9844737,1.538,1.2826918299558738,3,1
1.8991099999999996,1.8507495769716693,1.978556223731287,2.146059,1.9705986,1.611,2.0236374059138793,3,1
1.82698,1.722178263125341,2.2680567683616726,1.8307968,1.6718483,1.617,1.7925295315570355,3,1
1.6097800000000004,1.8023873599770095,1.6247563502864453,1.5342854,1.5491805,1.63,1.658796207194674,3,1
1.5926300000000015,1.5810638443910159,1.4796286162226868,1.5988126,1.6928444,1.636,1.6818319910301047,3,1
1.9362499999999978,2.129121618341673,1.4665270567184965,1.2434274,1.3826022,1.637,1.6633950734728606,3,1
1.9899399999999994,1.6873954768612904,1.746056336183494,2.128546,1.8845847,1.665,1.964900500135522,3,1
2.02114,1.8092195062261065,2.079446088619226,2.1581523,2.1765988,1.67,2.1286735265300414,3,1
1.9184800000000004,1.8507495769716693,1.8858367329070327,1.7282182,1.6264646,1.677,1.7983392543357728,3,1
2.042690000000001,2.220155485249131,1.6451950992520157,1.8264521,1.9774866,1.703,2.0720955607100247,3,1
2.0123099999999985,2.237738057824996,2.200100824315804,1.5397915,1.7118876,1.736,1.900402494185789,3,1
2.203459999999998,2.573236915994904,1.7374892238457962,2.1411893,2.2294705,1.845,2.348444288393389,3,1
2.499329999999999,2.539887100922026,1.7895685403094073,2.0932307,2.1216705,1.849,2.3413676908907823,3,1
1.9932299999999996,1.8306860822321203,2.2103645818171507,2.000333,1.9268975,1.887,1.9900510700950425,3,1
1.9164399999999988,1.6818827541771195,2.039673984233968,1.6348959,1.7761308,1.931,1.807672636349902,3,1
2.44706,2.7436477067261764,2.547162095233255,2.3345497,2.4587114,1.947,2.5675028777620357,3,1
1.4575999999999996,1.599606122408614,1.3269209692307202,1.6749177,1.4096708,2.001,1.5531860879344332,3,1
1.9059600000000005,1.7848507604237924,2.0578126295865378,1.880936,1.7421227,2.017,1.8609930450176386,3,1
2.0205900000000003,1.731160496948288,1.916106882046785,1.882787,1.9854662,2.05,1.9760873631647333,3,1
2.106209999999999,1.8377379618941052,2.0947651387646067,1.4290198,1.7030826,2.053,1.8060680512389986,3,1
1.9645799999999993,1.726575461261912,1.8170512058317556,2.279793,2.1226406,2.061,2.1003510961972234,3,1
2.0032700000000006,1.6662323112514406,1.9533611247136278,2.2888417,2.0056095,2.067,2.045922039380286,3,1
1.8047199999999994,1.8774232172637675,1.8620001668301511,1.7733041,1.7696159,2.078,1.8530025449865661,3,1
2.118769999999999,2.1159589548960795,1.9338697633116397,2.0710475,1.899611,2.09,2.0776124203459885,3,1
3.4775900000000006,2.5325163951925727,3.1147606484369668,3.038319,3.0197964,2.092,3.093823551313423,3,1
1.98266,2.761126220153876,1.7190703201837496,1.7822183,1.912589,2.109,2.1417239496042058,3,1
2.28642,2.5567791939004,1.6867721928070611,1.8357717,1.5611894,2.115,2.013776093847352,3,1
1.9344699999999986,2.0183584891282993,1.922110792888731,2.215474,2.1614783,2.118,2.162297658278131,3,1
3.24986,2.836842480525111,2.0889766900974065,1.9519929,1.3903611,2.137,2.205368377793848,3,1
2.2597499999999995,2.2598513977048564,2.3419772933775604,2.3056056,2.0137584,2.153,2.2299649613026866,3,1
2.3213700000000004,2.2225618786625607,2.2442293393385855,2.6521134,2.3774762,2.167,2.457089161773908,3,1
2.4543200000000014,2.7506133963087724,2.178640396796401,2.2032578,2.0747845,2.175,2.3797181412047204,3,1
1.8771400000000003,2.760469209029234,1.7628084738162806,2.0133328,1.9819407,2.202,2.1962159487254382,3,1
2.230509999999999,2.1197166794545956,2.162281424006925,2.3745916,2.366152,2.214,2.359063935132786,3,1
1.945929999999999,2.395272243031651,1.7815949348660653,1.9202839,2.1323888,2.214,2.1766823178481443,3,1
1.8422000000000005,1.968686590883049,1.5543194609338857,1.5773493,1.7596216,2.232,1.8376921628437721,3,1
2.1558500000000023,2.0039761495676554,2.0131019832822705,2.2598827,2.033587,2.242,2.1544934365383757,3,1
2.7548899999999987,2.5597601463939115,2.404682161541782,2.3745098,2.493468,2.259,2.6083722490246837,3,1
2.673809999999998,2.604414342349164,2.475043153616366,2.395283,2.2372458,2.29,2.496479967152144,3,1
2.0553500000000002,1.8852529920832937,2.117717935390523,2.2797055,2.1767795,2.299,2.175224120546685,3,1
2.4178000000000006,2.411941586599716,2.465397117416538,2.3420916,2.3502388,2.302,2.4447248858171244,3,1
2.050260000000001,1.9007355224774805,2.1499004577609,2.2570207,2.103171,2.313,2.1415501079993495,3,1
2.3050100000000007,2.335594860455084,2.152669581006889,1.7671479,1.9312286,2.321,2.1152892980950617,3,1
4.508240000000001,4.243039507747578,3.5871906947361283,3.120163,3.2006204,2.328,3.7534062030881676,3,1
1.8087700000000007,2.083419742395139,2.434466065470429,1.6580044,1.4669652,2.332,1.7459052521102518,3,1
2.0924099999999966,2.313740275986137,2.1636128668052486,1.9597241,2.0806615,2.348,2.17198847482179,3,1
2.101350000000001,2.1679721583764797,2.456331882262979,2.1499474,2.2131226,2.363,2.235839151718508,3,1
2.2601899999999993,2.105624782802528,2.2822945532029264,2.494197,2.2778432,2.363,2.3467217034198335,3,1
2.43464,2.480766568152554,2.5805248998391406,3.1984868,3.0773757,2.426,2.9414932443170008,3,1
2.329979999999999,2.151949077673671,2.3441886417840037,2.457254,2.407527,2.444,2.4186349820099977,3,1
2.6196599999999988,2.7304269508501062,2.951788690909673,2.866459,2.8358984,2.462,2.862454396957664,3,1
2.55335,2.546146510897267,2.5606194811765524,2.657009,2.551218,2.476,2.646870439824641,3,1
3.2902099999999983,3.567127805583987,2.6747973134933236,2.840392,2.317252,2.495,2.942366727263483,3,1
2.7036199999999995,2.6783134054298987,2.370993219443059,2.2375708,2.0473752,2.509,2.4059130760506764,3,1
2.7054499999999995,2.3582527538845413,2.5726200609069276,2.258944,2.4791262,2.525,2.5267667857968883,3,1
2.2948300000000006,2.261103238336915,2.2854132901014736,2.7118902,2.4573548,2.535,2.506394890099901,3,1
2.7406700000000024,2.520660782268446,2.773687885907098,2.6716692,2.617964,2.556,2.708262623225632,3,1
2.8223900000000013,2.7884773608655955,2.9401011559833896,2.33456,2.6351092,2.622,2.7240190418391217,3,1
2.765959999999999,2.8013630961542866,2.8752647542931355,2.6469712,2.7348201,2.622,2.8195088111932725,3,1
2.129260000000001,2.3486073814137423,1.7757321254146854,1.0738317,1.8411529,2.628,1.9120807941678575,3,1
2.8858600000000005,2.601403953979912,2.8479644936019004,2.6449664,2.6101437,2.68,2.7446669044756833,3,1
2.764920000000003,2.95745110044944,2.8469740655555955,3.3158967,3.3949685,2.682,3.2667546326426797,3,1
2.4279200000000003,2.2601607115819555,2.615145239817071,2.4778752,2.1507897,2.685,2.3540809144632693,3,1
2.649899999999999,2.5268199921382397,2.7223358855175803,2.6865754,2.7337534,2.704,2.745195763563749,3,1
2.1938400000000007,2.2409529086926345,2.479173719111721,2.4321475,2.356008,2.729,2.3852284939606685,3,1
2.8315,2.6769606998527036,2.6022291292515027,2.2610168,2.4082801,2.732,2.5896566935506726,3,1
2.39786,2.363257913384748,1.9724177681514101,1.9975883,2.0286725,2.781,2.2253353641217,3,1
3.0394500000000004,2.942468488010629,3.0228348486938392,2.428122,2.8381255,2.811,2.9039133641376904,3,1
2.99554,3.125782498689788,3.5797229897368705,3.2235868,3.3219826,2.815,3.2975592622809433,3,1
2.8187499999999988,2.710116959890736,2.735093611130153,3.0691123,3.0960207,2.829,3.0467951851246444,3,1
2.413210000000001,2.4758921317680667,2.2955492052745456,1.6507088,1.7231331,2.832,2.0540708488326094,3,1
2.83209,2.77026863442126,2.994054556239244,2.8030212,2.8122108,2.834,2.8887350598905375,3,1
4.080259999999999,3.4130090535156374,2.9015456639907913,2.5391858,2.7670336,2.835,3.1934022498440164,3,1
2.813839999999997,2.9680273152398176,3.1352232383864687,2.8912647,3.0166187,2.893,3.033287384513307,3,1
2.9211400000000003,3.0493531363614537,2.9535730353446836,2.9881845,3.259143,2.895,3.1943450244466156,3,1
2.1405399999999997,2.0722013785731566,2.389348725864304,2.6226685,2.4790218,2.9,2.428331931646098,3,1
2.582790000000001,3.0072842478066177,2.9696554700027984,3.0441582,2.987375,2.901,3.0151794821591484,3,1
3.555100000000002,3.242917666268609,3.801449476767977,3.1560273,2.9475522,2.93,3.254354433729219,3,1
3.278229999999999,3.2471878140018484,3.337962837968128,3.3589606,3.2292974,2.951,3.36355656336928,3,1
1.8315300000000008,1.8945212779369338,2.3602598548813902,2.303619,1.8752624,2.973,2.00981519422196,3,1
3.039370000000001,3.118510998201587,3.074164701943176,2.818094,3.1281219,2.976,3.142378192461403,3,1
2.727749999999999,2.871047564193892,2.788102458937037,2.5172896,2.6296315,3.01,2.757063677679769,3,1
5.398790000000003,5.37289542228355,4.244362541531727,4.03313,4.267757,3.027,4.802757731911193,3,1
3.2490999999999985,3.0937571392228915,2.8394269146823112,3.0788338,3.073659,3.052,3.2035707419267165,3,1
2.8365400000000007,2.560838864003047,2.7785114414467835,2.957342,3.1318192,3.122,3.0115379418022132,3,1
3.03769,2.8069879095776593,2.7166288713721447,2.1111426,2.3855338,3.167,2.6180287303974135,3,1
3.3534199999999994,3.18979273430599,3.7179308549025087,3.3714266,3.6722822,3.21,3.5583983635410723,3,1
2.850879999999999,2.665931304994576,2.8243662845602278,2.7822697,3.0079753,3.271,2.9498899451791827,3,1
3.5739900000000016,3.5368305623583893,3.320772552272877,3.0076938,3.231777,3.375,3.4154005667011638,3,1
3.593759999999999,3.343721540515234,3.4753080168497803,3.3949952,3.4002101,3.396,3.5246167019891725,3,1
2.952460000000002,3.4274854908916956,3.4270934784800846,3.53777,3.3696022,3.44,3.436192586656029,3,1
2.8088099999999994,2.7093903843673037,3.1069272992807173,2.9905977,2.9642363,3.502,2.972845190590495,3,1
3.2502899999999983,3.471268656465607,3.308876047228784,3.2317543,3.1916149,3.547,3.3661105630575,3,1
3.0371300000000008,3.5179124131456705,3.135496075398045,3.3824718,3.4597957,3.55,3.480600247998029,3,1
3.1249700000000002,3.7792102528079607,3.4060431140212106,3.8708618,3.8458443,3.601,3.814552989382402,3,1
3.2826600000000012,3.3239943987418754,3.1062600610831628,3.5284193,3.5089207,3.625,3.534215548536602,3,1
3.388910000000001,3.4610133743940765,3.5021928317555453,3.4118493,3.4464319,3.667,3.534574021760349,3,1
3.5589699999999995,4.228691294745456,3.4518653117169262,3.490927,3.5058043,3.685,3.774197757563517,3,1
3.200680000000002,2.8576841430857725,2.0126783662300136,2.4217257,1.9529563,3.705,2.5336456326577013,3,1
2.8415000000000004,2.992149691509592,3.5683117074442636,3.5888557,3.4954197,3.719,3.3847747842008302,3,1
2.4178500000000005,2.2467282004750477,2.6830470412844365,2.3845103,2.1062996,3.74,2.3120549972320896,3,1
3.9928599999999994,3.9684990441576464,3.717932843665426,3.7744615,3.793561,3.869,3.9783141687606327,3,1
3.623780000000001,3.398283197606577,4.065172521724459,4.045739,3.750223,3.877,3.8186564091908415,3,1
3.6321199999999982,4.176150153435143,3.5520134523732416,3.3866673,3.065513,3.987,3.566893742885299,3,1
2.7865000000000015,2.840076179063916,3.2319616866680514,3.600854,3.5942647,4.019,3.3862484986159602,3,1
4.288539999999998,4.176344412619847,4.439221515738726,4.409627,4.5520163,4.056,4.528594267336712,3,1
4.77581,5.012568767819782,4.346401061396707,5.02725,4.782257,4.238,5.020682974190312,3,1
4.2685400000000016,3.958442012526113,4.230460325721786,4.3422666,4.07793,4.28,4.260393987975179,3,1
3.4533999999999994,3.207408231141154,3.6539551960196697,3.6860633,3.783661,4.453,3.6898907493759854,3,1
3.6470200000000004,3.6484204625258925,3.898029207944658,3.7146633,4.2384176,4.472,4.023484610088104,3,1
4.11949,4.563745225840039,4.251955188943766,4.4835835,4.250856,4.6,4.4654521610131885,3,1
4.422689999999999,4.612611132099731,4.293582843481642,4.4237614,4.5511804,4.609,4.6510077650677895,3,1
4.331610000000001,3.87487591892311,4.491509598966249,4.3296065,4.2448597,4.652,4.32356823791904,3,1
3.828810000000003,4.08631900648383,3.962483810380818,4.199619,4.35171,4.675,4.295429970733585,3,1
3.715650000000002,3.197153258565697,4.161915647631927,4.886191,5.1019707,4.702,4.536780712880608,3,1
4.30752,4.615031305918349,4.925855580589246,4.8877254,4.7102194,4.991,4.78798775744266,3,1
3.94015,3.5879165976974337,3.9890577117512094,4.567759,4.349735,5.09,4.278582548580044,3,1
5.40254,5.264182411682287,5.269852142964877,5.3500614,5.5192337,5.132,5.573297572012736,3,1
5.390919999999999,5.889598194252195,5.53094865801665,5.137427,5.153334,5.179,5.5082516141327815,3,1
5.419580000000003,5.646228589898482,5.305323995746413,5.38943,5.4759603,5.286,5.648445805118321,3,1
5.52277,5.427358654355467,5.324840183827531,5.5676417,5.6905427,5.331,5.747244266593605,3,1
4.251519999999999,3.8272059493586226,3.7349837071105036,3.038042,3.0898209,5.342,3.551087738919334,3,1
5.59095,5.554763089642969,5.413276734085071,5.481575,5.3699455,5.347,5.633116018821597,3,1
3.6587900000000007,4.777266048152639,3.2499389847506874,4.362889,4.588871,5.361,4.547022529209747,3,1
4.6270999999999995,5.06283807554108,4.667239828292162,4.7306576,5.0894065,5.447,5.078392701884793,3,1
5.188210000000001,5.343643923487034,5.162239515796832,5.3300743,5.755855,5.463,5.648092086802594,3,1
5.126909999999998,5.235902849261723,5.110650574648325,5.2314205,5.363909,5.487,5.425322109338649,3,1
5.274830000000001,5.1551507910080545,5.276129959374673,5.639571,5.4941206,5.787,5.5706990303467,3,1
3.64599,3.448704271576829,3.691761923737156,4.977768,4.693654,5.806,4.420182058063771,3,1
5.154100000000002,5.401852714461855,4.790176898029255,4.95189,5.581005,5.874,5.505881611451676,3,1
5.904829999999995,5.966582663266417,5.064651284754086,5.8070927,5.9436903,5.908,6.091716473020929,3,1
5.01211,6.032694722333911,5.377915757310315,5.6666627,5.8685083,5.932,5.878045071757681,3,1
5.542910000000002,5.622278010638195,5.781497126005093,5.603649,5.931172,5.938,5.903916912996449,3,1
5.386390000000005,5.447983334080558,5.4878133772055655,5.6200724,6.2134576,5.999,5.961229073140556,3,1
5.803460000000006,6.0357353374338665,4.8341474196736485,6.062782,6.0941367,6.136,6.201811269075816,3,1
4.63383,3.5833857257617856,4.550397847702705,4.576976,5.183896,6.247,4.769410993589882,3,1
5.853750000000003,5.8851657789642955,5.342854102575783,6.4227123,6.5740027,6.301,6.4547988203622655,3,1
5.075610000000001,5.082962031471415,5.330786541973827,6.613703,6.7659903,7.004,6.253341022470332,3,1
6.388089999999997,7.215588554307744,6.51000042965821,7.0014644,7.1641917,7.085,7.2105047724070275,3,1
7.876500000000002,7.934726389280291,5.684645388932886,8.0617,8.09164,8.25,8.251877921465843,3,1
6.9858200000000075,7.45395173982663,4.876679510104585,8.26315,8.192649,8.681,8.061821749813388,3,1
0.3651899999999998,0.6442894246142649,0.8703065962793359,0.22284174,0.17344537,0.009,0.3215766232641984,3,2
1.406279999999999,1.1104924092824349,1.04832873694434,1.0907886,0.8838533,0.069,1.0800027460429116,3,2
2.9105899999999996,2.9610297231892684,3.1334427920980588,2.908503,2.4653065,0.085,2.9078039480216953,3,2
0.76875,1.1492823616293042,0.9168141654506243,0.65087175,0.7141904,0.195,0.8125400249001803,3,2
0.5110899999999998,0.6188141359160582,0.8647679151587147,0.3517108,0.827157,0.228,0.5525639291556433,3,2
0.5717300000000002,0.7358352440448508,0.5823944713853884,0.34817034,0.5153608,0.331,0.49891430796310976,3,2
1.3123899999999995,0.9845081079507112,1.7695760235725349,0.8882202,0.4008683,0.372,0.8167865837074316,3,2
0.44283000000000006,0.5948697937770041,0.4605957593840815,0.20237842,0.51068,0.427,0.3857236385271746,3,2
0.7525600000000005,0.8834779921508833,0.8542587347785513,0.25557098,0.14741491,0.428,0.391089456997822,3,2
0.7311299999999997,0.7962075969772939,1.0492789523646247,0.5286937,0.44622844,0.52,0.5915917321995487,3,2
0.47535000000000005,0.638525898595324,0.5126774077791376,0.117321,0.46086824,0.535,0.3385167039510245,3,2
0.9248499999999997,1.2195446260759861,1.3243537342660694,0.8417839,1.075288,0.609,1.0243553344940652,3,2
2.3153999999999995,2.3805258089161443,2.2384156121212246,1.3943446,1.0672276,0.615,1.600997655191192,3,2
0.74637,0.5262720270666043,0.3954650252696288,0.3601262,0.55293274,0.651,0.46336270735463847,3,2
1.0179900000000002,1.1374163055863191,0.6983088731950584,0.16318724,0.3574353,0.677,0.4589314739874091,3,2
2.4190100000000014,2.2943535988163917,2.725741955518776,2.5069635,2.5509233,0.685,2.552959342642822,3,2
0.68141,0.6980251374595827,0.7635164012441775,0.7356523,0.8362271,0.69,0.7779067847108194,3,2
1.3926499999999993,1.6489618605640923,1.4205054282479554,0.8016256,0.85063577,0.701,1.0507397414109874,3,2
0.6317000000000007,0.7774706248169604,0.7768381110963918,0.08984819,0.47582757,0.722,0.362033367650768,3,2
0.7076899999999999,0.6391220003863614,0.8128571868366588,0.8607447,0.8272757,0.724,0.8273908770687316,3,2
0.7585699999999995,0.7068510634208609,0.8305513978246233,0.7901859,0.7955312,0.766,0.7984653986195149,3,2
1.9447,1.6423566224112087,2.3365075742794734,2.3627293,2.4406228,0.817,2.28746850709552,3,2
0.8764700000000002,0.8366414899929407,1.0689959203099544,1.185762,1.3084319,0.841,1.1726477960668178,3,2
1.6998400000000007,1.5511094346899938,1.5281850286791272,2.1536028,1.7142639,0.888,1.966427510213087,3,2
1.3163600000000009,1.213464786368929,1.670201627581307,1.351576,1.4593171,0.889,1.3923117304608106,3,2
2.141360000000001,2.217843268082082,2.6020065591839523,1.2757508,1.2265687,0.919,1.539267997974394,3,2
1.953089999999999,2.3395072684772096,2.0847718000254827,1.2675067,1.1010773,0.938,1.5324206447587305,3,2
1.33288,1.3592302691805738,1.02707688601489,0.91409624,1.1053205,0.995,1.104837901751251,3,2
1.422790000000002,1.3811515263827723,1.6001550564934803,0.6102323,0.82118297,0.998,0.8757449995304203,3,2
1.7429599999999994,1.7985444456104842,2.055092640712692,1.4535918,1.4705336,1.01,1.5933405384548762,3,2
1.2298099999999998,1.0385728146421063,1.232991869555503,0.68933785,0.9497646,1.014,0.8665546042716427,3,2
1.0083600000000004,1.0341545178683829,1.326510427442912,0.7910423,0.8778115,1.045,0.9007748141776817,3,2
1.1326600000000007,1.187795987935138,1.5575893753013523,1.0742873,1.319808,1.067,1.202966821061697,3,2
1.46613,1.8410216695165977,1.6494420391014761,1.2491316,1.067797,1.098,1.391341547380907,3,2
1.3796300000000006,1.4552816947028853,1.26720503956243,0.8849932,0.8640543,1.098,1.0507055989230096,3,2
1.2968999999999997,0.9652903825514871,1.4517743703890102,1.231017,1.4571118,1.1,1.2667374733288308,3,2
1.3183500000000001,1.2045841824268448,1.1905636902102223,0.7312583,1.2432605,1.15,1.0055053047193305,3,2
2.191410000000001,2.328137799269674,3.034432263422253,2.778797,2.5056472,1.161,2.6936517780184275,3,2
1.5952499999999987,1.3099781642726855,1.3202217681838029,1.4981937,1.5943613,1.234,1.5286885441368554,3,2
1.7059799999999987,1.7943884690404581,1.8735695327978228,1.3946619,1.4670208,1.242,1.5601755263309198,3,2
1.1242199999999989,0.880103513885355,0.9559529916298044,0.7799952,1.0569891,1.279,0.9032987857967983,3,2
2.533550000000001,2.7876963914107065,3.0255823910565103,3.8973832,3.820801,1.287,3.739586415122809,3,2
1.5671800000000007,1.5337736718041508,1.5759713136336648,1.2581025,1.2862065,1.311,1.3768947066962074,3,2
1.4090099999999994,1.2323097379353352,1.7399905403768599,1.4932475,1.2498891,1.324,1.4179115252963186,3,2
1.2986999999999995,1.2672517270811003,1.3496703356048574,1.0128689,0.8148008,1.331,1.0594545342903938,3,2
1.2753400000000001,1.306102495266951,1.2149794927647528,1.2592875,1.2882881,1.333,1.3220029878463742,3,2
1.2754599999999994,0.983091015106877,1.150715479562577,1.072509,1.1308811,1.333,1.1027915971265014,3,2
1.7495000000000014,2.0830166991940025,1.7910609563874857,1.6235019,1.3828768,1.339,1.7307833890084257,3,2
1.5775600000000005,1.670970962291163,1.433122792517681,1.2956566,1.4621847,1.389,1.4760630345841166,3,2
0.9259300000000004,0.9698666545467068,0.6028025664406003,1.1236131,1.2372719,1.432,1.1541190293600616,3,2
1.9603300000000001,1.5940547770150888,1.691964235151017,1.5651962,1.7728574,1.434,1.6802807637500625,3,2
1.7215600000000015,1.6976169265639638,1.5044014109667911,1.5041941,1.4944136,1.486,1.6014819254470725,3,2
2.724029999999999,1.9877871529592366,2.696620955238984,2.8824394,3.1442614,1.494,2.829837118558623,3,2
1.8114399999999997,1.8824435969025324,1.8444639934523712,1.6581056,1.6805102,1.501,1.7766641410946167,3,2
1.5950400000000002,1.6612787955615669,1.7047910953806664,1.5959179,1.5175459,1.503,1.6471284660031733,3,2
1.5995299999999995,1.642985883148908,1.39040336623733,1.2727354,1.4091439,1.507,1.4433150521717821,3,2
1.9735700000000005,1.9581501059780135,2.0139524610206707,1.9000881,1.7052529,1.515,1.9299542813909718,3,2
1.4966499999999998,1.1837989566432292,1.6161932685435494,1.615488,1.4003595,1.544,1.5096468293411924,3,2
1.5570800000000002,1.131018569273707,1.8313193492095357,1.8832848,1.8756627,1.559,1.7614337141724,3,2
1.5615100000000002,1.6460021447816091,1.4567751337394308,1.5225484,1.723262,1.577,1.6576490437296256,3,2
1.5503499999999995,1.831266308892039,1.5191518003974065,1.44964,1.4113352,1.585,1.584002570320121,3,2
1.61195,1.4039936530984254,1.5403526904422746,1.5107768,1.6323649,1.61,1.5683288128999795,3,2
1.5683200000000006,1.8355899289211728,1.4289428036656757,1.3990391,1.4356724,1.616,1.5645380198011747,3,2
1.775979999999999,1.8849992127307718,1.9195380835122524,1.6253763,1.8501399,1.619,1.8037885790051023,3,2
1.6530000000000005,1.681512377744769,1.6838928921910474,1.546993,1.5115547,1.621,1.624630966010984,3,2
2.6788699999999976,2.558725107872416,2.4243327722517503,1.9962835,1.968499,1.646,2.1968526394654577,3,2
2.0004100000000005,2.0301460769767767,2.07636863846884,1.8677878,1.7563547,1.658,1.9437693663744509,3,2
1.3479699999999997,1.1013690053537106,1.5521876344783525,1.523479,1.4792571,1.703,1.460976204136194,3,2
1.28489,1.472638478450351,1.3356607121966082,1.0391831,1.0978036,1.743,1.1971167972901429,3,2
1.3937299999999992,1.3738891535948545,1.3038322397861175,1.2495393,1.4196916,1.749,1.3674892018947062,3,2
1.665159999999999,2.0435952963935002,2.063923595556704,1.1951749,1.7034526,1.751,1.5769124040097169,3,2
2.6554700000000007,2.408609079492351,2.8302800949030735,3.3228076,2.6226158,1.777,3.0320313808546584,3,2
1.3482399999999992,0.8925507331572199,1.3432215179857299,1.6967084,1.743443,1.785,1.569655855482416,3,2
4.051960000000001,3.9338589092224217,3.092172001775723,3.1426098,3.3086653,1.831,3.489389842050008,3,2
1.8229300000000002,1.7701430392185793,1.9862928051748163,1.7510223,1.8287785,1.833,1.8365817452155615,3,2
2.0955000000000017,1.8713631661339847,2.0549269845174485,1.8859179,2.1105163,1.835,2.005818699674183,3,2
1.6902499999999991,1.3881732324471336,1.6608247738733029,1.6194991,1.5707394,1.857,1.6061303994567402,3,2
1.792419999999999,1.80402198643661,1.9796337568184328,1.6503131,1.8422632,1.863,1.795031275417158,3,2
1.8016700000000008,1.5121746336574649,1.7165603379384353,1.7510465,1.8052969,1.869,1.7670079213844256,3,2
1.79111,1.7771913329315518,1.8903984352582799,1.2635751,1.463386,1.889,1.485523697807329,3,2
1.8340099999999993,1.9111899954796312,1.9298914128843867,1.7535055,1.808301,1.913,1.8673341901789025,3,2
2.9332599999999984,2.3422890586279186,2.6841702269533645,2.425158,2.053224,1.917,2.3927693927316094,3,2
1.83235,1.8923139616321134,1.8978816569523045,1.6116271,1.7529254,1.923,1.773176426670791,3,2
2.0628099999999985,2.5522363093356435,2.3386090093005043,1.3312675,1.5587542,1.961,1.736883965853742,3,2
1.9628299999999987,1.964002413373426,1.9500018088662814,1.7811103,1.9770663,1.963,1.9385875961209034,3,2
1.3901200000000002,1.4561493755568382,1.7827931238014965,1.603898,1.592585,2.023,1.6202450328442755,3,2
2.28373,2.4163971800224773,2.94603559616347,2.167841,2.2240882,2.023,2.3187956304966644,3,2
2.3527499999999986,2.388557896767382,2.0171575487440405,1.775615,1.970154,2.026,2.0384235928812893,3,2
1.7970299999999986,1.8125180667592062,1.9005162294098148,2.1721487,2.3229835,2.04,2.197950488742589,3,2
2.02907,1.9732554628010295,2.168958769080418,2.1409929,2.255674,2.045,2.2036178409331715,3,2
1.699009999999999,1.5923133787956512,1.4588463945449517,1.7268754,1.8930337,2.048,1.7966051364980782,3,2
2.0798899999999994,2.179689076945991,2.090085643510961,2.1382751,2.1998043,2.061,2.238566043030186,3,2
2.109380000000001,2.0025488640185167,2.3051316350605857,2.1133854,2.273579,2.098,2.2008258526568003,3,2
1.9498699999999998,1.8849819364148066,1.9006739275005091,2.185434,2.2309356,2.113,2.1990436370924873,3,2
1.67892,1.365600557447714,1.7486413303908683,1.5346733,1.5113597,2.127,1.5402663272928048,3,2
2.742629999999998,2.638625602148463,2.3137190215361394,2.1729796,2.1702852,2.138,2.3623310030803153,3,2
2.132780000000002,1.8624876746138583,1.9127582254021562,1.7754402,2.0333347,2.172,1.9251302078643695,3,2
2.437889999999999,2.4073830458079954,2.3106804761841664,2.4013302,2.3041623,2.203,2.4610249693864414,3,2
2.0681600000000007,1.838825334262886,1.9450441223463173,1.9900206,2.2427824,2.235,2.087168514093557,3,2
2.13304,2.193179938083451,1.8477821402933188,2.055581,2.2160666,2.244,2.2022617674371157,3,2
2.2045800000000004,2.0730550726365573,2.2630792430243885,2.231366,2.4216142,2.252,2.318978550393097,3,2
2.0851200000000016,1.9631378737266176,2.1202934181934507,1.8676696,2.0898864,2.262,2.013411835576679,3,2
1.8646099999999988,1.9670660546104781,2.4666912586527623,1.8085796,1.6980349,2.265,1.88178307981932,3,2
2.3411700000000004,2.4140655973757137,2.684623135233223,2.68726,2.6137977,2.27,2.6942454804332012,3,2
2.0842399999999985,1.901436094269606,1.805409080424813,2.0241616,2.244562,2.271,2.1211398747914365,3,2
2.1217000000000006,2.012121442685766,2.281122025917429,2.37633,2.5564055,2.308,2.4156464801885127,3,2
2.36254,2.4113103808093053,2.3150132736723785,2.4465318,2.4612381,2.345,2.526547077686401,3,2
2.0790699999999998,2.6597807827337285,2.4705659548810965,2.2684832,2.4979095,2.354,2.5028355399426214,3,2
2.36407,2.3879841271848647,2.3470377136998226,1.9044214,2.2672775,2.428,2.1833458273013706,3,2
2.3108400000000007,2.228971587312797,2.363071151395788,2.3564227,2.485457,2.434,2.4401514589799973,3,2
2.4873700000000003,2.751859019696988,2.794329492491757,3.8308668,2.9401448,2.436,3.4678947107532485,3,2
1.8433299999999995,1.7468496336923558,2.006283674596335,2.0975242,2.119025,2.436,2.089514468479945,3,2
1.830699999999999,1.9038358269922535,2.055179128558578,2.1347945,2.0646527,2.441,2.13386887726186,3,2
2.33008,2.110423272490623,2.5082560141340617,2.6554682,2.6572387,2.461,2.6138595103298154,3,2
2.353240000000001,2.047331908105845,2.093627656044405,2.2982624,2.3697312,2.498,2.334691505741607,3,2
2.2595499999999977,2.139048582227861,2.368099029974174,2.3900635,2.3712857,2.526,2.406332056580409,3,2
2.3100400000000016,1.7202820476860725,2.191603349451941,2.0315323,2.3601272,2.535,2.1103110827034137,3,2
2.31821,2.0905886074323377,2.2329691676075694,2.4119866,2.4635994,2.549,2.429878957733754,3,2
2.4941100000000005,2.2746291724405276,2.484465699714304,2.6053052,2.5505614,2.572,2.600131860676688,3,2
2.7059499999999987,2.536116939993376,2.8856427465891072,2.280146,2.55899,2.574,2.4943548996284304,3,2
2.1794999999999995,2.315309351626265,2.3570009647113848,2.3839247,2.2524111,2.586,2.4157536413601766,3,2
2.578510000000001,2.6563155852956917,2.869959610697166,2.3986185,2.5061984,2.649,2.5730984204520793,3,2
2.63715,2.478330301203365,2.632620698643528,2.770748,2.7603602,2.651,2.792199178167714,3,2
2.20024,1.9809910525003782,1.7283104591817469,1.9268343,1.9567806,2.715,2.014763619820581,3,2
2.4999300000000004,2.6866561064940884,2.3698466973393244,2.1482828,1.9895105,2.717,2.314344751645619,3,2
2.513140000000001,2.459682303420221,2.616679561744733,2.1324787,2.077273,2.732,2.272765208851542,3,2
2.8052800000000016,2.3965665435550156,2.9480759613848315,2.5495646,2.3023062,2.736,2.5364485388722757,3,2
2.542930000000001,2.611742603325969,2.5778955351252595,2.422209,2.3683143,2.737,2.538989607926784,3,2
2.2928700000000015,1.7656840479840323,2.30510703889327,2.09601,2.42971,2.746,2.173648501069821,3,2
1.9775500000000001,1.896847999808956,1.9508587800652084,2.2758589,2.5693934,2.787,2.3373691531747887,3,2
2.866070000000001,2.5879837777354484,2.8161617049251575,2.192558,2.608567,2.82,2.4735163381199436,3,2
2.6473299999999984,2.3336625040839434,2.7598490596712986,2.7164795,2.818195,2.831,2.742763525300486,3,2
2.834390000000001,2.9564729324676438,2.811663757938766,2.841835,2.8169634,2.864,2.9622355312502275,3,2
3.0482299999999993,3.653503336599269,2.9148742281788227,3.4897642,3.5478282,2.865,3.6661709569715986,3,2
3.2607299999999997,3.4392185622783575,2.8872313081291514,2.5761223,2.7373903,2.912,2.919700077737113,3,2
2.985990000000001,3.1416048066804727,3.3729031138042385,2.697758,2.8980222,2.918,2.9524063593802423,3,2
2.897280000000001,3.0696307316293674,2.911121849320625,2.961941,3.0493674,2.921,3.1138223603910715,3,2
2.577240000000002,2.484897004210919,2.619985625247352,2.7289038,2.6313477,2.922,2.738293613562217,3,2
2.9445599999999996,2.8529154933888146,2.790700692037464,2.4392335,2.474722,2.976,2.6348970161597003,3,2
3.070929999999998,3.07503954662406,3.3052398411509616,3.2192967,3.1519096,3.003,3.278059597751372,3,2
2.73163,3.438400333248423,3.1239644788500702,2.7648633,2.594432,3.042,2.982585571131163,3,2
2.562619999999999,3.4676548192909107,2.9799421033478435,2.5880494,2.5271087,3.107,2.8786742447382343,3,2
2.544689999999998,2.7540498843974617,2.8775445419526764,2.529603,3.0059233,3.13,2.79574476844404,3,2
3.462510000000002,3.8034198936597945,3.5154270149319182,3.2621195,3.350925,3.284,3.5315372191155,3,2
3.5935200000000003,3.077221083537786,3.343453609071712,3.116773,3.286209,3.3,3.258968341530003,3,2
2.9972800000000013,3.028839019942781,3.1543361953272364,2.8798802,3.0107975,3.324,3.050316272623867,3,2
2.8878,2.621167786557834,2.842680886592265,2.9707084,3.174079,3.324,3.040280262437939,3,2
3.489239999999998,3.2566345459148884,3.6307970763614783,3.59847,3.605445,3.344,3.640960214904929,3,2
2.5179799999999997,2.3693829853148745,2.934107545889964,2.982168,3.0381742,3.369,2.949233204107526,3,2
3.0273299999999996,3.4815474741820136,3.4321572168967602,3.8217685,3.9506865,3.502,3.9039211779178595,3,2
3.131999999999999,3.1109115038169106,3.416015033315202,3.3034704,3.3844318,3.507,3.3916027878495116,3,2
3.5861600000000013,3.739103332513318,3.3874448359162703,3.484016,3.690559,3.522,3.7210908789569803,3,2
3.22558,3.25710179938544,3.2415569037443266,2.9188292,3.0007753,3.523,3.1245729901236325,3,2
3.4250899999999995,3.3012795774069046,3.78148551472767,3.8625367,3.8240032,3.528,3.8484005788556477,3,2
3.4303599999999994,3.6351425720295545,3.2398550314480037,3.18042,2.8119519,3.604,3.3074993509191537,3,2
3.345149999999996,3.3978650956241117,4.184847618589402,3.4986317,3.4908805,3.653,3.5932083679034057,3,2
2.7279100000000005,2.651563822159435,2.76408814284487,3.7141037,3.910759,3.692,3.6321768585625254,3,2
3.06073,3.0685258141782397,3.215671146562525,3.2976034,3.0422604,3.731,3.289619794799614,3,2
3.9577100000000014,3.657072572538475,3.381735147850622,2.3088708,2.445053,3.769,2.7561361308266132,3,2
3.1186799999999995,2.95780574784089,3.3190914736016923,3.2778337,3.519032,3.781,3.375105401644263,3,2
3.8650400000000014,4.838778134040573,4.110759653886122,3.5318742,3.504189,3.8,3.9690523421252086,3,2
3.545439999999999,3.695278825586894,3.8428618351031454,4.4411125,4.358128,3.808,4.390115460893596,3,2
3.311019999999999,3.0569144409139564,3.538531848014796,3.6650496,3.6554604,3.811,3.639999769252719,3,2
4.355030000000002,4.51355762206585,4.44299808675804,5.4557714,5.246699,3.812,5.359037972624071,3,2
3.3017500000000006,3.433610769252204,3.1140758359810685,3.3325171,3.3764734,3.859,3.4843969458549333,3,2
3.266969999999996,3.3182809166087934,3.4978366256865794,3.122997,3.0962,3.864,3.272512152203846,3,2
2.7518399999999996,2.634733306852772,2.6502736450430975,3.4149427,3.7350051,3.891,3.424047718664443,3,2
3.949609999999997,4.367637545063529,4.207335964954873,5.516361,5.2878838,3.98,5.365867293185577,3,2
3.9084300000000023,3.8615905063753693,4.043571533757556,3.6480129,4.1843457,4.038,3.9657942911174637,3,2
3.8212299999999995,4.107174291434802,3.7801929262762366,4.439304,4.4870596,4.055,4.523898225420112,3,2
4.093710000000002,3.8116605072600467,3.509039810479976,3.7672741,3.6393113,4.095,3.8758420411593875,3,2
4.348420000000001,4.477593254507851,3.9085067917167793,4.672657,4.8135214,4.108,4.823161356954677,3,2
4.250109999999998,4.477593254507851,3.990210975832291,4.426464,4.5792856,4.122,4.632135013712525,3,2
3.9440999999999993,3.69144671659859,4.275777791355748,5.060957,4.649888,4.227,4.7931070688942325,3,2
2.797119999999999,2.653023238099089,2.685869734665981,3.5034382,3.7726111,4.269,3.48517470804088,3,2
3.5890999999999993,4.376132119781994,3.6061201378223275,4.3301883,4.4377456,4.317,4.519543084718811,3,2
4.271920000000007,4.318990729177858,4.695653710375098,4.151039,4.2526913,4.358,4.362692869135589,3,2
4.651360000000001,5.034064357205084,4.418526691912536,4.496237,4.528257,4.987,4.792942573910061,3,2
5.161919999999998,4.671870045170127,3.900587725480153,4.6765785,4.972328,4.995,4.914120089881882,3,2
5.033560000000003,5.710162224105507,4.4030229053966,5.2137165,5.539351,5.159,5.601014430420019,3,2
5.241510000000004,5.046631393581644,4.86056566682406,5.1468425,5.2946415,5.176,5.338946683295915,3,2
4.781670000000003,5.265294423939904,4.648535508162077,5.4970837,5.7556624,5.193,5.6975745405315195,3,2
5.420979999999999,5.584623861882863,5.446814442560926,5.634321,5.6083565,5.225,5.810866247765023,3,2
5.459770000000001,5.678057456173298,5.200931888336324,5.384134,5.274899,5.694,5.6150835479224,3,2
5.289470000000003,5.079382261021219,5.49492282735037,5.4291325,5.480405,5.77,5.544640935059138,3,2
4.791969999999997,4.633229032491339,5.13465514328106,5.4125366,5.505292,5.813,5.432424179874388,3,2
5.320509999999997,5.296040584037153,5.307139369965649,5.471114,5.595811,5.856,5.650065715048541,3,2
5.694280000000001,5.4953747202196,5.568775536660298,5.8983107,5.9947214,5.989,6.028668938192469,3,2
5.6877999999999975,5.128229336292607,5.831311355521317,6.030264,5.99068,6.045,6.007162297439906,3,2
5.737219999999997,5.799790538872087,5.740277873902433,5.9673395,5.967409,6.063,6.133150265226515,3,2
5.233469999999999,5.345464731799034,5.749928862674281,6.2962837,6.3044453,6.475,6.282740463245635,3,2
5.319839999999997,5.54778183850612,5.846466651003347,6.4900556,6.859038,6.767,6.578596741156458,3,2
5.371270000000003,5.319877808495445,4.965097347744279,6.524944,6.8217287,6.795,6.531330101332257,3,2
6.0699000000000005,6.447209382441429,5.7243727184570625,6.374072,6.4424105,6.8,6.630902130623671,3,2
5.860940000000003,6.239612186023695,5.5364578883609425,6.622365,6.813373,7.217,6.807264599795284,3,2
6.913330000000003,7.193074393654946,6.376288736680829,7.4008346,7.525464,7.966,7.638675526274197,3,2
7.02709,8.103515566029836,5.532630555698646,8.371349,8.158388,8.141,8.540819355956007,3,2
7.707250000000007,8.136420880867194,5.268700451335729,8.183733,8.19882,8.177,8.459931739061304,3,2
0.15523999999999993,0.3375542272899019,0.5016860043143674,-0.25667697,-0.25194088,0.009,-0.07228107609947625,3,3
0.3936699999999999,0.7410820212802091,0.8419615378336824,0.20207636,0.3128794,0.033,0.38451238424210776,3,3
1.0395100000000002,0.6388809495222106,1.608031113507629,0.8359841,0.75137526,0.07,0.8034705647621189,3,3
1.04508,1.080584276261783,1.0781591144203913,0.2779675,0.571167,0.1,0.6201230464024592,3,3
0.5615100000000004,0.7758840539668824,0.7539308642940972,0.2063975,0.31807736,0.197,0.4116911872178032,3,3
1.2264500000000005,1.1297332636369681,1.0319138448043665,0.56382006,0.69692683,0.32,0.8080187526279189,3,3
0.8465600000000003,1.1430069491882575,0.7928070269583467,0.46711946,0.6488469,0.335,0.7220283240932194,3,3
0.9226899999999999,0.721653748089907,0.954356288431812,0.75273424,0.23655629,0.45,0.6658193388154348,3,3
0.8975300000000006,0.6627776494524122,0.9841946519790876,0.74386287,0.80972266,0.598,0.7665318198933878,3,3
0.7649499999999999,0.7038567652243869,0.7274743470176097,0.49685878,0.48405918,0.618,0.5814188337257518,3,3
0.8340599999999996,0.711324059378131,0.9289689074117693,0.6415451,0.8204182,0.654,0.7281218339635324,3,3
0.71597,0.7809365313300999,0.8222703348369629,0.6078126,0.6317298,0.692,0.6793651838732028,3,3
0.7135899999999996,0.7714866829835395,0.6618967961932265,0.47558993,0.34737277,0.722,0.5550431042258258,3,3
1.3381100000000001,1.36618962597157,1.2051398846482932,1.2360294,0.812442,0.801,1.213744205721757,3,3
1.8368300000000004,1.6351334235196355,1.5176016292513175,0.9633085,1.0858021,0.865,1.2595889454301503,3,3
0.7466499999999994,0.7551382523378909,0.6434984230358292,0.70045555,0.6605863,0.893,0.724550587957119,3,3
1.7513399999999992,2.1979109019724716,1.2914622284059503,1.1922287,1.1599579,0.896,1.5168229509998656,3,3
1.5894899999999992,1.5154529160798487,1.9126896648722191,1.5738338,1.5942067,0.914,1.597239633362437,3,3
0.8064199999999999,0.8575225927231197,0.7353661635045756,1.0254016,0.7119488,0.98,0.9172135720383676,3,3
0.8367800000000001,1.0415770160407,0.9535058826337826,0.76904774,0.5530415,0.998,0.8144830399213638,3,3
1.3385000000000002,1.6018828046352565,1.5839178840426196,1.1912115,1.2871639,1.017,1.354217123685864,3,3
0.9423999999999997,0.9338345381829368,0.83674676315313,0.9064331,0.72380733,1.029,0.8964993688157218,3,3
1.3946699999999999,1.1921917881977058,1.4179173299837173,1.4973445,1.6160455,1.088,1.4665338220264572,3,3
1.2790799999999996,1.172002918818285,1.1152061513369165,1.2198786,0.98913175,1.104,1.1891015249229957,3,3
1.3694800000000007,0.9182032916284009,1.351731146154574,1.2758145,1.021418,1.116,1.1653818781063974,3,3
1.832230000000001,1.276694656349452,1.127598628614788,1.0448533,1.013409,1.126,1.1901482266982832,3,3
1.481830000000001,1.602599779360766,1.3011404234435866,0.6586842,0.96137726,1.131,1.0517978417478278,3,3
1.6701199999999998,2.048328042940496,1.746349391001357,1.2804981,1.5098664,1.135,1.5867033880120844,3,3
1.3179800000000004,1.2077181629737366,0.9636603607118948,1.0771974,1.0103188,1.18,1.140273847489861,3,3
1.5030599999999998,1.5044659294595302,1.2122361668159225,1.1112385,0.8946255,1.18,1.2237271034358443,3,3
1.1481499999999991,1.1699199069925796,1.0205691277525548,1.014947,0.9794092,1.191,1.0798932772569203,3,3
1.3994599999999988,1.2160129071340753,1.4576461299235661,1.4058832,1.394236,1.203,1.3835041070723992,3,3
1.0167099999999987,0.88814566317686,1.1109388050322793,0.9499326,0.8733696,1.22,0.943563797894932,3,3
1.4184799999999997,1.4778093229033205,1.6167699161975413,1.3038071,1.5778713,1.231,1.4438385119805146,3,3
1.3618000000000003,1.5162314892181106,1.7881119951690199,1.3399774,1.6593125,1.253,1.4825592046720424,3,3
1.851239999999999,1.9172618538463249,2.058156645940384,1.4748701,1.3527546,1.324,1.6261241561330104,3,3
1.640130000000001,1.6505975374678228,1.492157833014422,1.1860429,1.1741248,1.341,1.3674903408552455,3,3
1.6501399999999995,1.5601116413861469,1.6496141156734794,1.2715052,1.2195195,1.351,1.3945284202245443,3,3
0.8549399999999997,0.8538752445196879,0.7909070637934761,0.7981027,0.8523197,1.379,0.8454987468218995,3,3
1.5464500000000003,1.9229589859655378,1.3337983478977038,1.3172432,1.2008079,1.409,1.4947173588984302,3,3
1.7409700000000001,2.0230837865282836,1.9418472191062257,1.343832,1.4181013,1.419,1.5964262820893595,3,3
2.1863500000000013,2.007568892989677,2.311836650607647,1.9363706,1.892014,1.441,2.007719240436692,3,3
1.6303599999999983,1.3128104017028688,1.6567769863954886,1.6630259,1.7106459,1.442,1.6153628498246095,3,3
1.9598699999999996,1.9720681468670977,2.093065195586663,1.3319994,1.3224355,1.452,1.577419060281651,3,3
1.7829199999999994,1.8158907470754357,2.125481211282926,1.7718343,1.4788437,1.472,1.7582602184440825,3,3
1.6543100000000006,1.2820725320356279,2.1540082682707578,1.390362,1.4843041,1.475,1.4354343805534393,3,3
1.7839000000000007,2.027125926607026,1.955168524334865,1.8610052,1.9980872,1.48,1.9639848497205135,3,3
1.600080000000001,1.6126420916758155,1.4571240932384901,1.5638689,1.3356473,1.484,1.5632726241084256,3,3
1.7936200000000009,1.6755301949135366,1.6555627543579998,1.398203,1.5998688,1.501,1.5765222680879196,3,3
1.8856199999999992,1.5198279882037138,1.6457975377345564,1.2451965,1.6907114,1.522,1.4938117700505678,3,3
1.6027999999999993,1.831609066094357,1.9324542376997615,1.3443593,1.2566195,1.528,1.5009792261639483,3,3
1.8269899999999992,1.962519356116176,2.1717479215699527,1.5630344,1.5715698,1.55,1.7228243302483297,3,3
1.6309700000000007,1.4209679585216848,1.2779562749921636,1.5008317,1.584051,1.557,1.5410179005391584,3,3
2.15312,2.1752227721612027,2.359843673608796,1.57155,1.4503216,1.558,1.7846669793586065,3,3
3.132729999999998,3.3401812484340003,3.086253029479194,3.6308804,3.506425,1.718,3.560202778891845,3,3
1.8749300000000009,1.957064819115872,1.906344316253757,1.2371846,1.5246367,1.719,1.5651375473226596,3,3
1.653799999999999,1.8094280153326279,1.5763977977348196,1.4403836,1.4809747,1.729,1.5921339563478925,3,3
1.948059999999999,2.0020780933630062,1.723160390579138,1.6862757,1.7967229,1.731,1.8488077697953205,3,3
1.7410899999999998,1.5405826205455233,1.7973460418451768,1.8085244,1.6385444,1.749,1.7353228234447688,3,3
1.5762200000000004,1.31704093633981,1.3931744031322255,1.1492772,0.9652227,1.753,1.2152389218153377,3,3
3.0196999999999985,2.211481831283067,3.0503825565337324,3.5060358,3.364284,1.772,3.17446031730289,3,3
1.4561100000000002,1.4518376105031001,1.6047389029394834,1.6488025,1.5163394,1.776,1.5870213332724448,3,3
2.432900000000001,2.0391095504289294,2.6230580254834193,2.0674033,1.8799384,1.801,2.096100492335257,3,3
2.7179500000000014,2.303964404108103,2.1172033819927845,1.5094742,1.7219089,1.838,1.8977957813433979,3,3
2.1967,2.014571413163866,2.2954410315531844,2.1349056,2.1755006,1.858,2.162611711666151,3,3
1.6686100000000008,1.8138965092434,1.5776925821132513,1.527567,1.5716853,1.86,1.6542425483232055,3,3
1.9936700000000005,1.9123462857303142,1.5306894778289053,1.7785681,1.8708317,1.894,1.888537938934623,3,3
1.743380000000001,1.4434888833316932,1.8880358464087168,1.4726375,1.5817788,1.907,1.543422116512244,3,3
1.973720000000001,2.1980734077750332,2.058663323842427,2.0571854,2.244198,1.954,2.1678506317252175,3,3
1.8371800000000005,1.6030281316664894,1.8228895140556456,1.9110409,1.6851006,1.962,1.8172480044521222,3,3
1.7945999999999993,2.259313087182182,2.044994208407389,1.8369013,2.1729972,1.965,2.0502120671727853,3,3
2.0415099999999997,1.7305260402199332,1.9523365560816182,1.8633202,2.2929442,1.987,1.9756558097415229,3,3
2.1139399999999995,2.15801596823274,2.3081533492421267,1.8541298,1.7897142,2.012,1.9796681096998043,3,3
2.00629,2.1371222957106664,1.8347537857750948,2.0493228,2.1487052,2.015,2.1313003665483143,3,3
2.1602599999999996,2.1954786276156404,2.026359101335086,1.7615931,1.7442892,2.054,1.9409511733023428,3,3
2.0793900000000014,1.9719232248953689,2.1422410683046897,2.225097,2.0733798,2.055,2.1610617477751597,3,3
2.1602299999999994,2.116248473018137,2.1924461682168364,2.202424,2.164172,2.058,2.2140078656007236,3,3
1.931919999999996,1.5838433404175283,1.7486871531867747,1.8742158,1.8131773,2.062,1.831203278825071,3,3
2.372760000000002,2.289449347092276,2.3350270328299785,2.1734207,2.204281,2.081,2.272519781500113,3,3
2.4193399999999996,2.3158502359094726,2.993661846557994,2.306331,2.5507193,2.083,2.4187067680329024,3,3
2.1292599999999995,2.075713040014295,2.209284586133312,2.3791234,2.2551959,2.114,2.301955549668694,3,3
2.0412999999999974,2.0585255041505577,2.1969296060099697,1.930698,2.226272,2.143,2.0761333762462284,3,3
2.484979999999999,2.596235315680636,2.3752168123574475,1.9990934,2.038912,2.144,2.245015054731342,3,3
1.6580899999999996,1.7476103296069394,2.4858826843759716,2.2270048,2.0867012,2.144,2.0694672262786695,3,3
2.2794800000000013,2.352917027080113,2.2392154620921185,2.2086177,2.0849802,2.153,2.2710933771887345,3,3
1.8661400000000008,1.8375281382698678,1.965574346224034,1.2620611,1.7288573,2.154,1.5888942570423883,3,3
1.8375100000000004,1.7883697186293208,2.017938659229133,1.9902104,1.8682082,2.166,1.9400935971184081,3,3
2.0292399999999997,1.9186948543323097,2.0105791824961994,2.1845043,2.0069869,2.166,2.1100499724394584,3,3
2.2008199999999998,2.1535008415256973,2.282238470523037,2.248303,2.213075,2.203,2.258802236646417,3,3
1.813039999999999,2.0645739383230883,1.8263224544562684,1.8137404,1.7276518,2.212,1.896707439710037,3,3
3.5655700000000015,3.568443706547241,3.609928986815376,2.8932762,3.0864766,2.225,3.227111761247402,3,3
2.1887399999999992,2.0136806288719296,2.180172741346716,2.0558424,1.9298391,2.227,2.0727830206028255,3,3
2.581039999999998,2.772155548312046,2.835675895396308,2.5417802,2.371003,2.23,2.6201601882391867,3,3
2.1914900000000004,2.269090640933095,2.279724111810206,2.1212654,2.223453,2.239,2.230879822685604,3,3
2.1874200000000004,2.124060114483206,2.342740336590958,1.8929849,1.7901136,2.239,1.9957254829754567,3,3
2.103710000000001,2.55739892874343,3.094789116519408,2.86018,2.864039,2.256,2.774425174087361,3,3
2.0853999999999986,1.8830916149135741,2.051482694146709,2.1356752,2.0385377,2.266,2.0902164349958023,3,3
2.2111199999999993,2.164551693832651,2.334497365854261,2.055092,2.16982,2.269,2.164013031221115,3,3
1.8076200000000011,1.724040530145746,1.6448590272706565,1.9168196,1.6525154,2.297,1.8411245548964381,3,3
3.092109999999999,3.069620167013736,3.0103893486142637,3.263755,3.813237,2.323,3.3832318506284293,3,3
1.9809799999999995,1.9988341924375586,2.1443588673919507,2.3313684,2.104027,2.35,2.2146578605755507,3,3
1.6902700000000002,1.5054339028223653,1.7065528060903559,0.95862,1.1111367,2.351,1.2164998394909268,3,3
2.2601299999999993,2.0804853541639683,2.2321151006521713,2.1965723,2.1299307,2.362,2.2039516411717077,3,3
2.231009999999999,2.7564182970467477,2.5761918811079663,2.2048688,2.197663,2.397,2.3917517015560845,3,3
2.2231300000000003,2.2704187188709963,2.210065258716779,2.4778879,2.193786,2.421,2.3926366174777263,3,3
2.2458199999999993,2.134483152212125,2.332658672208972,2.4124508,2.2899299,2.424,2.350294200721674,3,3
2.396380000000001,2.502177606328065,2.5873833505266237,2.6553674,2.5364304,2.433,2.6224080890466515,3,3
2.2216500000000012,2.0900626861746208,2.2552658514416297,2.2127156,2.2444549,2.458,2.234762462754244,3,3
2.337990000000002,2.169398979513696,2.366625438499982,2.5043573,2.4694092,2.461,2.448260735485605,3,3
2.3870499999999986,2.2287616635154595,2.341677993559578,2.407425,2.2214563,2.472,2.3701976366296877,3,3
2.62005,2.5931724039530453,2.7791812750421268,2.4463592,2.3415024,2.516,2.52770580352089,3,3
2.2837599999999996,2.3008799366126387,2.1064550142377043,2.115157,2.5246494,2.52,2.3086725457975477,3,3
4.229820000000001,3.708872309853694,3.7962294787483923,3.5363266,3.019645,2.567,3.6061278925410845,3,3
2.459420000000003,2.2799649770904065,2.5565586506817253,2.6838346,2.7757123,2.573,2.6356483347696256,3,3
2.7529800000000026,2.632883782331427,2.9205600106448677,2.8782067,2.5395591,2.579,2.791703378768093,3,3
2.1356,2.2271223890967518,2.0370381044857058,1.5027101,1.6677918,2.584,1.810797471533503,3,3
2.427919999999999,2.2835781375898816,2.4094324190520746,2.2768764,2.3153975,2.585,2.3475205116841455,3,3
2.55378,2.6185165458386193,2.6369339868570147,2.5314968,2.7720578,2.621,2.6592296165451246,3,3
4.271930000000001,3.821625249394972,2.744024124530242,2.8820543,2.9971728,2.638,3.331399712448877,3,3
3.011189999999999,3.330434324239429,2.7503122300905742,2.0777779,2.2309182,2.647,2.556991512618041,3,3
2.140620000000001,2.0205697520262964,2.258913337137717,2.6867511,2.5835874,2.654,2.501109715218427,3,3
2.399020000000001,2.2930352793974786,2.5078677313365882,1.8519055,2.02678,2.658,2.089362712820664,3,3
2.520579999999998,2.5435010914458047,2.9622261239293692,2.997608,2.8624969,2.663,2.871866343931997,3,3
1.8928699999999998,2.337777979347405,2.1267796925460374,2.417625,2.3136227,2.701,2.377533997273762,3,3
3.038670000000002,3.2029027099459424,2.896531696989313,2.6520944,2.7656386,2.702,2.9064112411933696,3,3
2.5734399999999993,2.4627635181846688,2.5734220916350967,2.5946574,2.5922532,2.729,2.61223684969303,3,3
2.51599,2.5478753042329183,2.6071364039298754,2.6985314,2.633716,2.821,2.6855651051764937,3,3
2.666990000000001,2.4470025567653435,2.6884980013208226,2.7149723,2.7194285,2.83,2.699412057375099,3,3
3.0792600000000006,2.9225411597880604,3.1035878400745447,2.98416,2.7733777,2.831,2.9938412944097372,3,3
2.5047,2.2040645285198153,2.635845624062142,2.4719472,2.4842255,2.839,2.4603698753953465,3,3
2.654610000000001,2.40121371216253,2.731687165050097,3.0667071,2.8839457,2.844,2.8842820089946763,3,3
2.6619199999999994,2.728578011078132,2.4624333074483653,3.1751595,3.3036342,2.852,3.107868659831626,3,3
3.051409999999999,3.1240811127563988,3.029911673753518,3.1356776,2.386709,2.857,3.030338139333053,3,3
2.7873000000000006,2.6900941652920602,3.0191749031226336,3.0052347,2.9102304,2.868,2.9470697706934144,3,3
2.8147800000000007,2.7397216229293124,2.9169946704253475,3.266419,3.3660815,2.869,3.180051084126071,3,3
3.1582600000000003,3.016786698481042,3.4405404959338,3.2516437,3.2396786,2.89,3.2479946611454613,3,3
2.8404400000000005,2.506529584720188,2.815548253563994,3.2007747,3.0676491,2.91,3.0290594384826055,3,3
2.8839100000000015,2.9714318737203036,3.1681342165748223,2.9162111,2.952105,2.916,2.9952503913361253,3,3
2.5043699999999998,2.8108639997451568,2.2881674715590288,2.1078396,1.8823494,3.019,2.318367974991227,3,3
2.901999999999999,2.559461274738456,2.469650019631519,3.605722,3.0690067,3.06,3.235621829551028,3,3
3.565150000000001,3.5254849432530624,3.3428829947393988,2.6621304,2.6417558,3.065,3.01453916367217,3,3
3.0547999999999984,3.028134017120357,2.4195617428151355,2.8718374,2.7914252,3.091,2.9704379897901543,3,3
3.016580000000001,2.9959826889082115,3.081879590482224,3.2922544,3.2143824,3.146,3.243243406216566,3,3
2.68716,2.623513187553119,2.7858982404592916,3.096209,2.5418906,3.172,2.8846338493392407,3,3
3.0415099999999997,2.9645035850131123,3.075466605366067,2.3209748,1.9216003,3.208,2.513072850206051,3,3
1.6358600000000003,1.4257887973629582,1.9531947618676975,2.133456,2.3664691,3.21,2.001822537671919,3,3
2.8387999999999978,2.2832972666560534,2.3454419369247756,1.806247,1.9370066,3.213,2.0865021783251896,3,3
3.0027799999999996,2.799262622567316,2.597021297107606,2.8098302,2.7598932,3.277,2.8720420490936847,3,3
2.6412199999999997,2.916738294402752,2.6455807354567162,2.8303847,2.538046,3.34,2.8314493074602693,3,3
3.25458,3.1862741547194684,3.3750935240421267,3.9552257,4.1754174,3.35,3.8244922958829246,3,3
2.74193,2.5030567790770575,2.8950441619704335,3.6549773,3.3457205,3.352,3.288463884098661,3,3
2.56088,2.621207417858635,2.228187246224883,2.7614753,2.1380332,3.356,2.6318259759559544,3,3
3.3027300000000026,3.0361641458990696,3.071539264237632,3.4556222,3.3326457,3.469,3.380126575882289,3,3
3.4904899999999985,3.443574623534873,3.691640453381036,3.617748,3.6966484,3.518,3.653406695766356,3,3
3.0914800000000002,3.041243537903065,2.8855896231537654,2.9454408,2.8299925,3.519,3.01934407528628,3,3
3.401909999999999,3.4555035666897154,2.6640392363217167,2.7824717,2.7031481,3.562,3.0506336224944257,3,3
3.371589999999998,3.1856190274567213,3.300439591847231,4.0152,3.920946,3.6,3.808450037934638,3,3
3.415410000000002,3.2107215303338306,3.581461182624218,3.8226953,3.5223205,3.629,3.644906060035435,3,3
3.212979999999998,3.175903131129247,3.1406970962962615,3.8095758,3.537173,3.649,3.61479208388325,3,3
3.2050799999999993,3.0708253078731365,3.053137649103016,3.2997935,3.0616248,3.745,3.2503349590710986,3,3
2.8771900000000006,2.923909162876018,2.077317193782154,2.3789048,2.7917445,3.833,2.6999745976296827,3,3
4.543949999999997,4.4553942749852755,4.300377389101552,4.1430116,4.209348,3.844,4.3586469628992885,3,3
3.295210000000001,3.056110718890671,3.1687179143719466,2.642302,2.6324499,3.881,2.859368835305823,3,3
4.521210000000006,4.417434756651144,3.966007109943946,3.9692433,4.004844,3.908,4.223020412026167,3,3
2.7403200000000005,3.041055903569719,2.946215161455405,2.3585467,2.5384667,4.028,2.6540491492012954,3,3
3.4358299999999975,3.3341163266962983,3.6624192782804736,3.6049552,3.3974652,4.057,3.5509284966273933,3,3
3.9357899999999995,3.7236485235886625,4.008054644383128,3.7921557,3.4866748,4.186,3.8010032929697224,3,3
3.6519000000000013,3.73970663766079,3.7970622626900616,4.2184033,4.0538716,4.207,4.097247279075895,3,3
3.22105,4.162055019193905,3.4446878480679173,3.5502732,3.513269,4.28,3.741748122401969,3,3
3.830610000000001,3.8450518264827007,4.160107044977927,4.6253567,4.8945184,4.387,4.5074815970486855,3,3
3.126709999999999,3.3093217978888334,2.322639803226273,2.2945757,2.54452,4.44,2.7291105297843625,3,3
3.7711099999999997,3.76199254331613,3.538757028852277,4.5093484,4.444003,4.44,4.331336074039218,3,3
4.071199999999999,3.760293281360514,3.8851500351324697,4.1268826,3.8568583,4.446,4.056209279084913,3,3
3.7569099999999995,3.0592120943277514,3.426056194780606,3.1980767,3.2468722,4.606,3.289816346904186,3,3
4.46066,4.4915828609100465,4.24964233858875,4.366124,4.114456,4.701,4.443252176624705,3,3
3.9685700000000033,3.90072357510009,4.144731565982918,4.6753135,4.423532,4.705,4.4569341456696945,3,3
4.395700000000004,4.593635505962403,4.400533432432096,4.3971906,4.2221427,4.726,4.500661690629804,3,3
4.387840000000003,4.593635505962403,4.4523203979432715,4.36564,4.3211207,4.747,4.506446739464081,3,3
3.5374199999999987,4.0937072751688985,3.4815206963280687,5.174796,5.052994,4.792,4.832021537827556,3,3
4.15394,3.8195528846305713,3.651475201353106,2.9033022,3.183656,4.827,3.369726170625525,3,3
4.561589999999998,4.627558908244861,4.487030603015698,4.5613165,4.374697,4.835,4.632708237730227,3,3
4.259869999999996,4.324544415493017,3.8346717348180586,5.7904215,5.8858867,4.867,5.418313016737508,3,3
4.219579999999999,3.9829840671302508,3.913919708632238,4.875183,5.2335687,5.202,4.765582238220776,3,3
5.073140000000006,4.889800651551588,5.101342077552287,4.915636,5.04636,5.308,5.052739646677001,3,3
4.145609999999998,4.30579198707205,5.378155644766135,5.623902,5.3942733,5.348,5.221479413464323,3,3
5.357629999999995,5.130841948174369,5.146121996540222,4.8542237,4.724548,5.379,5.042976483484981,3,3
3.9734400000000005,4.253405852974351,5.1859894570902885,5.5584903,5.3288684,5.384,5.148361586717359,3,3
4.438170000000002,4.345790701080026,4.691199955271178,4.6687856,5.1224256,5.496,4.758710327343972,3,3
5.255250000000001,5.031727674568706,4.559013396960147,4.3149285,4.315992,5.613,4.67210294696797,3,3
5.24395,5.031727674568706,4.603720207336641,4.3070784,4.4136434,5.635,4.688250608452278,3,3
5.3346399999999985,5.51221615123858,5.383208656066381,5.907872,5.361936,5.741,5.760923011519467,3,3
5.197919999999999,5.305213406136392,5.231549520234514,5.8053236,5.2781167,5.946,5.6305417686353385,3,3
3.9975400000000003,4.631660647720032,5.468814578145476,5.8902044,5.7085433,6.001,5.481125941202463,3,3
5.524630000000002,4.827883050522186,3.7516826051245857,3.6211228,4.314338,6.116,4.323482288434014,3,3
6.2624900000000014,6.148408508681344,5.928446462592066,5.777435,5.774993,6.176,6.034736712641004,3,3
4.253899999999998,4.3255962689099645,4.408232103868428,6.100438,5.473557,6.921,5.473533576672065,3,3
4.745190000000001,5.571201866241217,5.011343110422407,6.887839,6.564386,8.005,6.431719889853503,3,3
7.985140000000008,8.402208777269388,5.08492160443874,8.095629,8.050585,8.85,8.321385854493865,3,3
1.17779,1.0019814097921482,1.104328932548307,0.8754962,0.93108493,0.044,0.9682654093178955,3,4
0.9113299999999996,0.7752559073967987,0.9337315990052066,0.62201697,0.561121,0.071,0.6936728269388003,3,4
0.9314199999999998,0.9018118860800406,1.0967186942340192,0.17617546,0.6817311,0.138,0.6243317040667813,3,4
0.7009099999999999,0.8590211861747779,0.8980830090021461,0.14747497,0.12154459,0.142,0.46117262793889247,3,4
1.65843,1.49766084437589,1.7531286591582513,0.7293197,0.8215849,0.243,1.1165273779091665,3,4
0.9420199999999997,0.8832112067516615,0.9459249990538356,0.78766936,0.76715046,0.346,0.8439787756879683,3,4
0.9376199999999995,0.7597993302188931,0.9268225083208652,0.6354299,0.64292043,0.417,0.7112258743143182,3,4
1.3925200000000002,1.3639075691128193,1.388027452161369,0.77377623,0.9587922,0.42,1.09936811321495,3,4
0.8380099999999995,0.36825524476797555,0.7662193880060171,0.68060166,0.4300211,0.458,0.5087910153701003,3,4
1.2611999999999997,0.9006124490589229,1.1776231501449825,0.74030596,0.7655864,0.599,0.8434979857061008,3,4
1.156309999999999,1.2248639613689458,0.9368298596825078,0.61427736,0.5480289,0.622,0.8852704506860247,3,4
0.6177600000000004,0.7768838918258034,0.6698170851551515,0.5868821,0.6143371,0.655,0.686809260664412,3,4
0.7020299999999995,0.7493359855309192,0.8047879653398213,0.7781312,0.72884756,0.717,0.7686956617925769,3,4
1.0976499999999998,1.2952534460587473,2.0512480702417317,0.8803506,1.2025031,0.735,1.1546618124488786,3,4
1.1717299999999993,1.7561761762381654,1.3809762589261705,1.5083979,1.2555567,0.756,1.5775196625429324,3,4
0.9538400000000005,0.9650329167894103,0.9570978718733911,0.58271337,0.66952986,0.759,0.7869286986481128,3,4
0.7225299999999996,0.725811561845987,0.7674448493795112,0.7433195,0.8086587,0.793,0.7658442236555619,3,4
1.6272900000000008,1.76608623322077,1.5383108831341188,1.0622799,1.0634435,0.845,1.3982668101164772,3,4
1.7522099999999998,1.5159917412237143,1.7218717406852992,1.3419502,1.3773459,0.87,1.462831368419993,3,4
1.3496400000000002,0.9408986826655543,1.0645370215754837,0.88070315,0.94141906,0.885,0.9511300673664504,3,4
0.88994,1.0924265147719021,1.170188077213752,0.6658365,0.5974284,0.895,0.8508353185128349,3,4
1.6020400000000012,1.783627350364131,1.6435373367601542,1.2514442,1.1643827,0.896,1.492495342410371,3,4
2.3314500000000002,2.2997682579145633,2.0404902741729427,0.876993,1.108698,0.986,1.5910331501986634,3,4
1.4372299999999996,1.4411800001206787,1.2370276813792638,0.8329244,1.1078035,1.031,1.1877495112099035,3,4
1.6302099999999993,1.3656675895774832,1.1152448643076485,1.1127542,1.0359993,1.031,1.2393560275771218,3,4
1.7015300000000004,2.114295373473166,2.123338636431459,2.1225328,2.1072419,1.144,2.148326373316129,3,4
1.490309999999999,1.7423242792827909,1.6638050055097287,1.0820866,1.309587,1.144,1.4479481137294594,3,4
1.05929,1.012317686158013,0.9513320250037347,0.9346468,1.0610439,1.157,1.019486977630584,3,4
1.7725099999999998,1.8773206090384587,1.6289388170328567,1.4857684,1.3863918,1.164,1.6675021192015633,3,4
1.08136,1.0824614643166206,1.1076803227872303,1.2517756,1.0944697,1.174,1.1651740794764298,3,4
1.8662199999999995,2.025286625054128,1.7304669023354067,1.3953325,1.2479031,1.247,1.6701579026524078,3,4
3.0984200000000004,3.0886053125359227,2.7540690741276284,2.0917516,2.1027925,1.286,2.5875524599060165,3,4
1.2002099999999998,0.7569509040438441,1.1513990756818449,-0.07708907,-0.02793634,1.331,0.32063794162535575,3,4
2.6265200000000006,2.4106185824608626,2.591910242589796,1.6410236,1.7760247,1.351,2.0590783125824226,3,4
1.5563399999999985,1.695566155562225,1.674007200136845,1.186452,1.2967643,1.366,1.4623663250159638,3,4
2.67673,2.7196320476394495,2.501690274875184,2.153753,2.0286713,1.381,2.4237227200715723,3,4
3.2930300000000012,3.2991406541298236,1.4368982178967138,1.1506189,1.4177239,1.39,2.2047475421764693,3,4
1.8098399999999992,1.903668067909259,1.855565991199587,1.4961926,1.4206201,1.454,1.6911032628182705,3,4
3.0642499999999995,3.057478075703316,2.674920459443212,2.6354537,2.4024093,1.488,2.827027690644459,3,4
1.7190200000000002,1.9167483316508853,1.7629842693472213,1.3841351,1.3117658,1.541,1.6310901701139708,3,4
1.7292600000000014,1.9891492083802131,1.7300499143844723,1.5693669,1.4567083,1.544,1.7583402036614686,3,4
1.1314099999999998,1.3103439815051299,1.5758735776192805,1.3777015,1.2602824,1.548,1.34410430328188,3,4
1.8486600000000004,2.2145505935154355,1.7887105060137265,1.7280271,1.456824,1.564,1.9110140408667446,3,4
1.7112399999999997,1.9742184241305605,1.6304869555061317,1.3927885,1.3976914,1.586,1.677987528478542,3,4
0.9381799999999992,1.0728670935419697,0.7304689778775089,1.1016388,0.940987,1.595,1.0709296432093987,3,4
1.9511399999999997,1.4406583913655502,2.524651337815655,1.2060957,0.97579485,1.607,1.297592960255554,3,4
2.3407999999999998,2.2193870062916106,1.963871496263379,1.5305138,1.6043187,1.618,1.8932315293772775,3,4
1.6318100000000006,1.5223796916260166,1.4149482459049898,1.1809806,1.3117133,1.643,1.3925415233981089,3,4
1.656389999999999,1.5158371214546587,1.4055642661305192,1.5676738,1.5589819,1.67,1.5786632084530186,3,4
1.5163300000000002,1.3573663765676507,1.6482809273052852,1.5248028,1.6635178,1.671,1.5172337236011373,3,4
1.6538600000000008,1.6296173696944267,1.33425163157499,1.5162579,1.6118013,1.672,1.6215617669773448,3,4
2.2059300000000004,1.9977748774066142,1.3111169430887402,0.9132893,1.2126002,1.678,1.495860013461713,3,4
1.9315999999999998,1.9490281304742836,1.972628845051981,1.6376575,1.4527912,1.686,1.7690427416117636,3,4
1.7897199999999995,1.7262502116867438,2.364997262257816,1.6960464,1.3178679,1.7,1.6594911976846198,3,4
2.8198600000000003,2.9446250766436988,3.032776270472814,2.6190124,2.0159073,1.702,2.6779666121245795,3,4
2.3562800000000035,2.237680437572723,2.594475614846523,1.7795439,2.038273,1.731,2.0859271449659387,3,4
1.8748100000000008,1.9016914897445474,1.417795434860642,1.6164323,1.4067849,1.731,1.7296378826797503,3,4
1.7205199999999992,2.0282149682829185,1.693758857304748,1.5415384,1.5108881,1.737,1.7777089939333464,3,4
2.3267599999999997,2.468433183439002,2.406864634518847,2.175277,2.0782654,1.747,2.3265293225161656,3,4
1.6116599999999985,1.3493394815596542,1.3722933064393987,1.5231591,1.5648466,1.749,1.4930983697207718,3,4
2.972250000000002,2.9165135571195426,2.946015133198285,2.4649854,2.4236872,1.755,2.711817167106237,3,4
2.18913,2.308914113620377,2.3463491499715183,2.0783544,2.084488,1.828,2.2237200079872723,3,4
1.6528699999999998,1.4558173944294326,1.6395926382442783,2.3338363,2.0637577,1.829,1.929495103499658,3,4
1.7278699999999991,2.1006405255643847,2.183052380048281,1.519415,1.8972404,1.905,1.8901313438058975,3,4
1.8244199999999997,1.821328941436493,1.8856204080709558,1.902731,1.7824353,1.924,1.8779442394593628,3,4
2.1711,2.036585884674959,1.924669714182202,2.078886,1.9830347,1.937,2.084557728384224,3,4
3.178620000000001,3.1444841293055976,3.396670151262135,2.4058146,2.5891101,1.951,2.8320660145218013,3,4
1.6872399999999994,2.047441361609926,2.072816156437228,1.2077702,1.8300085,1.956,1.7452028979199605,3,4
1.8220900000000002,2.0262566917032503,1.7839326375697095,1.6718194,1.7709364,1.963,1.883750874679039,3,4
2.2968600000000006,2.280320056406425,2.4274740934386765,2.1703107,2.1503925,1.976,2.2608893505030077,3,4
2.232910000000002,2.525363469352411,2.5889195068877147,2.104271,2.1282806,1.99,2.3355704265079966,3,4
2.2925799999999996,2.526766667164951,2.193324776778129,2.1633763,1.8044001,2.003,2.2832044050630387,3,4
1.9356600000000008,1.7186988174546414,1.7581159324273223,1.8527565,1.8121854,2.006,1.82730452836217,3,4
1.6944700000000013,1.545050734142598,2.0529171347985566,2.4929206,2.5611272,2.01,2.1370553709358564,3,4
1.745770000000001,1.972657956059194,1.9921712085437733,1.7637022,1.9922355,2.023,1.9411512242268834,3,4
2.4364300000000005,2.4221169381397143,2.3356073408040783,2.8332207,2.6419482,2.039,2.6630531227158967,3,4
1.8938500000000007,1.5464599576319837,1.649345557759952,1.9422876,2.0091765,2.076,1.8289233375640335,3,4
1.9665100000000013,1.8931227805177362,1.9789130032761157,1.8463138,1.8083233,2.099,1.8990218199164872,3,4
2.482779999999999,2.3327500088007844,2.3987071148938712,2.1762054,2.1712627,2.102,2.294928681643307,3,4
2.514909999999999,2.3327500088007844,2.461061935454076,2.2506416,2.2635598,2.102,2.342325877658197,3,4
3.564779999999999,3.9247549570696942,3.3710713333232727,4.1072307,2.9635582,2.106,3.8371344945679917,3,4
2.3501100000000017,2.1824880064634344,2.5074777527085166,2.204368,2.1508517,2.117,2.2325007862582598,3,4
2.0420899999999995,2.1751699709973993,2.2239981540775724,1.9855715,1.9987153,2.157,2.111795724397745,3,4
2.1990599999999993,2.127755788161737,2.154503410678129,2.0162315,2.0943964,2.165,2.128361965932934,3,4
1.82228,1.9216814385970151,1.6981673073068482,1.3417798,0.74299496,2.166,1.4905253725357699,3,4
2.6061099999999984,2.399243716227426,3.0411064852558027,2.5858974,2.144978,2.211,2.4594509463526273,3,4
2.1396500000000005,2.4899036805780006,2.054564434372843,1.6672012,1.7331576,2.217,2.078623585414328,3,4
2.2212900000000015,2.45340718972361,1.9384740036402712,2.3839407,2.2638426,2.223,2.4309128009820697,3,4
1.7260999999999997,1.7793006927706554,1.6412231353774183,1.4287744,1.4983057,2.223,1.6311298082085777,3,4
3.2392899999999996,2.426058888971228,3.522924771783059,2.45547,2.2923827,2.24,2.4775301136088683,3,4
2.045679999999999,2.1219294423967563,2.03158668132491,1.9628428,1.6727775,2.255,2.0064986581254747,3,4
1.8323399999999992,1.800358483373696,1.8841325735878502,2.0088134,2.079413,2.281,1.9737022335676626,3,4
2.9856499999999992,3.2777860662064056,3.7274790654337817,1.7505171,1.3809563,2.282,2.3825912563503415,3,4
2.4210799999999995,2.492183297909609,2.7654096923116933,2.3842394,2.4196923,2.298,2.488736998362814,3,4
2.4848299999999988,2.5475317600191616,2.434185208934181,2.5944653,2.850679,2.313,2.684587456779539,3,4
2.1751500000000017,2.020428184547758,2.2208829222080593,2.163707,2.2029629,2.315,2.157281998029645,3,4
2.20327,2.471567032158931,1.797384711626004,1.8406059,1.8334011,2.322,2.1545165643730853,3,4
2.375109999999999,2.435150158689153,2.626198825339515,2.326918,2.5113015,2.348,2.46496738541372,3,4
2.0206500000000007,2.766527760070543,2.174859625962342,2.188624,2.1820846,2.363,2.4731630005534893,3,4
2.1758799999999994,2.1107273441167496,1.9995382229731788,2.096238,1.9726487,2.37,2.1196229864058194,3,4
1.7447799999999996,1.692918357280403,2.242077189093815,2.1446447,2.13281,2.372,1.9841995126457446,3,4
2.9991299999999974,3.024321148295429,3.124599176097899,3.0582886,2.9499512,2.434,3.0809089848378877,3,4
1.990010000000001,1.665136158139483,1.7813000772994152,1.8840032,2.1228354,2.435,1.888237275023864,3,4
2.4534700000000003,2.2845784730302134,2.456468358989089,2.5178642,2.5869765,2.44,2.485475214444877,3,4
2.2920799999999995,2.483201331061102,2.2066155898918574,2.453332,2.3483222,2.455,2.4884695022746093,3,4
2.222380000000001,2.348783661442916,2.414416341249175,1.6421578,2.0827274,2.457,2.0930505323893294,3,4
1.8993399999999991,2.0115484034437165,2.625631149790567,2.0819113,1.6970464,2.467,2.0017674517909327,3,4
2.5533899999999994,2.5244756224008813,2.531598259931549,2.3800035,2.3920248,2.473,2.498173463134481,3,4
2.5377200000000006,2.3594648472093867,2.4922549866693173,2.4776978,2.5477448,2.483,2.496821290199309,3,4
1.9435300000000004,1.8978332370273177,2.0253132920771235,2.07356,2.1557765,2.486,2.0575981831471952,3,4
2.082650000000001,2.8833627390816168,2.2882836857908733,2.27945,2.339419,2.486,2.5914563071393117,3,4
2.1092,2.4417436804577632,2.3865723585931518,2.607548,2.5203042,2.489,2.55794974587322,3,4
2.295210000000001,2.3537753911452977,2.2473987507614663,2.208032,2.2172103,2.547,2.3201941435596134,3,4
2.5086199999999983,2.3691461578027853,2.520337227871013,2.5676951,2.620696,2.581,2.547502886326428,3,4
2.4278400000000024,2.396526976346919,2.5336224553133198,2.754026,2.5026023,2.584,2.5929809197365894,3,4
1.8266,2.2268521800315866,2.6869429970907626,2.5507007,2.9740014,2.585,2.5444727178473525,3,4
2.3091799999999996,1.9954229663664456,2.3660335474648884,2.5015152,2.4235039,2.586,2.3157637064153964,3,4
2.9815799999999992,2.5305237100061215,2.413963851724354,1.008665,1.2126826,2.596,1.775012631688235,3,4
2.2734400000000012,2.0255947837200092,1.887763883920867,2.8094895,2.395793,2.607,2.4257525806260403,3,4
2.858670000000001,2.7193900737346266,3.4390180856376023,2.6215343,2.634945,2.625,2.7269908824208704,3,4
2.1808099999999984,2.038083426319884,2.302180960927489,2.423732,2.3411584,2.664,2.285027351957424,3,4
5.305240000000002,5.430395393596821,4.739975274918283,4.643355,4.132132,2.673,4.9736233296014625,3,4
2.3167499999999994,2.3952321668979595,2.313220502739034,2.3756545,2.4704382,2.676,2.4535993749024874,3,4
2.3866699999999987,2.1901164999044918,2.4169694155812174,2.231139,2.410404,2.686,2.3056106566078736,3,4
2.444510000000001,2.390994787868337,2.5059481051439256,2.5521784,2.5650637,2.692,2.5369592422800302,3,4
5.324100000000003,5.661728891088334,4.9875324122653595,4.907599,4.2146916,2.692,5.180947043110312,3,4
2.302210000000001,1.988940572520893,2.268174748033414,2.4848557,2.4249973,2.722,2.30751666620067,3,4
2.8207600000000004,2.656639712646221,2.655143422221365,2.834778,2.7885993,2.752,2.807151419351995,3,4
2.55076,2.4329485131303548,2.990022263481765,2.071381,2.3280406,2.759,2.339787434595107,3,4
3.466539999999999,3.2709976909655185,3.232672025424933,3.7537344,2.9160151,2.82,3.426319624437766,3,4
3.1549599999999973,3.436767402460104,3.2070686504002754,3.0993612,2.9128435,2.827,3.2653875739169615,3,4
2.987439999999999,2.952914680864167,3.2589907696798868,2.8468876,2.7350216,2.833,2.9290324877877314,3,4
2.226619999999999,2.2715789111264124,2.6313575143755727,2.3799524,2.2618554,2.938,2.352139492501716,3,4
2.49387,2.599282117184822,3.0138242911164648,2.872001,3.0384538,2.957,2.8442496072864265,3,4
2.5966699999999987,2.674239467707846,2.7327849869608465,2.708347,2.5521827,2.97,2.711201748635897,3,4
2.680919999999999,2.8549251220093184,2.7581991909104446,2.6753035,2.538529,2.995,2.7757237377325596,3,4
2.419599999999999,2.5693066689236037,1.98725728827738,2.092209,1.9346155,3.029,2.3105037892911575,3,4
3.2431199999999993,3.3112897763582017,3.12421010451785,3.1460567,3.087845,3.076,3.270721472982177,3,4
2.646390000000001,2.6924772881806693,3.2406140387207225,2.5156417,2.586622,3.103,2.6627945089333873,3,4
3.2058900000000006,2.961437047056065,2.8675481368983795,3.215095,3.0219193,3.106,3.1296089780124943,3,4
2.7044799999999998,2.286504719019108,2.239439135137105,2.4113436,2.4034293,3.111,2.4145875872623783,3,4
3.0658999999999996,2.860210573197466,3.2710441297215125,2.8888366,2.9772906,3.12,2.9618918337425004,3,4
3.02963,2.7625085461932963,2.25691462103834,2.2079465,2.1175833,3.125,2.4902710919374,3,4
3.2012600000000004,2.8333013663458013,2.775460311766266,2.851519,2.9547977,3.148,2.9362686694729274,3,4
2.7143700000000006,2.7717735244081703,2.6475007724801256,2.2994604,2.303554,3.151,2.559642178673065,3,4
2.892199999999999,2.825153229318708,3.4189736359352905,3.380546,2.819034,3.162,3.0728002955876637,3,4
3.182109999999999,3.2739850198862657,2.6684668764449535,3.071908,2.811152,3.168,3.1643385533346517,3,4
2.8775499999999994,2.531228799941332,3.1053351595823857,3.2246456,3.2690969,3.183,2.9985496721849763,3,4
2.9640099999999996,2.9336787601487515,2.87103126172845,2.943489,2.8895288,3.19,2.988637626958302,3,4
3.5755699999999977,3.3220953988555295,3.1552757517338192,2.92367,2.9070258,3.217,3.167086421767455,3,4
3.0190099999999997,2.7080328730214736,2.9282081359899856,3.1241746,2.9799352,3.283,2.976593609434322,3,4
3.194500000000001,3.6218080155987735,3.3505642960106936,2.877309,2.91609,3.293,3.270291110006922,3,4
2.9387399999999984,2.806435034327512,2.749049392893955,3.0455987,3.206607,3.385,3.041721154494843,3,4
2.9844499999999994,3.303257844075935,3.9958570977785244,3.8748798,3.9008496,3.462,3.6950885195293237,3,4
3.4497500000000034,3.1141733629177772,3.0967038978665804,3.3529325,3.162809,3.553,3.2801823186181784,3,4
2.5503500000000012,2.641848276316214,2.5640161839640423,2.577209,2.4370108,3.613,2.625169757541484,3,4
2.850149999999999,2.5904196120243355,3.3635263552387493,3.9228377,3.505602,3.613,3.3144051392280884,3,4
2.4656800000000008,2.356406601736008,2.3718210948488503,1.0298972,0.97345454,3.619,1.639398149594638,3,4
3.0773299999999977,3.0740813390604473,3.217980122950105,3.5616798,3.280466,3.667,3.351140840039721,3,4
3.3731700000000004,3.4606466752615703,2.6251762410450565,3.193249,3.1176,3.731,3.3604269352429514,3,4
4.425660000000004,4.385007356769383,3.6230205929500032,3.925709,3.4528577,3.784,4.106568178187927,3,4
3.6987400000000004,3.3770228109004092,3.7212117026863547,3.7485156,3.6376643,3.786,3.6420289568689754,3,4
3.619479999999998,3.6947946521390196,3.7758514446990006,3.6024623,3.363257,3.814,3.661846034695334,3,4
3.3257200000000005,3.0479158049715105,3.2787553195467485,3.610692,3.685938,3.906,3.456785087424197,3,4
4.104050000000002,4.248371541824237,4.1641652035635905,3.6639695,3.414757,3.936,3.9423593548380333,3,4
4.0909400000000025,4.2022564697693765,3.655814185902507,4.4782605,3.9454412,3.947,4.321136507340414,3,4
3.674609999999999,3.9869278561964334,3.843657813881263,4.1475587,4.0909796,3.966,4.139916942614244,3,4
3.299399999999999,4.059221517119126,3.950756239885786,5.2628527,4.6090846,3.972,4.658449618821538,3,4
4.1156900000000025,4.144853615649343,4.035407295426953,4.0073376,4.019538,3.983,4.154681054098182,3,4
3.6797799999999983,3.5948519938491295,3.6470968644494963,4.2630987,3.876831,4.073,3.963670721388783,3,4
3.3852499999999988,3.8609606614232086,3.629065544646084,3.9153605,3.7656758,4.074,3.9249499875660945,3,4
3.9369200000000046,3.864387835134111,3.72120833065044,3.966761,4.064481,4.146,4.027526479160896,3,4
3.971239999999997,3.5233169362979124,4.275203462249888,4.046017,3.968134,4.219,3.888519610549911,3,4
4.469149999999996,4.631369642691578,4.120448699104479,5.262229,4.9710326,4.549,5.015694453803331,3,4
4.133700000000004,4.371716298211643,4.257016631490986,4.133116,4.302274,4.562,4.3592088084608,3,4
4.8916799999999965,4.412333764973285,4.3003212878893855,4.8007665,5.1029882,4.607,4.807931060816535,3,4
2.2549000000000006,2.083127167042292,1.5954692364365448,0.8525968,1.4468488,4.689,1.5667431317480989,3,4
3.666189999999999,3.4521180577196944,3.2988299079581562,4.369757,4.0979633,4.706,3.9899359135541483,3,4
4.152869999999998,3.9608984671583336,4.158200809665458,4.1717052,3.8908854,4.706,4.103823307896602,3,4
4.966480000000003,4.986519965078932,4.864898708784731,5.0478797,4.8692946,4.765,5.083460829710498,3,4
4.630660000000001,4.722766626910465,5.192572877221313,4.714104,4.750948,4.8,4.82202330321367,3,4
3.8061399999999987,3.763668252101756,4.104906753398346,4.335008,4.427836,4.992,4.190023779706167,3,4
6.05389,5.887229549911608,5.568418908811466,5.6666937,5.6828384,5.084,5.8921400237089445,3,4
4.63699,4.234961405293517,4.575954880665782,4.9473825,4.803827,5.087,4.70670709262225,3,4
3.4905699999999995,3.618373608536062,3.0524468663720405,3.5752733,2.854578,5.137,3.4995376274205814,3,4
4.308919999999998,4.370787984244827,4.902367678513716,4.695988,4.8140383,5.166,4.6725067902086765,3,4
5.630760000000002,5.3785977089748584,5.210976165053326,4.7505546,4.6561084,5.211,5.1175278452029005,3,4
5.286190000000001,5.721929364352254,4.485681656065838,4.939458,5.327226,5.324,5.472617687763467,3,4
4.035609999999998,4.358343989631832,4.112034029189823,5.079182,4.777826,5.397,4.781613687045224,3,4
5.566829999999998,4.995241286781602,5.413120672401815,5.657066,5.6930223,5.631,5.499878515956387,3,4
4.453620000000002,5.2426050667401585,4.192774491525778,5.9481616,5.5527678,5.741,5.641350716727139,3,4
6.207810000000002,6.324916416411637,6.08526820801712,5.8370075,5.991031,6.07,6.210703888897652,3,4
5.901460000000001,5.86143083372393,5.816865493020326,5.9061766,5.9931903,6.093,6.029904870756001,3,4
4.606940000000001,4.037842345573302,3.5307916408015805,4.3595366,3.7059488,6.127,4.1698001241293685,3,4
6.101490000000002,6.2716068741112245,5.421671476147992,6.2449274,6.356203,6.216,6.407848230098751,3,4
6.9991300000000045,7.1024403143256585,6.631828075439957,6.5344386,6.289045,6.255,6.867087715655049,3,4
6.466970000000004,6.178376090624648,4.199489567428019,6.2049336,6.3795433,6.986,6.369937811962042,3,4
6.804610000000002,6.708770437818691,4.579597774481577,7.0036526,6.3249516,7.674,6.862468434309728,3,4
0.14717999999999998,0.4671457411298213,0.43663076145387336,-0.022067703,-0.20886904,0.009,0.15482097139702486,4,0
0.38619999999999977,0.7267129841212969,0.6113043225885946,0.18907577,0.086911194,0.033,0.42411091479282104,4,0
0.5577500000000005,0.8047654653409715,0.7814107875122915,0.11420754,-0.16210231,0.126,0.3824677446909569,4,0
1.7318600000000002,1.6286443914502065,1.7480921631589659,0.5181057,0.6150375,0.243,1.1902996371281829,4,0
1.1040699999999999,1.1060414278114539,0.8739150382200542,0.5960983,0.6152608,0.29,0.8984208989730932,4,0
1.37513,1.2430661817758633,0.899498845923212,0.48841947,0.42499074,0.32,0.9097248168219201,4,0
1.02212,1.0846261521783753,0.8126186021658026,0.14565998,0.30768758,0.335,0.7209329796226168,4,0
1.3475700000000002,1.1314767683328733,1.7969103050029622,1.1926386,1.8904518,0.372,1.4422882347210653,4,0
1.27643,0.6228048786894587,1.0276009374836672,0.63858575,0.8806991,0.423,0.7892411753833991,4,0
0.8746600000000003,0.8152430679047283,1.0491172490748144,0.4476063,0.63687897,0.52,0.7319005934203658,4,0
1.0028500000000005,0.9215512439305478,1.075160371367022,0.2378858,0.15890288,0.555,0.6043671854845748,4,0
0.9659100000000003,0.8778322100173988,1.2258313638903726,0.58348244,0.8077188,0.598,0.844432501592165,4,0
1.0793799999999993,0.9634351533762068,1.3471456457596764,0.83374447,0.9648428,0.609,0.9788266211672566,4,0
0.8196299999999997,0.7642704672566503,0.6151620643231799,0.5287365,0.5504212,0.618,0.6833242870517724,4,0
2.52524,2.644162055567876,2.727688552453723,2.2835984,2.3385017,0.685,2.5372349708864075,4,0
1.1542099999999997,1.0440964514561961,1.1414592637787948,0.86090916,0.572257,0.801,0.8921283415439153,4,0
1.28676,1.3418517180086056,1.5467035640104583,1.5006044,1.379364,0.823,1.395287535796422,4,0
0.9443699999999996,0.783379055638282,0.8839468161774655,0.51722366,0.34068963,0.876,0.6311264282426202,4,0
1.6079500000000002,1.311396846407452,1.6534404488007266,1.1126156,1.1324997,0.958,1.2813372962178047,4,0
2.3438799999999973,2.355645662928724,2.532198682382856,2.0850751,1.6822915,0.971,2.1384669698560925,4,0
0.6962299999999996,0.802104376580652,0.9812722933786029,0.7142621,0.69044,0.98,0.7589695819271275,4,0
1.9151599999999984,1.718153745535999,2.2633571917456408,1.3184736,1.3156205,0.983,1.585709764680367,4,0
1.60482,1.6016345953151958,1.4251279971787347,1.1704302,1.1420188,1.004,1.4245922715998875,4,0
1.48458,1.4832123661448948,1.6177572174396047,1.6802704,1.420212,1.017,1.5152181666576545,4,0
1.4194500000000003,1.420205448293333,1.2142156791869154,1.0178536,0.8502459,1.031,1.2048793477644186,4,0
1.5593999999999997,1.2667992077958763,1.1902154889028578,0.8094993,1.5486135,1.06,1.3618934889758276,4,0
1.5687100000000003,1.8125594255947945,1.6380035462661398,1.2137945,1.261372,1.098,1.5640327139316617,4,0
0.9731999999999994,0.8536778238398887,0.975405459529852,1.0538907,0.96330714,1.116,0.944099816996573,4,0
1.6071100000000005,1.7855355756875133,1.754607384584386,1.3575289,1.4292536,1.138,1.6301756798810976,4,0
1.7351900000000007,1.6242866640710636,1.8426988621819964,1.2483011,1.3804668,1.144,1.5387296182378387,4,0
1.6224099999999992,1.3109936501822608,1.2233590085359807,0.62390345,0.6279018,1.153,1.0508752617293486,4,0
1.5109300000000006,1.6277821367797465,1.429505479553183,1.1528443,1.1644405,1.158,1.4329817955708064,4,0
1.3633199999999999,1.366076154275713,1.9583081006036682,1.0053192,0.8743668,1.184,1.1812730392547288,4,0
1.3695799999999998,0.8652965437812069,1.1249716194963093,1.4871299,1.3576219,1.194,1.1754027492990595,4,0
1.2754099999999993,1.3420517171558668,0.9098635423419332,0.57798964,0.63766086,1.195,1.0290453928870322,4,0
1.067199999999999,0.7287035250201681,0.9598753115430791,0.82070297,0.624636,1.22,0.7518219216359562,4,0
1.4432600000000002,1.3700780680887668,1.3642615185948366,1.2520428,1.2438477,1.238,1.3471480455342206,4,0
1.6474400000000002,1.574605303941216,1.4086587098744219,1.1689198,1.1919007,1.303,1.4332257043131431,4,0
2.0443099999999985,2.1842773747863946,2.5251289308245606,1.6007903,1.8158276,1.324,2.0176992922099575,4,0
0.59107,0.46111781860810125,0.6384636469612817,0.1579619,0.0003856346,1.379,0.2887528881945613,4,0
0.7329299999999997,0.6041102921627087,0.7191247639335638,0.10463733,0.48127887,1.379,0.5264095285018704,4,0
2.6684799999999997,2.641023019953716,2.642634487532095,2.2442782,2.3844388,1.381,2.5607537843184005,4,0
1.512939999999999,1.7904483846940238,1.3847299684406105,1.2472807,1.1170106,1.411,1.5030738457506958,4,0
1.6717400000000007,1.452183454965302,1.5295748373241724,1.5669367,1.4409012,1.419,1.512637332842094,4,0
2.305149999999999,2.071888552406746,2.7601833456780724,1.766444,1.8272145,1.428,2.0154511584913597,4,0
1.8767899999999995,2.1062743156792165,1.9642661561209258,1.8050488,1.8491507,1.472,2.0015775007201664,4,0
1.7313,1.6970156037184259,1.6716873050293803,1.6865476,1.7376894,1.501,1.7469218745552983,4,0
1.662440000000001,1.7784742231810189,1.7529411827195225,1.4002383,1.4198289,1.528,1.6342688773379597,4,0
1.9995000000000003,2.1307490220568672,1.8103579911748229,1.8699337,1.9332204,1.541,2.061408784123134,4,0
1.9422799999999987,1.9058645163246037,1.798445263237699,1.7876575,1.8129432,1.544,1.9014250626158906,4,0
2.5817499999999995,2.5538454564305564,2.892826406138653,1.6349106,1.8289989,1.558,2.248579850719419,4,0
1.1791600000000002,1.0429926731305692,0.6329639696310752,1.0150892,0.9502156,1.583,1.0420120288234644,4,0
1.4959400000000005,1.8864287266197626,1.657775969755275,1.1900607,1.2567616,1.585,1.5864134658073845,4,0
1.5605000000000004,1.6760197668302117,1.5131109835023115,1.4385226,1.3418984,1.616,1.5552062627578054,4,0
1.36285,1.0939922449250283,1.1757174199595835,1.5355334,1.4854978,1.67,1.3294007589766212,4,0
1.4119099999999989,1.4903171729217595,1.6099472054680986,1.538772,1.4980681,1.671,1.5209375053504797,4,0
1.1312499999999988,1.1143492031386268,1.334340676378845,1.3505099,1.2867589,1.703,1.225780293233279,4,0
1.3264700000000003,1.318502106158764,1.3853328831017895,1.6358109,1.584331,1.715,1.4749066119956367,4,0
1.0914399999999993,1.2647560450369617,1.219847768252658,0.9004956,0.8365671,1.743,1.0825833418198967,4,0
1.3259799999999995,1.15062463161002,1.1733548470357305,1.5784175,1.5343349,1.753,1.3737044893999657,4,0
2.366179999999999,2.523572614239304,2.6525659499288436,2.7443674,2.5600753,1.777,2.597772929905637,4,0
1.5330999999999986,1.3722905170527546,1.3692779949750387,1.947353,1.8802264,1.785,1.6586724084092757,4,0
1.3852000000000002,1.125502947482107,1.6132447082501606,2.026257,1.9192388,1.787,1.5537435838887084,4,0
1.9809800000000006,2.1111721915279955,2.1080980176440107,2.0798912,1.9135151,1.835,2.0692202434973592,4,0
2.73123,2.445584473339229,2.730698563828576,1.87725,1.8936694,1.848,2.2648457084398363,4,0
2.39284,2.236428296575614,1.8566966214169929,2.0269828,1.8707764,1.849,2.1459683253938273,4,0
1.6647699999999994,1.5425533717859308,1.6841343457267481,1.8024051,1.7767243,1.857,1.6968206285935423,4,0
2.157000000000001,2.2358805470217327,2.209674971903879,2.1867425,1.9862031,1.858,2.181474180795259,4,0
1.7465599999999994,1.6527475054070584,1.5889061580305646,1.6816921,1.6021436,1.903,1.681108750532995,4,0
3.1596099999999994,3.1533905358984717,3.2932407589862818,2.4617023,2.6736763,1.951,2.9693108876983856,4,0
1.5828500000000014,1.7543310543017363,2.1286544548545634,1.957052,2.2426589,1.965,1.9642149002943092,4,0
1.7335299999999998,1.589151997947887,1.8502461050760952,2.1395857,1.9711931,1.987,1.8322072030916845,4,0
1.2009199999999989,1.2762504058886182,1.1508116125826546,1.1435113,1.0170628,2.001,1.189668320506389,4,0
1.8994699999999995,1.9267228574069686,1.7665106857113393,1.8931816,1.8550267,2.006,1.9339695910978358,4,0
1.9003399999999993,1.7456017850656065,1.931288722469841,1.9095987,1.8233829,2.013,1.8420106687236313,4,0
2.6180300000000005,2.4606613642045394,2.091680378852941,2.226107,2.2067323,2.026,2.4099728880555964,4,0
2.24901,2.2879082923459872,2.4887837164879687,2.0952542,2.1535249,2.039,2.260566972092068,4,0
1.8250899999999985,1.8867857113260218,1.7914764300769885,2.3418963,2.113145,2.04,2.0508754694191307,4,0
1.9868199999999998,2.0024863815752574,1.9120511146114214,2.2023327,2.0833464,2.047,2.0927672244044673,4,0
2.0137300000000007,1.9876444279481313,2.063582972533779,2.0762217,2.0295641,2.055,2.054943979892365,4,0
1.9108699999999965,1.7239830447531637,1.5851923880495244,1.7033106,1.6473505,2.062,1.747959066437389,4,0
2.0425899999999997,1.8301926021263746,1.8472105318833503,2.0048673,2.0236945,2.067,1.9748111347751762,4,0
2.2626800000000005,2.4961021948338864,3.097460727436807,2.5138104,2.7064755,2.083,2.5972988209504044,4,0
2.1813799999999977,2.169577385320321,1.9634123930549099,2.1912115,2.0207865,2.09,2.165772709173636,4,0
3.636200000000001,3.647535438862305,3.211118007879848,3.5442483,3.7826052,2.106,3.7530464148059512,4,0
2.94753,2.6549548593433596,2.0249043395185176,2.2799056,2.422592,2.137,2.611766134827438,4,0
2.2250900000000002,1.353174132037738,3.018475428378275,3.2642953,3.3866453,2.211,2.3920031037324962,4,0
2.2892999999999986,2.4281714408613695,2.525733465870495,2.4859226,2.3763435,2.212,2.4523585128311174,4,0
2.0524500000000003,2.188892110327612,1.8781296276914856,2.3509119,2.3102386,2.223,2.2803869564014985,4,0
2.1449099999999985,1.8685054065525137,2.00187497958662,2.1807308,2.164869,2.235,2.07195080800443,4,0
2.2836199999999995,2.0515663627696346,2.2669788757093627,2.4451542,2.1505213,2.252,2.196611722340158,4,0
2.121340000000001,2.400736722017277,3.0720834438611617,2.5959165,2.500183,2.256,2.479012316976981,4,0
2.1643399999999993,1.9850237291277093,2.1048491915533263,2.165636,2.1230197,2.262,2.111227987820535,4,0
2.344439999999999,2.0742648087784143,2.083380319183537,2.069834,1.9837315,2.29,2.1105782918429306,4,0
2.66663,3.4166369838625665,2.6076916019128116,2.1186304,2.2539268,2.298,2.8570186581958956,4,0
2.27517,2.5301600143360194,2.1652302962268495,2.2979684,2.2327497,2.345,2.4259919433019768,4,0
2.7172699999999996,2.931994410275066,2.7278875643201483,2.5772996,3.2802644,2.348,3.0459387225240233,4,0
2.56667,2.580182316889453,2.618053197833158,2.4203947,2.4714956,2.354,2.5739219632044135,4,0
1.8417600000000016,2.4303999710381277,2.161832924220819,2.0387957,2.048368,2.363,2.243443138009948,4,0
2.16164,2.250054302312257,1.9998089493672255,1.9736049,1.9832042,2.37,2.1616719632822323,4,0
2.312749999999999,2.357130337004983,2.4777818885230807,2.4120262,2.290511,2.378,2.3837206009085947,4,0
2.2967000000000017,2.5972470850716114,2.1776257387378815,2.311725,2.3247256,2.404,2.492045986716826,4,0
2.3990300000000007,2.354956065350626,2.491687830663058,2.5821884,2.5976384,2.461,2.5167949263186884,4,0
1.8704400000000014,2.6149636716469256,2.27928322242295,2.3636477,2.316639,2.486,2.4620552301509395,4,0
2.839860000000001,2.612601682033857,2.348965441690104,1.9295543,1.7972316,2.509,2.3254916053693893,4,0
2.1748299999999996,2.1220606512506968,2.010301121411683,2.3847194,2.2718754,2.52,2.2525957815079285,4,0
2.4010300000000013,2.2053187054353067,2.2507353928347205,2.302457,2.3684452,2.549,2.3360439353878784,4,0
2.463780000000001,2.355192909237172,2.509108355113101,2.58794,2.498972,2.572,2.4901596084006195,4,0
2.1106000000000003,2.2211001769597187,2.303830705108015,2.2971542,2.434082,2.586,2.3367471902575567,4,0
3.443159999999998,3.4563939679161315,3.267568212904334,3.286911,3.1693604,2.598,3.4054665792263394,4,0
2.21852,2.3695488217767666,2.0108857086764127,2.8570192,2.5926735,2.6,2.537359498692469,4,0
2.83104,2.849230479034455,3.1543923053325282,3.0614893,3.114325,2.611,3.0207238713708904,4,0
2.459429999999999,2.728080557948885,2.6395648410673376,2.2325282,2.4237704,2.621,2.5923661142995043,4,0
2.6609200000000004,2.642848422564798,3.6026871130215774,2.8693962,2.6630983,2.622,2.7317022764118657,4,0
2.45444,2.576803294985196,1.9057810026231725,1.7044072,1.4482547,2.628,2.1247970106225464,4,0
1.9180799999999996,1.8314048541072288,2.11064662926192,2.0375986,1.9304063,2.664,1.9352377308801658,4,0
2.8495300000000015,2.6441614077956737,2.7763175525426047,2.7635791,2.6930413,2.68,2.7481937180243867,4,0
4.597400000000001,3.8210050012664065,5.497372687729582,2.9298327,3.0486379,2.692,3.601251059370303,4,0
2.9652000000000003,3.2660994418796414,3.358666204600169,3.1504805,3.1840055,2.707,3.2599078354318616,4,0
2.37067,2.18382457323169,2.4150317818103946,2.399268,2.2700272,2.729,2.301219130811172,4,0
2.54406,2.6439661877661873,2.8272832997084083,2.9848359,2.9046426,2.736,2.817397717511233,4,0
2.7096100000000014,2.644233389661967,2.5359414113201946,2.6176825,2.7864344,2.752,2.748899764223537,4,0
2.3334599999999996,2.4051583981649114,2.3439819306852985,2.7641177,2.7420826,2.768,2.6048498807277434,4,0
2.7725299999999993,3.3294093660922868,3.2206108218073206,2.9927597,2.8464806,2.789,3.135626094706373,4,0
3.294500000000001,3.0994570801057195,3.2501250760212956,4.050268,4.1020904,2.82,3.6383476247192377,4,0
2.9165699999999988,2.873739796679431,3.1194525748741415,2.5287554,2.601154,2.833,2.800396764707155,4,0
2.7422400000000007,2.775104740519776,2.9208605248389086,2.7689903,2.665158,2.834,2.7889759752668573,4,0
2.31829,2.2410022767234103,2.581092340349487,2.3884232,2.6067967,2.839,2.436297770329909,4,0
2.563490000000001,2.452207980627348,2.8192183616380686,2.9461024,2.8642685,2.844,2.712717582619292,4,0
2.9373199999999997,3.075916276387111,2.9194148160608164,2.7777324,2.7570171,2.862,2.978696631245012,4,0
2.8765799999999997,2.8617355576704595,2.8891969615769604,2.6423104,2.6641688,2.864,2.8262535824289863,4,0
2.8794599999999972,3.0563963326858845,3.0917795368669556,2.7722547,2.865454,2.893,3.000523583719862,4,0
2.8199999999999976,3.0118098383609286,3.1382410024159775,2.6226718,2.7562642,2.916,2.9188069056502317,4,0
2.853790000000002,3.0228483071419627,2.9049891365374307,2.948438,2.8934057,2.921,3.0134480077880963,4,0
2.4572100000000017,2.3087039975432653,2.6326261724489672,2.5912297,2.4656677,2.922,2.4571640423151573,4,0
2.382729999999999,2.6507054796939786,2.356948712494156,2.2106054,1.7677271,2.928,2.3221928659331783,4,0
4.075120000000003,4.161433363822764,3.8269671086567434,2.8725655,3.2732782,2.93,3.7765709662532063,4,0
3.2540699999999982,3.4609536855587986,3.3285976848141865,3.4124246,3.5153985,2.951,3.5226619288129406,4,0
3.05545,3.0222636355155994,3.0446698341066467,3.085501,3.1018715,3.146,3.120763116792517,4,0
2.129759999999999,2.2946556417744914,2.4642816949900097,2.2184284,2.2929144,3.172,2.3145925888714394,4,0
2.888599999999999,3.459136157555658,2.3435380564808743,3.0843313,2.8771267,3.181,3.2280983698537358,4,0
3.031689999999999,2.9453975034544873,2.640937803968989,2.7377903,2.8201098,3.277,2.9447256761417218,4,0
3.04823,3.6690213271936365,3.2230636322203656,2.8929079,3.428641,3.35,3.505706022351115,4,0
2.178689999999999,2.362449509519425,2.6039093409833365,2.7509587,2.7682981,3.369,2.577496838332188,4,0
2.8623799999999995,2.5130991437724783,3.9994545171916114,3.4272382,4.073606,3.462,3.2418099557328843,4,0
3.440940000000002,3.263678653590277,3.176497819492031,3.0449667,3.1320572,3.469,3.274741938455658,4,0
2.7723099999999987,2.4080281611699417,3.1604442274884748,3.9470317,3.8291824,3.502,3.1638826623060345,4,0
3.8725499999999986,3.927302477216843,4.0227935511103965,4.224851,4.0788064,3.531,4.088193598128597,4,0
3.2128100000000006,3.211175402297877,3.077674659515845,2.6727977,2.7921085,3.55,3.0670702379401376,4,0
3.354090000000002,3.117019737619369,2.902377762787121,2.9841788,2.83613,3.553,3.090286542570606,4,0
2.472630000000001,2.52971855417903,2.662456982678835,3.3557894,3.0056562,3.651,2.837306257679555,4,0
3.6034399999999964,3.246307580403915,4.355377189399006,3.8606093,3.8097177,3.653,3.6130256166637844,4,0
2.44741,2.4190318552110748,2.333102214057888,3.222851,3.215357,3.692,2.8397020988941652,4,0
2.668520000000001,2.575796115148738,1.765927428938772,2.3560154,2.015229,3.705,2.41794948736441,4,0
3.52851,3.7214488162015713,3.719403441443909,3.3016264,3.3689935,3.719,3.605645830286169,4,0
2.44374,3.1059793992920066,1.9529488520815117,2.0684876,2.5322092,3.74,2.7817183039759104,4,0
3.5382400000000005,3.391760526916606,3.3645723165653534,3.4202416,3.3719003,3.745,3.4704726941642567,4,0
3.4912500000000013,3.653251067979014,3.1084550564659796,2.706104,2.8182259,3.769,3.3102927978285797,4,0
4.113310000000001,4.48375826154093,3.812532348803932,3.8188934,4.1065636,3.784,4.3277893016864075,4,0
3.682540000000001,3.8918040114591634,3.896469291607457,4.6557045,4.6047616,3.808,4.2853392476459105,4,0
3.3506799999999988,3.044960264432445,2.919409813088113,3.3844564,3.0915256,3.859,3.192587222970025,4,0
2.7829400000000004,2.565215696389059,2.448694116033777,3.4863129,3.306888,3.865,3.0027612628212967,4,0
2.42228,2.367058155568462,2.232356604933186,3.2066486,3.1783574,3.891,2.7987557849947566,4,0
2.8411799999999983,2.7855416917859865,3.048410583783458,2.886949,2.8982244,4.028,2.8974322682904052,4,0
3.915430000000001,3.818438704205175,3.2118397493145934,3.6998627,3.7166238,4.095,3.855038003142144,4,0
4.253349999999999,4.159424074194676,3.9927709617539153,3.970177,4.0079007,4.164,4.176991825060939,4,0
2.4867100000000004,2.4012264273203643,2.2565119401061704,3.2188308,3.1742334,4.269,2.820803878629051,4,0
3.2404700000000015,3.574945966940568,3.5422597957097697,4.082553,3.6442428,4.28,3.6987148618224888,4,0
4.255960000000003,3.7954919822236675,4.385919099171057,3.8528602,3.7794697,4.28,3.917738863029369,4,0
3.6179900000000007,3.6490309188341574,3.6052879485588916,3.8370788,3.808929,4.44,3.796326810150695,4,0
4.29323,4.418710141204808,4.251791343321377,4.9941516,4.7987933,4.521,4.6942889615540855,4,0
4.134090000000003,4.15675787786566,4.390049297976576,4.2816997,4.1896806,4.562,4.26394419813205,4,0
4.227010000000003,4.316449769325996,4.185671525001826,4.5966277,4.5474114,4.6,4.506819508243125,4,0
4.633359999999997,4.707109639431749,3.8374328634478014,3.734681,3.6352684,4.607,4.30973573709947,4,0
3.2985399999999987,3.29176734939355,3.502959444579588,4.4221683,4.044377,4.702,3.7522444508104615,4,0
4.657310000000003,4.799267820503481,4.572544707025197,4.6481605,4.5075574,4.726,4.763215460655987,4,0
4.6509500000000035,4.799267820503481,4.639707376782012,4.8740845,4.875208,4.747,4.915685130942129,4,0
4.021809999999997,4.5438113827915245,4.0211671512733265,4.605808,4.6504717,4.792,4.627591797387881,4,0
4.785390000000002,4.113239631336585,5.137365301492034,4.5521708,4.6961236,4.911,4.513529856735333,4,0
3.91393,3.90049644498739,4.115176991113912,4.582232,4.6365824,4.957,4.313947435436516,4,0
4.460530000000002,4.470512855317682,4.1934575102553975,5.3188186,5.143193,5.121,4.891484030249948,4,0
5.334080000000005,5.400759462976772,6.0476831282866925,5.4763565,5.5548987,5.286,5.564020465952328,4,0
3.17277,3.0676618463597904,3.4683241991418567,2.8482578,2.3305364,5.342,2.8604802880561575,4,0
4.402609999999999,4.731719561264839,4.012501506027157,5.600317,5.969233,5.741,5.322472086294371,4,0
5.3185800000000025,5.507883571800445,5.384844406756442,5.5781846,5.5334516,5.77,5.616672685124515,4,0
5.1568799999999975,5.101315462660036,4.710281579718103,5.565322,5.340814,5.787,5.346649662369871,4,0
6.325740000000003,6.534729679774876,5.755240816333008,6.7084603,6.8085504,5.829,6.7595515856249975,4,0
5.214979999999994,5.228556726309428,4.881667431570106,5.6027865,5.4678674,5.946,5.458773691549168,4,0
5.67634,5.48170471788179,5.81841527901396,5.9948087,6.1949286,6.045,5.916255254621128,4,0
5.67811,5.731475397006122,5.97082123850481,6.070437,6.0175867,6.063,5.9796093183034476,4,0
6.3324500000000015,6.1679472015682695,5.997856500634503,5.9294815,6.013425,6.176,6.225565092536998,4,0
4.1817199999999985,3.9198097317699814,4.906038458474933,5.687095,5.9230313,6.247,4.922615904031228,4,0
7.003050000000003,7.01968209443742,6.493190747768711,6.73031,6.614255,6.255,6.984619929365937,4,0
5.936479999999997,5.868611496013271,6.108717499881336,6.345072,6.367046,6.475,6.2205862876130995,4,0
5.0847000000000016,5.460071642104902,4.746175792425005,5.8543725,6.099285,6.753,5.798844947560144,4,0
5.239350000000001,5.122247403415152,5.545477647630495,6.3842597,6.0672436,6.767,5.711797734167236,4,0
6.306050000000006,6.642365986169291,4.059480512293505,5.5044065,5.295221,6.986,6.143813812232139,4,0
6.059860000000001,7.280121057804339,5.478823481773396,7.035257,6.712443,7.217,7.082559397265155,4,0
0.29384000000000027,0.6258108064591477,0.6087130998623498,0.19686948,0.11133242,0.013,0.2818933919074729,4,1
1.0613699999999997,1.2033424047028214,1.6215512314680476,0.23472516,0.5954517,0.07,0.7560133180166466,4,1
1.1833799999999999,1.264707700540232,1.2315454993081993,0.8984014,0.42739928,0.1,0.7459756986016578,4,1
0.43738000000000005,0.6372845636323602,0.8477454027830431,0.7603463,0.44185844,0.118,0.5457147274380415,4,1
0.38409,0.7318444190589597,0.9169078048515751,0.17897592,0.4699519,0.228,0.5286386344097187,4,1
0.4123200000000001,0.6809054931065236,0.6905054191789484,-0.20377436,-0.06588974,0.406,0.14865679593864722,4,1
0.73245,0.9346998771629693,0.8501275052548753,0.6512835,0.26306224,0.428,0.5181463936022233,4,1
0.42531999999999975,0.5251901865405159,0.45595337171808614,0.17928468,0.15681547,0.447,0.27626043985821125,4,1
0.6986,0.5971364261869365,0.6869585531915123,0.25930995,0.39018774,0.458,0.4477092562559218,4,1
1.0862599999999991,1.1386872766797274,0.926660853395358,0.5709968,0.3871042,0.622,0.6471553099722767,4,1
0.5997499999999997,0.7041297487820932,0.7438235107482547,0.12586543,0.2103942,0.655,0.3580244536874029,4,1
0.6960299999999994,0.5579217426485952,0.8325456191423406,0.7564753,0.6383978,0.688,0.6390905866461971,4,1
1.9658199999999997,1.734619919674873,1.8582217534998997,1.3592681,1.5032779,0.693,1.589107182513699,4,1
1.4897900000000004,1.6939944524833601,1.4965135438244965,0.90080214,0.71273637,0.701,1.050733212591239,4,1
0.6411599999999994,0.6372542622365251,0.7633856228526561,0.48872808,0.56674635,0.722,0.591359146024304,4,1
0.78833,0.5777788885445377,0.6632918565983772,0.7283615,0.5843601,0.722,0.6096373736228049,4,1
0.7433399999999998,0.5383870162504315,0.837856076792673,0.81390476,0.70457006,0.724,0.6791372220682255,4,1
1.296059999999999,1.0230242575939124,2.1929219909772497,1.3984748,0.97323,0.735,1.0542724622093158,4,1
0.9665300000000003,1.0029493417357356,1.1140795278399809,1.2246,1.1394725,0.841,1.1292479238057607,4,1
1.6591100000000003,1.8389933391614233,1.6485475797894091,1.0457946,1.2238827,0.845,1.4190682413117088,4,1
1.68647,1.4881592795798637,2.1860566542439956,2.106413,1.88436,0.865,1.8236051734957175,4,1
1.9901200000000014,1.9128565444280334,2.6354449862637472,1.8962804,1.8600223,0.919,1.9173868051394551,4,1
1.662349999999999,1.9668965516363894,1.8692706063597906,0.6454626,0.73743993,0.938,1.1222009105610613,4,1
1.3994000000000002,1.753131644449431,1.5385633866064057,1.0333879,1.0626812,0.94,1.294122683872926,4,1
1.2653399999999997,1.5192842800313555,1.5779663353676021,1.142431,1.2103763,0.998,1.3226144671778939,4,1
0.9662099999999996,0.8172134710997089,0.8545405438889662,0.95688796,1.1197933,1.067,1.0308713057895524,4,1
1.1785899999999994,0.8085577459276632,1.390077480243725,1.7464151,1.3015766,1.1,1.2234987973223175,4,1
1.22025,1.1511464012016954,1.2870204092625135,1.2306354,1.0679677,1.103,1.13266523487106,4,1
2.2116800000000003,1.7316900983079844,1.4938062615829744,1.4781511,1.0955594,1.126,1.355655289776211,4,1
1.7613800000000015,2.152303439480161,2.5564465773888374,1.7568688,1.9329433,1.147,2.0201493970814886,4,1
1.1751599999999989,1.0670453747784427,1.042868169223285,1.0480801,1.0539109,1.191,1.0783521505411846,4,1
1.6699999999999997,1.7252929658741114,1.7218067815564848,1.1894125,1.1707563,1.201,1.3675524804521673,4,1
1.6598099999999993,1.6473929034096404,1.4097888060465356,1.9015617,1.5472456,1.234,1.6475863598271165,4,1
1.2851999999999995,1.4509446965549078,1.0394854715614847,0.9631351,1.1088945,1.283,1.2208923530787787,4,1
3.2333000000000003,3.242721417139321,2.7357800087582977,1.8554198,2.0034823,1.286,2.4104134031316553,4,1
1.4279199999999996,1.3007637168458819,1.7339847123332004,1.0795451,1.2187662,1.324,1.253276603273933,4,1
1.4960300000000004,1.4550202449477527,1.565649693953468,1.3222723,1.4249743,1.327,1.4515081608250413,4,1
1.14999,0.9106363747455442,1.594847765601963,0.12319338,0.06568336,1.331,0.33444495810158337,4,1
1.3697699999999997,1.290923765305465,1.2263619815673288,1.1539644,1.0863267,1.333,1.1785900053480156,4,1
1.7332299999999992,2.029334110113794,1.7510574007313011,1.4777814,1.307583,1.339,1.575277511186616,4,1
2.6921199999999983,2.3498080161167176,2.4705788012597227,1.6660477,1.783535,1.351,1.9813731165338972,4,1
1.578609999999999,1.4436529585105418,1.55131422219035,1.3862549,1.6420343,1.411,1.5856368301618344,4,1
1.5577800000000002,1.0598426863432036,2.1179939685469935,1.2506983,1.40846,1.437,1.3116219880012552,4,1
1.6661700000000004,1.6159170765540387,2.4428632882091494,1.4952129,1.2786981,1.475,1.4319840142460718,4,1
1.9160200000000005,1.9994760327625583,1.9431343445370086,1.572205,1.7731756,1.48,1.856633968717186,4,1
1.4548899999999991,1.5805051680660407,1.412275529354475,1.3779489,0.97849905,1.483,1.2275451772702648,4,1
1.5582100000000012,1.4203634272980763,1.4047434436132709,1.4568207,1.4719899,1.484,1.483732845356295,4,1
2.9749199999999996,3.0809808947542368,2.704169018052678,2.5209281,2.4726198,1.488,2.7152384048445075,4,1
1.600970000000001,1.745500267908893,1.398592332328567,1.5190698,1.1418304,1.507,1.3922324310029344,4,1
2.463170000000001,2.3873618813014854,2.9411358409628625,2.0299568,1.5771832,1.511,1.9083176994881303,4,1
1.8549799999999985,1.7233615631365826,2.013616612768185,1.2283412,1.6820514,1.515,1.6790230104657788,4,1
1.998189999999999,1.9442746777118558,1.870128300551809,1.6297234,1.7282103,1.564,1.8187524577777228,4,1
1.5905600000000004,1.4694899588331296,1.9858436203890548,1.3746253,1.2606719,1.581,1.3627530738010636,4,1
1.7766500000000003,1.9186101049505022,1.690855389204747,1.6361006,1.6246121,1.589,1.7491391797820623,4,1
1.10639,0.9748833173796829,0.8680676982577415,0.919664,0.91412395,1.595,0.9517365377869277,4,1
1.5747299999999997,1.3732370734307888,1.5464839542304643,1.5319575,1.6032103,1.61,1.5563391817680419,4,1
1.82037,1.7919402849583685,1.9723523973155337,2.0937843,2.020011,1.611,1.9978099192015395,4,1
1.9880900000000004,2.049530902652386,2.2275585697569493,1.941392,1.7502388,1.617,1.8984451072658746,4,1
1.69784,1.8066437556785504,1.7986438797187583,1.5099883,1.5641031,1.63,1.664382725198908,4,1
1.84537,2.4695561527115597,2.1565754894083677,2.1896195,1.996791,1.643,2.2037210317597813,4,1
1.5538700000000003,1.6308807666332168,1.2983421586007835,1.4416353,1.3892212,1.672,1.497325773489414,4,1
1.77384,1.7919402849583685,1.8788340838480169,1.7261069,1.6480076,1.677,1.7338555488144305,4,1
1.3074199999999998,0.9258866123615492,1.5469305567937348,2.0139613,1.4536898,1.693,1.3804451630648709,4,1
2.30942,2.5062977979325303,1.9110579090280817,1.9502921,2.006205,1.7,2.1947210584701287,4,1
2.3922899999999996,2.621013112360508,2.65333589463782,2.1175249,2.1768718,1.702,2.351121354792482,4,1
1.9756500000000004,2.124389041176313,2.1054423433078586,1.7059695,1.7726375,1.716,1.9094702493317954,4,1
2.024120000000001,2.1042459867172787,2.1040062438869684,1.9054265,1.7865398,1.718,1.933303624223881,4,1
3.7306,2.8440886854100365,3.2204643768867287,2.7324693,3.5635629,1.718,3.3218343130426793,4,1
3.7210299999999994,2.8440886854100365,3.1891729125863604,2.5801566,3.407916,1.772,3.2115611075568715,4,1
2.6147499999999995,2.604931369152194,2.8109824395691327,1.8285217,1.4375491,1.801,1.8696000203645826,4,1
3.0614200000000005,3.137071959386472,4.039224779148096,4.3743086,4.038051,1.809,3.8766197106331037,4,1
2.393819999999999,2.3146631160642532,2.060107822915955,1.8520149,2.0909622,1.829,2.175823900452239,4,1
1.8537599999999999,1.8089847101343266,1.9494752656618175,1.9006312,1.9731705,1.88,1.9538732134495889,4,1
1.7266300000000003,1.6033512009249065,1.944421450792215,1.4717283,1.3815687,1.889,1.4874807805724637,4,1
1.8709199999999995,1.6127470302945326,2.5806546416015546,2.762318,1.9701133,1.909,1.9850745021252787,4,1
1.8543300000000005,1.9409793633168706,2.1230805870208416,1.7263113,1.461373,1.956,1.6675831037191977,4,1
1.8040900000000004,1.7593693782452713,1.7422091706343035,1.6343493,1.7173713,1.963,1.7555704519165818,4,1
2.2482200000000017,2.4974011166617043,2.421815453310392,2.0090933,2.290404,1.976,2.369472245041809,4,1
1.6846599999999998,1.6801542117239248,1.6282085221843912,1.7672282,1.8287379,1.991,1.8125830249869315,4,1
2.1020800000000013,2.332895707832317,2.8949708350608585,2.4973497,2.4506152,2.023,2.4681726574772824,4,1
1.7065999999999995,1.8021283245751805,1.5424398311327572,1.8584062,1.6914483,2.048,1.7775461144675582,4,1
1.945530000000001,1.6478140622137123,1.9104542864501493,1.8162938,1.884546,2.05,1.8415217647385687,4,1
2.0631199999999996,2.238609997471915,2.143667073812133,1.8721483,1.8139313,2.061,1.9877119086946022,4,1
1.7848,1.8398825476978293,1.8433536696726345,1.823924,1.7868917,2.078,1.8429305603154058,4,1
2.205119999999999,2.0893455895602306,2.2287297039424407,2.0828087,2.0844467,2.098,2.1273470975518602,4,1
2.2331099999999995,2.083591681436636,2.6042071912087845,2.302256,2.4871752,2.104,2.391902135114108,4,1
1.74324,1.5139303858440396,1.900166643697632,1.7786797,1.74685,2.122,1.713141995478845,4,1
1.6570700000000003,1.0775487208745935,1.70289740323904,1.7993506,1.8679637,2.127,1.653411058099959,4,1
3.3806900000000013,3.6994059313496086,3.8256741478436393,3.6045065,3.3617513,2.156,3.5595617941342077,4,1
1.9806199999999998,1.991850177818311,1.906169787113046,1.2133578,1.5601904,2.166,1.6870221938116634,4,1
3.069319999999999,3.066258538265998,3.5687516306946128,3.4541717,3.3862233,2.225,3.362224340250399,4,1
1.985269999999999,1.8538854334006545,1.8761527692122029,1.9543196,1.8190274,2.23,1.8807870249858465,4,1
1.9216099999999983,2.431236851442867,2.4839858599679383,1.8289982,1.739543,2.265,1.9977788893646458,4,1
2.2275800000000006,2.082361570273034,2.1680425263217886,2.2117717,2.1398103,2.303,2.172544932144359,4,1
2.101150000000001,2.077377237808858,2.178929420254306,1.93789,1.7346361,2.313,1.8972784647238625,4,1
2.6297399999999977,2.1455638370159753,2.5728790651288413,2.5250576,2.540047,2.313,2.467120360241868,4,1
2.2548000000000012,2.006281274132089,2.2559737207139756,2.2015986,2.1692438,2.315,2.16564112555603,4,1
2.1235200000000005,2.0901146465856866,2.5475761948971436,2.3049424,2.148004,2.363,2.190006666080668,4,1
2.29182,2.0641603259024457,2.194910224379316,2.1848967,2.172044,2.421,2.1834027814006176,4,1
2.366720000000001,2.4569778486773837,2.5257760958046362,2.5296195,2.6870177,2.426,2.652369316194977,4,1
2.1244700000000005,2.3608103218890784,2.3183645500539116,1.8350064,1.6042757,2.428,1.8952214451987732,4,1
2.275840000000002,2.2486679642805445,2.3113675576830244,1.9903716,1.9201672,2.434,2.067638507531302,4,1
1.7764400000000007,1.5304501705819262,1.59422189425841,1.793974,1.8441001,2.435,1.7784630418696583,4,1
2.2434700000000007,2.2312271415946943,2.131697381737155,2.0797012,2.04525,2.442,2.1472695213858644,4,1
2.214200000000001,2.2228606423984556,2.2301403530027586,2.1472876,1.9498563,2.458,2.094599470998986,4,1
2.3421700000000016,2.5092312869466773,2.5569235652422213,2.1591356,2.2660844,2.476,2.374803585942418,4,1
2.5489600000000014,2.3272209431621165,2.5409993106986684,2.1679688,2.223953,2.483,2.2941338413574233,4,1
2.0204699999999995,1.999902308171191,2.0229146256107318,2.1351573,2.1027148,2.486,2.116389052725269,4,1
3.1112999999999995,3.0585592889666615,2.6084085809862994,2.35311,2.4588115,2.495,2.681744355097921,4,1
2.225519999999999,2.1664351695166735,2.381731601898452,2.4432065,2.336127,2.526,2.3418977651407085,4,1
2.287669999999999,2.226607917406591,2.254954794257698,2.1908932,2.3721552,2.547,2.3547522942803734,4,1
2.18567,2.2147575200503504,2.4052922202409923,2.0889134,2.1827288,2.586,2.225951667793846,4,1
3.051099999999999,3.3045543920222746,2.587280956539413,2.3098419,2.3555691,2.647,2.690923994546496,4,1
2.5223700000000018,2.3976590282967423,2.511482584938171,2.404897,2.4678237,2.651,2.488499686143154,4,1
2.031280000000001,1.8883367834718698,1.9417875868397303,2.0946152,2.1275842,2.654,2.092465443395909,4,1
2.9268500000000004,2.6694899954497417,3.022845010255313,2.834998,3.1711156,2.663,3.0427308036249285,4,1
2.341960000000001,2.350039516311064,2.284161158332652,2.45568,2.3065383,2.676,2.3821968710180803,4,1
2.4570900000000018,2.323345873878157,2.3827225630375217,2.4676857,2.4123085,2.692,2.438931485242933,4,1
2.5621200000000015,2.7627279061899443,2.4365462718887083,2.308356,2.2132092,2.717,2.437558794681599,4,1
2.7407900000000014,2.895436136116426,2.698859305061732,2.397679,2.5217311,2.732,2.6740470984644915,4,1
2.894819999999998,3.0576012677956186,3.312160489067943,3.032749,3.0430114,2.737,3.107083617893162,4,1
2.5561799999999986,2.2527306065002404,3.078512313665696,2.442384,2.523152,2.759,2.4810863374629157,4,1
2.55694,2.625793085471312,2.808410906681584,2.6038687,2.805994,2.789,2.784260768743003,4,1
2.9517300000000013,2.9498165361805015,3.0262701814124795,3.0788825,3.4605045,2.811,3.3301403530958527,4,1
3.13293,2.666849677203824,3.654230817795656,3.5466526,3.5066483,2.815,3.3213170717066096,4,1
2.4755399999999987,2.926715111781433,2.7942709124912204,2.663558,2.7055278,2.829,2.8232873789465223,4,1
2.5805000000000002,2.5945443305138105,3.0073083478360902,2.6109486,2.7435184,2.844,2.737756238223541,4,1
2.9603899999999985,2.8838709954963635,2.6524124420366633,2.958763,2.6745327,2.852,2.8234840648388473,4,1
2.61294,2.7158520651171023,2.7481861938190777,3.2516506,3.1179848,2.865,3.0703832063676684,4,1
2.45284,2.4773332039234526,2.938871133957498,2.693184,2.8009155,2.901,2.7450227570665877,4,1
2.707119999999999,2.6741880523318136,2.7690055060027903,2.8434727,2.9869492,2.967,2.9342240348184827,4,1
1.4559500000000003,1.8395271774499486,2.400947851554314,2.6444263,2.6271284,2.973,2.4379258286784906,4,1
2.9984999999999995,2.7315336626130837,2.857414248589085,2.5162587,2.8307292,2.976,2.822313151845324,4,1
2.6492800000000023,2.4336712073596702,2.788190998137952,2.7847774,2.8637018,2.985,2.7792876371682222,4,1
2.7203300000000015,2.3789960448715544,2.529128893775842,2.38577,2.4279957,2.987,2.456671301765668,4,1
2.3627999999999996,2.3455500585408986,2.389570077583607,1.7464985,2.071166,3.019,2.16197886773762,4,1
5.27763,6.054429467343001,4.360976673441755,4.6567674,4.4065337,3.027,5.0310216643934265,4,1
3.266239999999998,3.08428504168336,2.9423033564690924,3.0486338,3.1962955,3.052,3.209347094034549,4,1
3.1214599999999995,3.261312851311738,3.005540104704225,2.877866,2.9959877,3.12,3.1249021211980192,4,1
3.0982499999999993,3.236391931234293,3.1916616399330757,3.0249732,3.0579488,3.138,3.1705004141736897,4,1
2.91032,3.268129140805416,3.098305416453876,3.1958306,3.0179813,3.162,3.1748280204678303,4,1
3.12614,2.7982864783585795,3.4842271004525998,2.5593667,2.9194694,3.208,2.901063605087561,4,1
3.427510000000002,3.163312899347953,2.355139352843459,3.5663874,3.3899436,3.209,3.4066692738279105,4,1
3.158879999999999,3.144622888972772,3.703083792624615,3.7643988,3.830344,3.21,3.6875753272930614,4,1
2.85447,2.4274776992515346,2.675152179393506,2.6975694,2.6420047,3.271,2.634412932605209,4,1
3.450610000000001,3.508722888113723,3.9737750942528214,3.9363484,4.2551627,3.277,4.074596889784079,4,1
3.3779900000000023,3.5586146713974234,3.460511438785915,3.30945,3.3795464,3.284,3.4946672326235313,4,1
2.817110000000001,3.1153880347072604,3.514728471665064,3.4003747,3.580448,3.44,3.488497791147057,4,1
3.0686699999999996,3.236572795788221,3.409556524674055,3.19851,3.4652808,3.507,3.434669041088835,4,1
3.38016,3.3911553905894682,3.073729631743059,3.0797775,3.186942,3.519,3.3019643983548423,4,1
3.26063,3.2656826761181903,3.153341404805699,2.9148471,3.1336858,3.547,3.213178098000439,4,1
3.3066100000000005,3.222884917362426,3.0134705174161387,2.9387841,3.1419723,3.562,3.2075402024015855,4,1
3.47931,3.2763090457361335,3.3699611623034245,3.0187747,3.344873,3.604,3.35491358325328,4,1
2.3597900000000003,2.4101734645416366,2.51681442614009,2.5982225,2.3389256,3.613,2.4357860621500746,4,1
2.9509000000000003,3.1824375448030082,3.2004640812489447,3.3483973,3.4055834,3.625,3.3982920308086504,4,1
3.084389999999999,2.855404705517814,3.778386865144287,3.2022185,3.27362,3.719,3.2018500973601576,4,1
2.9881,2.92213607072548,3.331046823598072,3.4002573,3.6053112,3.731,3.4437149613404086,4,1
3.6999099999999983,3.4836275330676183,3.7164005381471092,3.1871195,3.5109794,3.786,3.537315389405144,4,1
3.40662,2.999362355893215,3.570395852520975,3.6084566,3.8282332,3.811,3.624442579495815,4,1
3.4108800000000024,3.444481289428551,3.4439651307727615,2.3775983,2.6622283,3.864,2.9261770053167364,4,1
3.491560000000001,3.468102664936292,3.3845615422017437,3.673741,3.6953847,3.906,3.696458523030722,4,1
3.944140000000001,4.257151190903182,3.7173874091683676,3.6449661,4.163849,3.947,4.219292839747546,4,1
3.6677999999999957,3.648975746590303,3.7939232700263608,3.4573524,3.6542795,3.951,3.704091900681756,4,1
3.47738,3.324207969186571,3.437585029847897,4.491724,4.604437,3.972,4.288239478468897,4,1
3.674540000000001,4.247427655306689,3.990677276931046,4.0979548,3.6487734,3.98,3.9554371018657157,4,1
3.651579999999998,3.717338642469186,3.657254899452181,2.9234998,2.95416,3.987,3.245651440520393,4,1
2.9863899999999997,2.9708695442673405,3.2927328704042105,3.4894989,3.687798,4.04,3.518147072899482,4,1
3.949369999999999,3.9185167836066963,4.252804331535833,4.2233853,4.4398003,4.056,4.343653520846605,4,1
4.001000000000002,4.290069071697722,4.111456536416283,3.8966827,3.9814732,4.675,4.1470391377719205,4,1
3.902499999999998,3.7598347924401416,4.167033267505492,4.17381,4.4402084,4.701,4.289455273576007,4,1
4.678890000000003,4.647739888162469,4.876099536315557,4.719707,4.7711306,4.765,4.822532094902693,4,1
4.530740000000001,4.665166329514892,5.24433436416798,5.0648074,4.9661694,4.8,4.9828736789534,4,1
4.13022,3.893537927401698,4.381390870265277,4.386527,4.705251,4.835,4.513492219082693,4,1
4.234059999999995,4.413999029646028,4.029211242267358,5.0247893,5.308246,4.867,5.106832654466449,4,1
4.3886,4.695341136829662,4.988168154366141,4.7801843,4.8864746,4.991,4.913268476359521,4,1
3.6889799999999973,3.433369915770902,4.275118118994799,4.5286555,4.8252664,4.992,4.4589548330321644,4,1
5.911869999999998,6.086001806323933,5.595473503061903,5.563126,5.8744226,5.084,6.023112231452711,4,1
4.37724,3.967498536904831,4.661168527359786,4.5716863,4.95496,5.087,4.706832157679253,4,1
5.430679999999999,5.189135691713654,5.3203398878691965,5.527595,5.533226,5.132,5.5365793078778545,4,1
4.453320000000003,4.802009995864062,3.991096224369354,3.976117,3.4224975,5.137,3.9773908457301936,4,1
5.182370000000001,5.869951026750963,5.529618346425961,5.1281447,5.31673,5.179,5.573254238720631,4,1
4.75971,4.813957370510188,4.870510761544199,4.9845004,5.025169,5.485,5.055657740707163,4,1
5.017319999999999,4.843476787093222,5.156462764233906,5.17993,5.310338,5.487,5.257726183941175,4,1
4.915650000000001,4.792139046797431,4.830572871494195,4.732238,4.7980547,5.613,4.884742613062612,4,1
4.915100000000002,4.792139046797431,4.88160091936462,4.9361873,4.8250537,5.635,4.923176374899164,4,1
4.889630000000002,5.608923106317448,4.114800010843831,5.468136,5.719974,5.76,5.772316048340317,4,1
3.470799999999999,4.485846328365258,4.019947290108396,5.0724287,4.4143534,5.806,4.59603918448477,4,1
5.505989999999998,5.450986855349776,5.357099651764203,5.208355,5.3137774,5.856,5.450685866456613,4,1
5.124220000000001,5.306601829623475,5.17103837717927,5.643071,5.7451086,5.874,5.713016431754759,4,1
5.931889999999998,6.238547461571784,5.336316426253216,6.20099,6.407968,5.908,6.460863456887791,4,1
5.746550000000002,5.926834302812069,5.697355172918018,5.9180274,5.872412,5.938,6.011292707850993,4,1
5.288130000000002,5.384412520716691,5.602321079291989,5.5925865,5.757542,6.001,5.7390656881632145,4,1
4.085069999999997,4.170175218931969,4.475016536790123,5.609904,5.605334,6.921,5.2739554187187005,4,1
4.8593600000000015,5.393033274090787,5.047131697459802,6.4346232,7.1029954,8.005,6.643352080320483,4,1
6.989180000000001,7.205383830349035,5.233094844885816,8.112062,8.31946,8.141,8.118406443098419,4,1
6.2451399999999975,6.747224738626088,4.97218773951314,7.1693544,7.30863,8.177,7.265673925661614,4,1
5.923729999999999,5.979865629716655,4.348980606962014,6.8099236,6.8192163,8.681,6.694715777960825,4,1
6.286299999999998,6.784665367600926,4.546859083543407,7.5300326,7.6244435,8.85,7.50661102551507,4,1
0.26185000000000014,0.6484739116180779,0.6146187414555664,0.09212168,0.12900414,0.001,0.21482329940000955,4,2
0.8422100000000006,1.1367065403767316,0.6973639892579415,0.23341963,0.46851563,0.009,0.5431871362707672,4,2
3.136329999999999,3.0678361803307657,3.152696929968336,2.6306129,2.5280888,0.085,2.873448726143104,4,2
0.76031,0.8187470250628186,0.48877574393623036,0.38079938,0.47363782,0.086,0.5578909816902118,4,2
1.0192599999999994,0.8208337947886637,0.9745018717800502,0.71076417,0.9649514,0.108,0.8510469459775749,4,2
0.7950899999999993,0.7251981609417472,0.7098769280722212,0.65838945,0.71546215,0.158,0.7250075078939235,4,2
0.5588300000000009,0.6287264993460581,0.7109409883555973,0.35661766,0.4149715,0.197,0.4603340584048853,4,2
1.3810399999999994,1.3121295498394667,1.4086957047031596,0.9457927,0.75206125,0.361,1.1124712724152377,4,2
0.7246299999999997,0.8544614205418576,0.7031037200956649,0.15472007,0.16333008,0.45,0.4030036393441013,4,2
0.34259000000000017,0.39409760954335016,0.35415544884011085,0.20188555,0.02952423,0.51,0.25148536270769634,4,2
0.9566299999999996,0.46245687229362104,0.8591862582800467,0.42306694,0.43452805,0.598,0.5840671935930668,4,2
1.3165099999999998,0.9686373133313545,1.4404260415106107,0.8259272,0.7061294,0.599,0.9841093129430264,4,2
0.8863799999999991,0.7343578403029953,0.7548025590972398,0.67245513,0.7475448,0.651,0.7616274159791384,4,2
1.2138200000000001,1.0474950957740208,1.43546968054734,1.2111529,1.0104816,0.71,1.1982535120726414,4,2
3.6641600000000016,3.430658929071659,4.905833967660444,4.849081,4.697496,0.712,4.442295073089966,4,2
1.911589999999999,1.5984594417185722,1.5208754275773693,1.0345569,1.2762178,0.865,1.3932330029539521,4,2
1.9052200000000006,1.659050148996023,1.7855337533184594,1.2903359,1.3971338,0.87,1.5449402025231915,4,2
1.7228199999999998,1.3589136394492247,1.7506882240372317,1.509817,1.3810407,0.914,1.5699767719182045,4,2
1.2553499999999997,1.1227918869371343,1.1463605813981648,0.6869023,0.813601,0.967,0.9256162436426139,4,2
1.4103700000000001,1.6567155176684776,2.110287818394826,0.6047793,0.7864551,0.997,0.9899741642436914,4,2
1.9993700000000008,1.8493890428900281,3.2841365456614904,2.667968,3.1679204,0.997,2.4946934257252362,4,2
0.8200299999999997,1.0027403008552767,1.255687265939057,0.52967566,0.5646105,0.998,0.6844420567398702,4,2
1.7539600000000004,1.845094585290161,2.3858404015344283,2.5267594,2.1781032,1.01,2.2521319347080135,4,2
2.168830000000001,1.5160746946252825,1.6604311171553146,1.4029826,1.4199505,1.013,1.6595484047903404,4,2
1.1522200000000005,0.9807917215462143,1.0636326372417473,0.4948921,0.78210783,1.014,0.7762145882072757,4,2
2.15351,1.4474215057714894,1.2031109020676194,1.1317259,1.4049385,1.027,1.5037271791050664,4,2
1.0870199999999997,1.0027403008552767,1.5395954375207752,0.87502176,0.9801645,1.045,0.9797565868371373,4,2
1.5090700000000006,1.6420365329328177,1.547583683700316,1.0768942,1.0329833,1.098,1.2863716107570131,4,2
1.2652899999999994,1.0542315180735011,1.1356703555547674,1.108312,0.9341892,1.104,1.1516652963074947,4,2
0.8401200000000003,0.7635666377364996,0.7254381169698294,0.7462706,0.74413836,1.105,0.7908810450742164,4,2
1.8032099999999998,1.8639967469790848,1.8494281970771953,1.5133079,1.465043,1.135,1.6664172962646457,4,2
2.0098999999999996,2.1243114724301417,2.2499801687340213,1.3303217,1.7075311,1.144,1.6852069687606153,4,2
1.370860000000001,1.2862454298937493,1.3089504924201683,0.62045527,0.90583944,1.15,0.9526238287891693,4,2
2.10505,2.416164657298167,3.083437594747039,2.2111974,2.5995772,1.161,2.2989282690606454,4,2
2.4372800000000003,2.370428295809051,2.7355408729316055,1.3864435,1.736386,1.174,1.8649159997885205,4,2
1.04398,1.1137370700946636,1.0957266986681131,0.93317217,0.90611815,1.174,1.0048494854096763,4,2
1.0989499999999992,1.2490342314774674,1.856396545249286,1.2496147,1.2525746,1.201,1.237511703662215,4,2
1.715619999999999,1.9499494190099746,1.8704667542942746,1.4348258,1.2756848,1.242,1.5931486453885764,4,2
2.1608999999999994,2.5110079796141775,2.415780110149525,1.5884292,1.3181497,1.243,1.8699243017556746,4,2
1.8352300000000001,2.061140452124398,1.774506870724604,1.3652902,1.3144287,1.247,1.6075316650950808,4,2
1.4964099999999985,1.6340083480205803,1.7066452779538168,1.3736246,1.3083727,1.253,1.4648675894078642,4,2
1.8457300000000012,1.8517885980974518,1.7483348727383339,1.3385154,1.3398095,1.256,1.5724572317297134,4,2
1.54728,1.5167495494263024,1.4841439762615527,1.6351714,1.6047381,1.271,1.6305890748604708,4,2
1.70379,1.9701502404815945,1.625857097135067,1.1903607,1.1118803,1.279,1.4482415504619268,4,2
3.0817599999999987,3.15600516435922,3.090848235926503,3.1811566,3.1580503,1.287,3.221479512366009,4,2
1.6897899999999995,1.4494229242315484,1.4709496517719165,1.5109547,1.2006528,1.311,1.5545505744380823,4,2
3.948389999999999,3.7963972927588254,3.7604310664792013,2.7370188,2.820998,1.321,3.272371719178677,4,2
1.4769099999999988,1.6274212989286947,1.4534305150787994,1.235499,1.0870384,1.331,1.3639953626738743,4,2
1.5880700000000008,1.6108447857207238,1.6061616014062878,1.4349402,1.3744286,1.341,1.5256031077718661,4,2
1.6218099999999995,1.550851700130541,1.6693999432617295,1.4518392,1.5053674,1.351,1.5494200498948947,4,2
3.7599799999999974,3.214282582552265,1.6797445906493045,1.5047157,1.964146,1.39,2.416860235351397,4,2
1.7764999999999995,1.9323121774705634,1.9322316882641237,1.5597068,1.4373496,1.419,1.6891678491169047,4,2
1.2260699999999993,1.1181336568882003,0.7838224536710681,0.94424313,1.0504531,1.432,1.0755292917179546,4,2
1.7132299999999991,1.6294788442421906,1.6781085053997984,1.6794637,2.0888135,1.434,1.7628440103835523,4,2
1.6666999999999998,1.6497709252105646,2.0793651717948562,1.4140517,1.1928028,1.452,1.5223893775976356,4,2
1.8369300000000015,1.8382829323771268,1.6084870594205414,1.6758162,1.5749371,1.486,1.7683203101566687,4,2
1.8958199999999994,1.5929393259363078,1.616893304618852,1.419543,1.9637734,1.522,1.6595380175022343,4,2
1.4415299999999993,1.6080659137423214,2.046428140864914,0.54625756,1.1582538,1.538,0.999953434777555,4,2
1.8386600000000002,1.8315671223657934,2.0810653307131752,1.7554389,1.678465,1.55,1.8200755000903295,4,2
1.7477600000000006,1.5822776348334162,1.423987933127991,1.3998117,1.3785423,1.557,1.5475214502870245,4,2
1.7587199999999996,1.8858405054209553,1.6815898344877394,1.5902301,1.7154764,1.586,1.722907619022462,4,2
2.2097200000000017,1.5421945374559596,2.7455870099329975,1.2656173,1.5013849,1.607,1.6107467982663604,4,2
1.6238099999999998,1.501296513879322,1.3176750969290103,1.2690747,1.4523634,1.614,1.442960093889542,4,2
1.786119999999999,1.9983735533961169,1.9474555982129083,1.6415682,1.6882452,1.619,1.7686117243579287,4,2
1.7245800000000013,1.6441869345297506,1.6724450385894347,1.9008324,1.8614806,1.636,1.8598411694832395,4,2
1.7976599999999998,1.7626356478544816,1.3361544753736125,0.93430644,1.2430587,1.637,1.3274274548238518,4,2
1.9807400000000002,1.9419798989940489,2.0522892565170405,1.9768753,1.9551103,1.67,2.016578092535031,4,2
1.8858,1.736845383343674,1.8845732585708228,1.4757861,1.3325232,1.686,1.63956777528267,4,2
1.9994600000000005,1.8163997204519966,2.3764307304477144,1.939312,2.0657468,1.7,1.9975081286860321,4,2
1.8755500000000018,1.9001352823694644,2.069027452205868,1.8647124,1.5534955,1.719,1.8829399653973793,4,2
1.7426699999999997,1.6556465053886495,1.6068970299621046,1.4746283,1.4475826,1.729,1.6015422783228777,4,2
1.978120000000001,2.0950662860190112,2.4905540123647034,2.1024966,1.7563303,1.731,2.080367852552606,4,2
2.0329,1.8370002326687942,1.6970617031454815,1.7238163,1.8072072,1.731,1.870335534458556,4,2
2.076469999999999,2.0807357382460236,2.106678640347947,1.629649,1.7044281,1.736,1.8534901573805675,4,2
1.7809699999999997,1.8858405054209553,1.7461767890016615,1.6798458,1.7895797,1.737,1.7832835792730515,4,2
1.71609,1.5436430307950997,1.9099984186208898,2.0018506,1.5998495,1.749,1.8705522166485546,4,2
2.7415599999999993,3.1337757368930426,2.8794664752990347,3.1749668,2.6684937,1.755,3.0726191757191623,4,2
1.5193299999999994,1.497990306358298,1.5873055600626396,1.4415046,1.4909307,1.776,1.5079651954171347,4,2
2.5012699999999994,2.561736242425202,2.807243563148798,2.6245914,2.1026385,1.778,2.589626603437993,4,2
1.9906799999999998,2.1557389058868646,1.9119698496018211,2.0509121,2.1134043,1.818,2.10127206162315,4,2
1.7348799999999998,1.5218833535574874,1.6893068407353489,1.9859283,2.0412514,1.829,1.909935247942061,4,2
1.9810100000000015,1.7491515307138197,1.899946943642669,1.7193562,1.8997403,1.833,1.8522471075528069,4,2
2.673300000000002,2.590194289495391,2.1027314892530558,1.8597039,1.7881435,1.838,2.209022398830393,4,2
1.876270000000001,1.8870388211050193,1.6795088344999594,1.6581986,1.612593,1.86,1.7798948086459403,4,2
2.00123,1.9192095273274994,1.5224976712642733,1.9306849,2.3394055,1.894,2.034652348920894,4,2
1.6658499999999996,2.0826846150994767,1.9014669259318797,1.0938776,1.1527518,1.905,1.406114952505026,4,2
1.7062800000000018,1.5997726352003556,1.9133154493184108,1.6864334,1.8656512,1.907,1.7378948850321472,4,2
1.9123600000000007,1.7499854075962482,2.0178418163077856,2.0920234,1.9940089,1.966,2.037620303059418,4,2
2.3080900000000013,2.30023236300103,2.458215374591206,2.337843,2.4041138,1.99,2.3853739383790904,4,2
2.413009999999999,2.4440365074090664,2.358207191739796,1.9541396,2.18044,2.004,2.2091863438425428,4,2
1.7034599999999998,1.643985945633359,2.0417160858536576,1.782379,1.364869,2.01,1.7413207705636213,4,2
1.9390700000000003,1.970086469571598,1.975703441801557,1.6120386,1.957695,2.023,1.8189026132738402,4,2
2.237880000000001,1.9069056962588324,2.1488595049321906,1.8506203,2.0115266,2.053,2.0220466088590694,4,2
2.0011700000000014,2.1936308904056583,2.0476072245300356,1.8548325,1.798855,2.054,1.9744210450605997,4,2
2.12148,1.9743471231167726,2.1879893626066855,2.2439792,2.1136298,2.058,2.214479648080154,4,2
1.8642199999999998,1.6452965247921671,1.6156493706956474,1.8210747,1.9843854,2.064,1.8690110940330413,4,2
2.099830000000002,1.9312860608121407,1.5167145893272664,1.3273319,1.4704753,2.115,1.6592538948822466,4,2
1.7632200000000013,1.7568091211404724,2.1046478269706395,1.7089958,1.32929,2.154,1.7299933996093508,4,2
2.1366799999999984,2.2084563773785275,2.1321077869212104,2.0340447,1.8889602,2.157,2.1158316835047133,4,2
2.2308600000000003,2.02850343399769,2.142393515817292,2.0979655,2.282742,2.165,2.1923632579309547,4,2
1.9871299999999998,1.9208412835914541,1.9767836993334165,2.13647,2.1019697,2.166,2.113906398921512,4,2
2.203140000000002,1.9029099914024608,2.057949135982867,1.6674036,1.5468386,2.172,1.8688599892530826,4,2
1.4909599999999994,1.6713722790035106,1.3755659542953795,1.0672495,1.4363246,2.183,1.321568815725305,4,2
1.9835300000000005,2.605715884540867,2.101765552433723,2.1438282,2.0649042,2.202,2.199911162322474,4,2
2.218660000000001,2.239793476770653,2.2595563570527153,2.3437948,2.4212244,2.203,2.3582361168610975,4,2
2.0644000000000013,1.881704192154102,2.4036695618446524,2.5821662,2.340431,2.204,2.3867701469203735,4,2
1.7394699999999992,2.535053632063845,1.626953494231447,1.7139083,1.3723156,2.214,1.8293233835014493,4,2
1.789890000000001,1.792032373007002,1.604601804109332,1.6441733,1.7011112,2.223,1.746118310941724,4,2
3.4489299999999976,3.0994893107593424,3.661512195170153,4.423537,3.9786685,2.24,4.046059286601634,4,2
2.1273099999999996,2.006643316342975,2.055147742650811,2.184902,2.1846673,2.266,2.1966670842512044,4,2
2.3886400000000014,2.371535779277755,2.3377948369041976,2.3070874,2.3273323,2.302,2.392418121445914,4,2
3.173389999999999,2.4623242734145934,3.433412807832829,2.980706,3.251113,2.302,3.0633992426320242,4,2
2.3162800000000003,2.3526372629881767,2.1613720252721045,2.1281114,2.270224,2.321,2.2711786112808827,4,2
2.2399100000000014,2.3053036541336174,1.648160258355883,1.9754313,2.380594,2.322,2.176146339731622,4,2
3.4101300000000005,3.02851287481763,3.035082226804468,4.493444,3.800778,2.323,4.044664056842538,4,2
2.0434700000000006,1.9072658606505917,2.5513576020085473,2.274825,2.278915,2.332,2.217799366402728,4,2
1.8520999999999992,2.050901007566835,2.152101354886594,2.1992025,2.2378771,2.372,2.140351328508001,4,2
2.4888399999999984,2.7599440182926895,2.3438550488073147,2.319131,2.6408765,2.436,2.5074666438931126,4,2
2.3257199999999996,2.469086057345634,2.3352661693625087,2.3473449,2.2227798,2.442,2.3979365267734396,4,2
2.22545,2.433609167592153,2.3401846962855823,2.4542909,2.4167852,2.444,2.4418323121785845,4,2
2.15711,2.4812047259301333,2.316904117087675,2.4915552,2.6306674,2.489,2.470679081352252,4,2
2.303260000000002,2.009998960479934,2.0971920785389226,2.3132477,2.2273707,2.498,2.316237447458783,4,2
2.84727,2.900103363070236,2.3375663458537304,2.7459671,2.3991315,2.525,2.8204162832131123,4,2
3.64246,3.914602944400187,3.8680618606009007,3.5416698,3.70894,2.567,3.7148016017255876,4,2
2.693350000000003,2.6917653934305146,2.597264401918908,2.8770418,2.45632,2.579,2.8262978703057247,4,2
2.3980200000000003,2.396569734954228,2.397142393291022,2.4346344,2.5112932,2.585,2.483527260019507,4,2
2.8286499999999988,3.1269547801293633,2.8070702929727394,2.6619515,2.612615,2.622,2.8222860151404383,4,2
1.8469800000000003,1.958320592836244,2.1950000718283906,2.3891344,2.2773964,2.701,2.230267489091104,4,2
2.1681599999999994,2.110943643788581,1.9257431531874845,2.0595398,2.013407,2.715,2.1380842699369986,4,2
2.2400200000000017,2.1270666712339943,2.2116958205706387,2.4209154,2.455325,2.722,2.3934358138465472,4,2
2.56912,2.455997076374885,2.5748138401991976,2.5620193,2.4939399,2.737,2.602228587997611,4,2
2.0134899999999996,2.2260549566892207,1.9837268679712827,2.2799067,2.393692,2.787,2.26455747185072,4,2
2.406459999999999,2.399307322127918,2.4421011987310663,2.4812176,2.524477,2.821,2.5118065577884696,4,2
2.8230099999999987,2.74406378595798,2.6710728811877247,2.5796664,2.7104902,2.829,2.7392983493284087,4,2
2.6519099999999995,2.464273263318953,2.6285159754896306,2.841234,2.776264,2.831,2.8003379858007493,4,2
3.137569999999999,2.6375326428764265,2.899574075538866,2.8555338,2.7771897,2.835,2.9619795004172125,4,2
3.0894300000000006,2.7660184706208346,2.8627537690279623,3.4924912,3.0999238,2.869,3.3303680089885592,4,2
2.93253,3.389761280090719,2.4460146815479566,3.109256,2.7617302,2.891,3.132385731167691,4,2
2.2762200000000004,2.207496169525611,2.6034545755661624,2.5108993,2.4335654,2.938,2.4581640109957226,4,2
2.5397199999999995,2.292192982258068,2.7078921876284614,2.504572,1.6296023,2.957,2.4547165331921637,4,2
2.5978499999999993,2.7676467146584516,2.7530306036137775,2.6733446,2.8049114,2.97,2.7395799628628765,4,2
3.3993499999999988,3.1850829845812396,3.302009061683966,3.0830312,3.0482776,3.003,3.2491291244839386,4,2
2.76208,3.3377470114405123,3.2662083232971506,3.4010525,3.4463947,3.042,3.3018429988716194,4,2
2.904569999999999,3.055456842482348,3.232409680522604,2.7533832,2.8091033,3.103,2.9016981660737664,4,2
2.97249,3.177091112223119,3.1250179945970604,3.4091368,3.0678933,3.107,3.3040141834287184,4,2
2.7581899999999995,2.7579226760050988,2.252358707012864,2.6514807,2.5510194,3.111,2.7444830180210653,4,2
5.068559999999999,5.665828932367719,5.778803792722644,6.6897864,6.361749,3.112,6.238486456638705,4,2
2.838810000000001,2.5794126840866998,3.0032553428870523,3.0807583,3.1761968,3.123,3.0317222753911857,4,2
2.481599999999999,2.739362901567667,2.7152288219069285,2.5495245,1.8163981,3.13,2.5383007823480708,4,2
3.17887,3.364924315762647,2.9061461016638908,3.3866248,3.6287224,3.168,3.4298617735100025,4,2
2.6557799999999987,3.088924763731881,3.5898278703800797,3.2501173,3.3894844,3.213,3.156816812828944,4,2
3.541160000000001,3.47822893024642,3.1187994924556923,2.5844798,2.8222702,3.217,3.0418308084608316,4,2
2.7812200000000007,2.7527030426904977,2.215773777279837,3.001991,2.7066805,3.243,2.9487795188524384,4,2
3.0474699999999997,2.845557929064072,2.8855388506648776,3.1092842,3.256102,3.283,3.145343075667694,4,2
3.1274400000000004,3.237572594216153,3.157055897671845,2.8896084,2.88466,3.324,3.0642081482335044,4,2
2.890450000000001,2.6389778678833244,2.593797552463587,2.6209044,2.3682559,3.34,2.730645297957114,4,2
3.3859900000000005,3.5364185935104984,3.65035955110796,3.4706392,3.4282672,3.359,3.5311756514537618,4,2
2.4496800000000003,2.6259610063979313,2.1555217330550427,2.6465816,2.8961802,3.371,2.676713433494401,4,2
3.3897399999999993,3.2455287512476687,3.7822798164147566,4.9271297,4.488579,3.502,4.363377307151578,4,2
3.185100000000002,2.7968009458665715,2.7879376988986038,3.4305058,3.1987934,3.561,3.3381413846395356,4,2
3.614030000000001,3.8887505210736744,3.6344628460014343,3.5525372,3.6206164,3.625,3.7003799289328185,4,2
3.427780000000001,3.6235008280859797,3.333734256602043,3.3983011,3.284647,3.667,3.5011406722394733,4,2
3.0518299999999994,3.1708678903081693,3.280229939314945,3.3160346,3.5182712,3.667,3.3225296785260907,4,2
3.352679999999999,3.5031897740103637,3.4164351154808754,3.228831,3.2953827,3.759,3.378203151902857,4,2
4.260360000000001,4.055661378598067,4.451868911189568,4.7151613,4.5485034,3.812,4.598699145101997,4,2
3.4764400000000006,3.6841380873146923,3.9597750656743607,3.7628417,3.6115434,3.814,3.7456701849672016,4,2
4.2770899999999985,4.0431756769069045,4.777044731708492,4.670833,4.691751,3.877,4.593270080773748,4,2
4.29555,4.8030346962499335,4.849208179807876,4.680535,4.339638,4.018,4.663659669374456,4,2
3.506329999999998,3.451559847103107,3.769780810351496,3.6258428,3.5681806,4.057,3.648404568150109,4,2
4.287480000000002,4.624048935607383,4.431208050027555,4.6709747,4.743904,4.108,4.675277068947565,4,2
4.221420000000002,4.6269420265378045,4.554507075959309,4.4615602,4.429794,4.122,4.5162557211178225,4,2
3.9917900000000044,3.9710121537122864,3.841058572914835,3.9614053,4.100994,4.146,4.076036553896773,4,2
3.65858,3.994469492554534,3.404159039565841,4.0586624,3.463112,4.146,3.9735671209001957,4,2
3.9070699999999987,3.648052617463833,4.187761174089653,4.1249876,4.133295,4.227,4.100575781989235,4,2
3.845639999999999,4.489741518521508,4.049492303200102,4.7200303,4.5647516,4.317,4.5452194997076445,4,2
4.271080000000006,4.216732817734775,4.710373219490766,4.3121853,4.249828,4.358,4.381333189118617,4,2
3.5380699999999994,3.386333310693157,4.033644946454134,4.1523914,4.4452343,4.453,4.013305036735498,4,2
4.411019999999999,4.3656647708594525,4.798322081201762,5.214474,5.1160607,4.472,4.997601594170998,4,2
4.5019899999999975,4.650163960389142,4.143485513436021,5.3639355,5.8444853,4.549,5.211188380171896,4,2
3.3516499999999985,3.3063285557340234,3.7646205712669727,3.9852452,3.840796,4.606,3.803236204514135,4,2
3.9701300000000015,4.142977640550346,4.422934623599323,3.7169132,4.1914477,4.652,3.9738245203789075,4,2
3.8683400000000034,4.201488870740486,4.206488476462426,4.381622,4.5134,4.724,4.333121807571494,4,2
3.98522,4.148293198281247,4.024388543861377,4.3223395,3.8468902,4.827,4.258801542335577,4,2
4.787539999999999,4.540446880687291,4.546310505996,4.591459,4.5234675,4.857,4.736584775516353,4,2
5.5706,5.543713446928444,4.575568883610881,5.324664,5.0376806,4.995,5.511954439500773,4,2
5.370919999999999,5.582656469701672,5.289887438206237,5.376824,5.1328135,5.081,5.499547631835817,4,2
4.76883,5.557007180051679,5.024559318623217,4.9177556,4.957625,5.193,5.075240717158486,4,2
5.377320000000002,5.536932932134624,5.23944171414893,4.5560203,4.4602017,5.211,4.998547419880741,4,2
5.40491,5.452441646501059,5.324949139035477,5.5744214,5.7378306,5.331,5.65739905959034,4,2
5.442440000000004,5.487318642714766,5.39461644337921,5.7479024,5.5437975,5.347,5.742535706295298,4,2
4.293659999999997,4.617506399978523,4.255743310728196,4.535541,5.185276,5.397,4.650862478410106,4,2
5.081800000000001,4.83686917035262,4.94018497706708,4.8735776,4.8972783,5.496,5.039706487925627,4,2
5.554210000000005,5.776898816975226,5.499159474348282,6.003956,5.8217444,5.741,5.971720597167477,4,2
5.6636799999999985,5.7425674447855,5.603242185230484,5.7157817,5.7349706,5.796,5.838009809034302,4,2
5.73387,5.896757105293992,5.668996762464681,5.940369,6.0636206,5.989,6.0275009462633475,4,2
6.0979100000000015,6.2193047405834845,5.713306604962517,5.911919,6.2182536,6.07,6.168520296255112,4,2
5.304720000000003,4.459508910790713,3.5456409907685282,3.611145,4.110364,6.116,4.313546923893791,4,2
7.062860000000001,7.155199906170841,6.2536963425715,6.7486877,7.1909847,7.695,7.085884707867368,4,2
0.7029899999999998,0.7222724953699924,0.015955690237119846,-0.103590295,0.19789106,0.029,0.31211323454907747,4,3
1.04305,1.1863827394581494,1.1294784750179148,0.94564366,0.5967479,0.044,0.9314402138903177,4,3
1.4944099999999993,1.2788661967776915,1.1252343264246953,1.2049425,0.9104984,0.069,1.2000982376879419,4,3
0.9695799999999994,0.5670090909975593,1.158442644062423,0.5700301,0.4517669,0.138,0.6031274218114209,4,3
0.44691999999999976,0.5293075689006546,0.8229414996289213,0.35412657,0.16354689,0.142,0.3593599808578396,4,3
0.7855399999999999,0.977117199188271,1.0040201526021784,0.42236015,0.47225112,0.165,0.6386886702386424,4,3
0.9183099999999996,1.067888638261171,1.1987809898786381,0.4937814,0.74038243,0.195,0.7873120764336651,4,3
0.4735300000000002,0.8154439439244661,0.6698132656823983,0.37809867,0.40440145,0.331,0.5177637147184331,4,3
1.148159999999999,0.8800257366462425,0.9963370282224968,0.65429175,0.934324,0.346,0.8852335645423063,4,3
0.4079899999999999,0.6383945891470587,0.5230502982174081,0.48466775,0.20044005,0.362,0.4333753322840171,4,3
1.0120800000000003,1.0402208789125125,1.0615931849660831,0.55253905,0.574952,0.483,0.7604806121444017,4,3
0.49500000000000016,0.6540621664875884,0.4249217860334271,0.36883888,0.39751846,0.535,0.47561037267743167,4,3
0.8182400000000005,0.7592650303627321,1.1141877921739973,0.52296114,0.40881246,0.545,0.6007439771968182,4,3
1.5246599999999992,1.6356793261877685,1.437501750893142,0.9178711,1.4370755,0.625,1.369000642717267,4,3
1.084829999999999,0.7034362043762288,0.7295946957639048,0.7050363,0.83773386,0.654,0.8175424446559063,4,3
1.0450900000000003,1.0139562812255702,1.1561443203351869,0.38900045,0.37670133,0.677,0.6451784858317147,4,3
0.7163899999999999,0.6653779607944215,0.7408668522840016,0.87918305,0.6760276,0.69,0.7581346619023039,4,3
0.7157599999999998,0.6017549978303697,0.7585788974330772,0.8128865,0.56442606,0.692,0.6863325574061947,4,3
0.74253,0.6653779607944215,0.7224025228919411,0.75726473,0.4877496,0.717,0.6645532131182113,4,3
1.8279200000000015,1.4864898993577942,1.8746781437699984,1.8791764,2.104164,0.72,1.8869081560080578,4,3
1.2127100000000004,1.1201652532920088,1.4491982507895664,0.86334085,0.8455279,0.759,0.9920647189824353,4,3
1.206970000000001,1.3442708644066628,1.093566248750533,0.77309334,0.7990582,0.885,1.0041877469592677,4,3
1.2272499999999993,1.276039556090785,1.2752754287089985,0.5539707,0.801756,0.889,0.9223267875620154,4,3
0.8769999999999996,0.8935720899476461,0.6249738637716971,0.72431886,0.6970675,0.893,0.7964779671006169,4,3
1.6516399999999996,2.1047023510675906,1.284965594285645,1.1169304,1.1612513,0.896,1.480035796294259,4,3
1.7703700000000007,1.593800875164655,1.8335428877374527,1.1606132,1.1606792,0.918,1.3835225101354371,4,3
1.3292200000000005,1.028431300640473,1.2837029903495507,0.5303067,0.45828795,0.937,0.7600889213747825,4,3
0.7933699999999994,0.7825542535101512,0.7589462877249258,0.59748936,0.5789684,0.973,0.6797678572507071,4,3
2.3577399999999975,2.3397422320920405,2.2273171483852314,1.318781,1.1253535,0.986,1.6934014922492886,4,3
1.5131799999999995,1.4756399969321097,1.0701306402392379,0.73930776,0.9551854,0.995,1.120011888781759,4,3
0.8708899999999997,0.8722302558712007,0.9383310933864657,0.7662256,0.8468344,1.029,0.8504812365734827,4,3
1.3073100000000002,1.1488503795540446,1.320542000135384,1.1030239,1.1401311,1.067,1.1807026308127038,4,3
1.6483499999999995,2.10156145646985,1.8223614205882837,1.4597083,1.4232595,1.09,1.6685440370990043,4,3
1.5573599999999994,1.7050063651094622,1.5171015716596088,1.1814557,1.3141819,1.097,1.434997729004132,4,3
1.6365799999999988,1.7686025311186764,1.4382966121629248,0.90975773,1.0892342,1.131,1.306534870679061,4,3
1.221750000000001,1.2550761436795383,1.1797925225159456,1.1880237,1.0343752,1.165,1.1881013939579639,4,3
1.2708900000000003,1.1738036779154466,0.9964899018869977,1.1600733,1.312615,1.18,1.2537141068362074,4,3
1.46237,1.4573985971652947,1.2347738235350023,0.94814754,1.2447612,1.18,1.264534549019527,4,3
1.4809799999999997,1.7013039332363642,1.5503794212181783,1.2914381,1.2987608,1.212,1.4525656520672556,4,3
1.4093599999999986,1.3756831170444555,1.4725346442381437,1.2520313,1.2425992,1.231,1.3309909344236501,4,3
2.02861,2.059764126361672,2.01161167404248,1.8912935,2.1051111,1.275,2.0630851156493843,4,3
1.09002,1.0378335202100133,0.8947678393597351,0.9381052,0.87196076,1.279,0.9854164520923349,4,3
1.35419,1.593908412411148,1.2959309373379881,1.1137208,0.9841217,1.289,1.2527437248814952,4,3
1.6183099999999997,1.571996562258298,1.912114288124187,1.8532083,1.9284775,1.303,1.814324144747786,4,3
1.0507199999999997,1.03497897272446,0.9430883267128602,1.091866,1.0535908,1.326,1.084257698619501,4,3
1.40784,1.436941997834235,1.420630850719943,1.4628066,1.4367687,1.333,1.473117517998057,4,3
1.3298600000000005,1.647341641698725,1.2444306285618971,0.8036134,0.8018459,1.334,1.1080469037808334,4,3
1.5283499999999992,1.5836920175460218,1.5977009451228963,1.6735532,1.4546348,1.343,1.5988884575556417,4,3
1.4531599999999991,1.6912951401395493,1.8267865988336713,1.561193,1.3511852,1.366,1.5470249258381745,4,3
1.3062200000000002,1.3501929354863316,0.7086407625933759,0.63027793,0.95833087,1.366,1.0254364109346263,4,3
2.027790000000001,2.1713737535921944,1.8897381359776015,1.2588699,1.3397624,1.379,1.652021735674485,4,3
1.5747699999999998,1.4544398973999404,1.4890816793378816,1.5356761,1.1369948,1.387,1.4303856340337937,4,3
1.6957399999999994,1.5784239299151817,1.584806637830303,1.0135256,1.2436377,1.39,1.3488121477139203,4,3
1.560519999999999,1.6409382909442303,1.3856306784667418,1.3157786,1.3569127,1.391,1.4750141595714286,4,3
1.6523700000000006,1.9817065886102885,1.9104656921033467,1.4463451,1.4855435,1.454,1.6546548551153653,4,3
2.836200000000001,2.4527461865526257,2.715682746800495,2.2416158,2.535032,1.494,2.523544476912302,4,3
1.543460000000001,1.4345220309795372,1.635442972883896,1.6378497,1.7656403,1.544,1.650496479391446,4,3
1.5790000000000004,1.4444148849034455,1.9302493541515013,1.5994229,1.586161,1.559,1.5896763919640615,4,3
1.464,1.1949003522350432,1.4768168078138175,1.3042529,1.3819807,1.561,1.354077501538598,4,3
1.5726299999999995,1.3974324968573246,1.4513655205906764,1.3907884,1.2801543,1.577,1.4154723062288728,4,3
2.0706700000000002,2.091990090051635,1.9473112651236795,1.7666596,1.8346359,1.618,1.9531624253787836,4,3
1.6151199999999997,1.2346756587264895,1.4799655498912507,1.1630003,1.1995436,1.621,1.2843871020806192,4,3
1.6628499999999995,1.9186147880652231,1.5636344741269796,1.3592185,1.4670432,1.621,1.6073432315552971,4,3
1.5927000000000013,1.454241155640491,1.581527409241375,1.5740631,1.4535977,1.636,1.544501756974015,4,3
2.3615600000000003,2.551817877537338,2.5310143303116486,1.7663352,2.130142,1.646,2.2029039375694257,4,3
1.928229999999999,1.6482146187215247,1.630702136366775,1.7124858,1.7851171,1.665,1.789291850038203,4,3
1.7003899999999998,2.1412051725581347,1.593514558019608,2.0174744,2.0945265,1.703,2.071789455755637,4,3
1.7157600000000002,1.7885301842307408,1.886807097788184,2.2657218,2.0190778,1.742,2.040212279473076,4,3
1.890569999999998,1.992975668403871,1.7716012360521858,1.4008486,1.4885974,1.751,1.6788573610283632,4,3
1.9591599999999982,1.9510966560262821,1.7901096857479413,1.8072774,2.0661254,1.845,1.987310773896102,4,3
2.2131700000000007,2.0113209992257572,2.275684553172319,2.218239,2.1618922,1.858,2.1981864333349015,4,3
2.089930000000001,1.9723452095338918,1.997739565081074,1.9851336,1.703271,1.863,1.9533140759022931,4,3
1.8664399999999999,1.5491010210412455,1.7394025229329593,1.6769252,1.7410353,1.869,1.7305948580034318,4,3
1.6771199999999993,1.5232938800471372,1.6351524665021633,1.7069113,1.6536132,1.871,1.6785064878794436,4,3
3.0459499999999995,3.2466721392894287,3.173257741549606,2.7535129,2.479627,1.873,2.8949116088390756,4,3
2.0841999999999983,1.879947976752745,2.2699729194226115,1.9521018,2.0234218,1.887,2.019746379668458,4,3
1.8335199999999998,1.8889632329211887,1.9290607387498078,1.9685814,1.9956684,1.913,1.9819244564241396,4,3
2.129999999999998,2.0601564288792202,2.449234255549327,2.2240608,1.5036691,1.961,1.9931506311680234,4,3
1.8006900000000012,1.6668236553325084,1.902404852155469,2.0818577,1.7258936,1.962,1.8724764246087675,4,3
2.39366,2.5684096910067367,2.3770659496211253,2.2609217,2.1498115,2.003,2.3728702548466143,4,3
2.2618100000000005,2.3413250691887577,2.3330737961687587,1.9649106,2.0931742,2.003,2.1865244050189836,4,3
2.11223,1.9320201471292846,2.257272971539692,2.0019627,1.859136,2.012,2.0007834862509695,4,3
1.9187199999999993,1.8346819702792598,2.1253026200605616,1.7604779,1.8486117,2.017,1.8693707034453422,4,3
1.3642500000000006,1.5481486129792827,1.80451439201783,1.3337357,1.4597285,2.023,1.4612555540521361,4,3
2.0205,1.732300220828571,1.8795256080299982,2.1127563,2.2024863,2.061,2.080306492619342,4,3
2.372800000000003,2.4008693723227634,2.452628634672895,2.2238438,2.3146923,2.081,2.368296122432315,4,3
2.9325900000000003,2.73639155497196,2.840682900621136,2.7014952,3.0563877,2.092,2.916254422264042,4,3
2.003650000000001,1.9418445955158208,2.035779834189645,2.0657246,1.9803379,2.099,2.045498432447274,4,3
2.024479999999999,1.909925388513589,1.9136694176879763,2.1476831,2.0852778,2.118,2.099247474036358,4,3
2.6656899999999983,2.589864122878273,2.2792351871956162,1.5718489,1.8482882,2.138,2.1071336195918553,4,3
2.0373800000000006,1.6934123541317667,1.5961272437306697,1.7490962,1.9123565,2.14,1.8679208067437394,4,3
2.404399999999998,2.35268856333527,2.312837697323951,2.078189,1.8718127,2.143,2.1760302371099525,4,3
2.4986099999999984,2.6975661480294284,2.4600710809307853,2.0336988,1.9228426,2.144,2.277792073480718,4,3
2.3712200000000005,2.4070567966716045,2.3027269837201305,2.3272545,2.2317793,2.153,2.375946330303376,4,3
2.36848,2.3448210890741867,2.246014620472762,2.3557584,2.2654097,2.167,2.3795420348180913,4,3
2.197600000000001,2.2357659891866613,2.1380129006152595,1.982287,2.240143,2.172,2.2025141753597506,4,3
1.8714800000000003,1.9556114961842264,1.7411997106716268,1.9174138,1.6410217,2.172,1.8765424649081197,4,3
2.5035600000000016,2.2874115936141686,2.2959304341599784,2.169668,2.2194524,2.175,2.3121518619330805,4,3
2.5190800000000007,2.5395561116591643,2.379788738264986,2.354481,2.2954605,2.203,2.459047288874557,4,3
2.1204099999999992,2.090720917196377,1.9277959657547519,1.822278,2.10487,2.217,2.0624674656390796,4,3
2.765469999999999,2.3944209768177864,2.8904199698250994,2.4489508,2.3948686,2.23,2.519614586983279,4,3
1.61555,2.1159414796191736,1.4968525782171944,1.6753465,1.727356,2.232,1.8305134240225227,4,3
2.199720000000001,2.1400685914429003,2.277406571609564,2.22847,2.136286,2.239,2.2234667476285375,4,3
2.1447100000000012,2.0576157242536426,1.96478336430593,2.0004253,1.8814349,2.242,2.04333914886166,4,3
2.00833,2.0876946369785285,1.8773435753243612,1.9940281,1.9089285,2.244,2.037611178000104,4,3
2.2152700000000003,1.8577319333800058,1.8593697852271287,1.9853737,2.2298977,2.271,2.1086312222261294,4,3
3.2934299999999985,3.038361588928863,3.6137627154832463,1.9744521,2.1372495,2.282,2.5273046455795543,4,3
1.8091500000000007,1.9057995982652727,1.60961707780489,2.2319536,2.1531703,2.297,2.114607626116789,4,3
4.4352800000000006,4.737648637671993,3.4799362137147485,2.6323044,3.054287,2.328,3.611453598171551,4,3
2.2359999999999998,2.196986302117433,2.3674087850063867,2.2133074,2.1867304,2.362,2.25404022555477,4,3
2.1786199999999996,2.0850354235905253,2.2974912820085027,2.2877262,2.2460327,2.363,2.2597469793505907,4,3
2.406789999999999,2.7162670919113485,2.6587947628692827,2.1535473,2.0816662,2.397,2.356560601562519,4,3
2.3389099999999994,2.311409512382928,2.5852801884388708,2.4555807,2.5705776,2.433,2.49411965658954,4,3
1.884260000000001,2.0808294531287816,2.0697288404021355,1.8887836,1.8462392,2.436,1.9651474216699352,4,3
1.727759999999999,1.7324352967168781,2.076261840449974,1.9348055,1.9472449,2.441,1.9017111123210653,4,3
2.63208,2.6328942910557087,2.950110457943246,2.8757093,2.6213977,2.462,2.7645452897258553,4,3
2.3092299999999994,2.1251102723640076,2.2106854090242964,2.1827939,2.3143198,2.466,2.2773416864110274,4,3
1.8008899999999997,1.845504873526152,2.640848993676873,2.0213041,1.5403383,2.467,1.839726935906436,4,3
2.5469300000000006,2.488838754452458,2.507395118130287,2.4209175,2.4592195,2.473,2.5227608590257287,4,3
2.31373,2.396689046599496,2.344308763758342,2.2699444,2.1386366,2.535,2.317752638620934,4,3
3.373129999999999,2.2276912662346815,2.5142336977847655,1.6170154,1.4735597,2.596,2.016265122691548,4,3
2.5207599999999983,2.4100712806606537,2.7040642789460394,2.5469673,2.6172633,2.602,2.588500005588145,4,3
3.798380000000003,3.4799039480642904,2.814866847684345,3.7373495,3.2399127,2.606,3.6098871688117184,4,3
2.9223900000000027,2.900030443265477,3.3783907806271456,2.4641492,2.5051,2.625,2.7078753658135506,4,3
2.5627300000000015,2.39195014062902,2.840870106916453,2.6337073,2.759524,2.649,2.661996418112527,4,3
3.3706400000000007,4.1005743347235475,3.6750756420021817,2.6850991,2.3607762,2.673,3.0961844960241267,4,3
2.4970700000000017,2.312324274811214,2.5696759819758825,2.4273615,2.2787454,2.685,2.4167995406161147,4,3
2.7202800000000003,2.5844572149889413,3.0310226936718694,2.5979865,2.4986746,2.69,2.6397196924482937,4,3
2.813770000000001,2.5518191473761327,2.7464701235594817,2.5559351,2.5708873,2.704,2.6547261585192157,4,3
2.7233099999999983,2.7742427066203788,2.6702195553527037,2.6299353,2.5323722,2.729,2.7080577728353643,4,3
2.1410500000000003,2.1123585884577016,2.6390790543003795,2.2781096,1.9444667,2.732,2.163271579789248,4,3
3.239679999999999,3.4519935186967707,3.2355168841610826,3.110594,3.154588,2.827,3.298356121192257,4,3
2.4520700000000004,2.3360760598741126,2.2567199086297967,2.1704922,2.1541324,2.832,2.2965043604900677,4,3
2.81342,3.089902695196471,2.947987312649801,2.7151182,2.7059321,2.857,2.8810915922991764,4,3
2.86794,2.801675599643221,3.0260700265275444,3.252734,3.201675,2.868,3.1415044838407633,4,3
3.1541399999999986,3.1985514843263725,3.4156754429923417,3.3300107,3.23205,2.89,3.315845635035714,4,3
3.0791999999999975,3.0704472976918917,2.806375593293433,2.9760344,2.8924506,2.912,3.055339067522907,4,3
3.1297199999999994,2.912497823590111,3.0930719291780013,2.8747308,2.7452078,2.918,2.9453076693833227,4,3
2.6244599999999987,2.798746375854784,2.73666543094131,2.5360653,2.4447381,3.01,2.6428063213755744,4,3
2.43651,2.176138563762864,2.2951875321711537,2.2161756,2.0889192,3.029,2.2481974550119626,4,3
2.5590800000000002,2.205826415389891,2.5671039973891245,3.393751,3.5099547,3.06,3.0891393672161414,4,3
3.174560000000002,3.224795454664358,3.560647027895012,2.7039883,2.7546358,3.089,2.979123124214461,4,3
2.896249999999999,2.703742642718837,2.829749358970288,3.517363,3.5469987,3.148,3.312697104061402,4,3
2.6940799999999996,2.534465064896427,2.6879470091436968,2.5552924,2.4488063,3.151,2.5943922366867116,4,3
2.4253999999999984,2.7175762283119718,2.80002470533174,3.2569263,3.3413937,3.324,3.1013336422045885,4,3
3.6644800000000015,3.4704335373364885,3.653497513059424,3.7305074,3.957288,3.344,3.811394635416937,4,3
3.087949999999999,2.8275282855492683,2.685538288267268,3.2441545,3.100279,3.385,3.1454250700300164,4,3
3.160399999999999,3.1846034910856,3.3928419737253006,4.162489,3.85016,3.46,3.76843729630342,4,3
3.758530000000002,3.667479096235699,4.2648889147713405,3.911338,4.022132,3.513,3.9512392191570918,4,3
3.5606799999999987,3.5322030681070418,3.833422715833528,3.638239,3.6152017,3.518,3.675221628491623,4,3
3.10044,3.051598262139119,3.2021120069699016,2.8396251,2.987347,3.523,3.0408241713577535,4,3
3.4518999999999984,3.5207589809971944,3.334636555896427,3.9680192,4.034962,3.528,3.8918156089762608,4,3
2.4723400000000004,2.8209273430559962,2.1325360408886267,2.4185264,2.5345597,3.583,2.6175860675066573,4,3
3.12855,3.162838402854299,3.4455906989616287,3.6998355,3.4403343,3.6,3.4845759457056507,4,3
2.80645,3.3887339864889277,3.3599680561699863,3.7094126,3.8268604,3.601,3.618466213699414,4,3
2.546260000000002,2.429728495204495,3.007795438255312,3.1248996,3.3339458,3.613,3.0034953558203066,4,3
3.8572099999999994,4.188598018047333,3.940198750455097,4.3294296,4.258918,3.628,4.300908778574604,4,3
3.7971199999999983,4.122970748522645,3.608512425815391,3.4692738,3.3375223,3.685,3.716635761729717,4,3
3.267490000000002,2.935913941818815,3.3046969157914425,3.5542789,3.5554178,3.781,3.4388313794884215,4,3
2.897,2.608025876474144,2.1149253210863517,2.4309163,2.3085632,3.833,2.5592168126471706,4,3
4.67238,4.305944734585464,4.327041750588863,4.2668366,4.321251,3.844,4.448849575247913,4,3
3.376410000000001,3.5379003653562426,3.2109773669541726,2.9255877,2.9532225,3.881,3.2184055149874413,4,3
3.879160000000005,4.2057099359010826,3.943497816834917,4.2509704,4.444957,3.908,4.342267807642467,4,3
4.06073,4.087303740253726,3.8343485176552683,3.696656,3.8481042,3.936,3.977891446716735,4,3
3.7011499999999997,3.73611917026548,3.9978451992324464,4.073572,4.02449,3.966,4.011562852256688,4,3
4.2418600000000035,4.094786504088239,4.149880775253598,4.0353403,3.7374315,3.983,4.07746747806452,4,3
2.735859999999999,2.893645329039429,3.3092738826528554,3.7839096,3.717646,4.019,3.4738245905994196,4,3
4.017960000000001,4.254895502369584,4.018756901356811,3.9958198,4.0390263,4.038,4.1671826551686015,4,3
4.11839,4.093459862797941,3.8124429024558837,4.2929854,4.039366,4.055,4.234800950597568,4,3
3.640299999999999,3.6783615439511252,3.6974328274245822,3.9230795,3.9252682,4.074,3.9099619075171397,4,3
3.90657,3.6148074060870496,4.152043523730641,4.004105,3.8277726,4.186,3.927643079320997,4,3
4.067069999999998,3.650838252107903,3.8012044895427834,3.981386,3.948859,4.207,3.9909415352574875,4,3
4.5921400000000006,4.78048663370335,4.407002141032317,5.3492627,5.0563903,4.238,5.125678888620502,4,3
4.8530700000000015,4.971849538625929,4.763903658420784,4.5987053,4.4286833,4.432,4.7788617956806,4,3
3.135969999999998,3.0913956793087096,2.332944951738546,2.6075964,2.2539723,4.44,2.7526705890434813,4,3
3.9482899999999987,3.592592114408831,4.052148561774236,4.1551504,4.1085706,4.446,4.063782375615845,4,3
4.834770000000001,4.971849538625929,4.699371387825224,4.7034683,4.391488,4.47,4.7973305472556955,4,3
4.078959999999997,4.138392798476284,3.830370869310231,4.2612205,4.1786776,5.09,4.274095848402055,4,3
5.031399999999998,5.086934056497592,4.564465121027713,4.8617563,4.701861,5.159,5.001810523482716,4,3
4.2886099999999985,4.510970089239597,4.731655290581347,4.077763,3.7139735,5.166,4.193903808112766,4,3
5.094820000000004,4.982538629809451,5.096360008631111,5.0506725,4.902443,5.308,5.107281547391752,4,3
5.085059999999998,5.541630424840405,5.663488471027611,5.8738327,5.7306614,5.348,5.76346600351529,4,3
5.3895199999999965,5.005752159422717,5.06956237419614,5.20339,5.1278367,5.379,5.274691286882556,4,3
4.383180000000001,5.123651473260683,5.404381374469677,5.662224,5.3464713,5.384,5.37001290207602,4,3
4.868919999999999,5.108187912666839,5.096195561039172,5.3733444,5.2932987,5.447,5.329667527775296,4,3
5.22296,5.288311233123675,5.287635019770242,5.3982716,5.1825137,5.463,5.399097857169764,4,3
5.912299999999997,5.582426698187532,5.31303063100989,5.7415295,5.522916,5.694,5.787344832996067,4,3
4.638849999999999,4.7989429624747535,5.069878658644757,4.7619896,4.429028,5.813,4.755848961544317,4,3
5.140059999999998,5.860825055868328,5.396317145360858,5.4142675,5.4670653,5.932,5.624153147506793,4,3
4.436919999999998,4.450294474566876,3.4620696847261097,5.212156,4.977615,6.047,4.953067799671071,4,3
5.874619999999998,5.493658043862671,5.685821034640774,6.148594,5.7023478,6.093,5.943692098015217,4,3
4.335000000000001,4.671609654029206,3.965383527880352,5.807162,5.8242416,6.127,5.445956527399067,4,3
4.601079999999999,4.760651930806485,3.7905028832147707,5.354496,5.195849,6.136,5.1675178045482015,4,3
4.908519999999999,4.726695721570398,4.077430089484009,5.432329,5.5701265,6.216,5.345875098876677,4,3
5.306969999999999,4.6177731576967895,4.401839282087585,5.509871,6.0855694,6.301,5.563090612911595,4,3
3.975829999999998,4.993301400112069,4.102122913002837,6.1514645,6.163019,6.461,5.688192481863222,4,3
5.158690000000003,5.5250329169273185,5.567982570259639,6.7300177,6.5669403,7.004,6.301219990970573,4,3
7.022990000000005,7.457927348197259,6.532023612813179,7.4939146,7.1144724,7.966,7.465867150501414,4,3
0.34659000000000006,0.51871180782158,0.8827579828731487,0.6425861,0.534018,0.009,0.5245521532129481,4,4
1.105099999999999,0.7551706967568877,0.813470045952162,0.76697886,0.6035884,0.071,0.8380134674842881,4,4
1.30936,0.797867257712871,2.6752322152392836,2.2017024,2.2766428,0.346,1.9940991637238263,4,4
1.1043599999999991,0.7551706967568877,0.8068379174703395,0.6744683,0.47965133,0.417,0.7618384408120522,4,4
1.0082000000000009,1.3522913300907446,1.2777157409737934,0.7780574,0.6621001,0.42,0.8311166807579693,4,4
0.45268999999999965,0.459185192604115,0.47613139762652157,0.6229579,0.46883512,0.427,0.5290934917288871,4,4
0.6662300000000001,1.140857331845801,1.0358166651932819,0.7308531,0.57803416,0.598,0.6743356444219016,4,4
1.8168399999999998,1.9858708546878103,1.9197937499880138,1.2846943,0.94447136,0.615,1.3691716175178088,4,4
0.7001000000000005,0.8339371419168682,0.8710846344691678,0.55117506,0.370755,0.636,0.5495889351950904,4,4
1.4501,1.014580289192162,1.338073058351673,1.0414721,1.1963491,0.702,1.2542447438535802,4,4
1.2946199999999992,1.3096215783726373,1.4977806314006938,1.2903893,0.8321659,0.756,1.1625626134098872,4,4
0.7345699999999993,0.6751305410163482,0.806604494069386,0.7546048,0.7994344,0.766,0.7827120205944491,4,4
0.71172,0.6803150454596191,0.6863836784912203,0.73639953,0.80803424,0.793,0.7719884414304715,4,4
1.5230100000000002,1.3453723574480605,1.6953171657226334,1.2203716,1.3446686,0.817,1.3925242521183805,4,4
1.5581500000000006,1.5454244560193409,1.4696393642495176,1.1946377,1.9537137,0.888,1.6093821204124912,4,4
0.8758399999999993,1.1709853048012475,1.328727201857587,1.0545856,0.4988268,0.895,0.8273043613585068,4,4
1.6249700000000005,1.7371785846346515,1.7487314155781741,1.1684756,1.1743026,0.896,1.3474229985194526,4,4
1.2117300000000015,0.798158324398383,1.180881394899719,0.89906466,0.6241742,0.899,0.9258878025684698,4,4
1.1576599999999997,1.229709799508473,1.648606621044105,1.308145,0.7653342,1.009,1.1008909579581554,4,4
1.0602799999999997,1.3947990731085134,1.1541440706286357,0.9242309,0.6682677,1.03,0.9011728906686911,4,4
1.26982,1.1985258912772465,1.010940773637042,0.9220172,0.8777464,1.031,1.0419959772142076,4,4
1.34333,1.051245202696363,1.419774389573768,1.311994,1.1170733,1.088,1.2861980124711758,4,4
1.2083099999999998,1.2708233705287793,1.454075833520478,1.1779569,0.847421,1.116,1.1007474558728905,4,4
2.0895,1.5442261719159196,1.4764803824295332,1.0854931,1.0259813,1.129,1.416602268407218,4,4
1.0990999999999993,1.0218366863467534,1.0382159240118514,1.0098994,1.0675777,1.157,1.0842548084439865,4,4
1.7481799999999998,1.7413123451459542,1.3698037987123053,1.247836,1.3279192,1.164,1.4691041933935556,4,4
1.2665899999999994,1.1604309581954124,1.2789659117125398,1.3662556,1.1007226,1.203,1.27453979688462,4,4
0.9610199999999998,1.2768417010011397,1.4998617938905638,1.7414883,1.0259384,1.232,1.2802720046846132,4,4
1.3396199999999998,1.231540102631086,1.3027790378342363,1.5443112,1.6813486,1.248,1.5647934349314128,4,4
1.7889999999999995,2.125184558912362,1.4529101759163319,1.5200275,1.8778231,1.352,1.770973049782249,4,4
1.3729200000000004,1.5718585980873419,1.468449020404186,1.2725084,1.2645652,1.389,1.3339303148467963,4,4
1.131480000000001,1.4276848674324842,1.1046605642327174,1.0848874,1.04486,1.409,1.112913344659151,4,4
1.4664,1.6804810462421202,1.7215071504775508,1.5043228,1.5630066,1.413,1.550202877933447,4,4
1.7138499999999999,1.7789778443231004,1.6426912848817041,1.5900877,1.432518,1.43,1.6142948713812373,4,4
2.149750000000001,2.129453092153493,2.4236246795752043,2.4571712,2.3559446,1.441,2.3832482170922176,4,4
1.5617499999999993,1.2346916285220615,1.4403076153958299,1.843478,1.6330392,1.442,1.7241200803419379,4,4
1.8798700000000006,1.6418929998590628,1.544523149375537,1.3344885,1.5156755,1.487,1.6080977193796833,4,4
1.9853199999999995,1.8337260059818892,2.332979289708773,1.7652766,1.1903764,1.49,1.6780612301442352,4,4
1.84595,1.820174327784919,1.7737711227412505,1.5744818,1.3487432,1.501,1.622110059384882,4,4
1.7161400000000002,1.6853265848000827,1.7157001708083535,1.6722901,1.6941833,1.503,1.7358721866496938,4,4
1.7486899999999994,1.455529646052922,1.6663269979733355,1.4087704,1.2699461,1.529,1.505032925704239,4,4
1.990809999999999,2.2936776616409946,1.9996470834123312,1.5290457,1.5026819,1.545,1.7073498986593547,4,4
1.1112599999999997,1.2842559924038697,1.5946519913603727,1.4616188,1.1866627,1.548,1.2878083722666394,4,4
1.5999599999999998,1.5347059276713817,1.574284599249763,1.6133476,1.4098603,1.621,1.5775678660450512,4,4
1.612280000000001,1.299675526986012,1.3947962934898317,1.1506348,1.5119581,1.643,1.4559873397145893,4,4
1.897059999999999,1.9647817172322213,2.0214188386589527,1.814026,1.6027884,1.658,1.811731675388285,4,4
2.1663899999999994,1.8558350032680513,1.292281611804471,0.50236154,0.7659332,1.678,1.14636506711495,4,4
1.8145700000000007,1.8388800357173967,1.612008691742548,1.4184856,1.5011019,1.731,1.6111484215555096,4,4
2.4309799999999995,2.1928169313023735,2.493862016717788,2.0614674,2.0020225,1.747,2.211528735231259,4,4
1.5428699999999986,1.2052818428616576,1.3571382493576354,1.5597341,1.4340357,1.749,1.548884898830573,4,4
1.5226799999999985,1.2052818428616576,1.394273399996302,1.5553769,1.349218,1.749,1.51096091307668,4,4
2.059930000000001,2.1178356350441705,1.7223153601386214,1.5212699,1.5165269,1.751,1.7318860781584047,4,4
2.5278400000000003,2.591317080200629,3.2884221237743594,3.4221926,3.075495,1.771,3.0958833144940296,4,4
1.8798299999999992,1.805901586736821,1.830471880646936,1.6739732,1.434722,1.778,1.698083378630741,4,4
2.16216,2.345660224085221,2.528154664676055,2.55463,2.459383,1.828,2.4577100122683957,4,4
3.733370000000002,3.6226142436052235,3.19213960977555,3.509924,2.7098753,1.831,3.3880088300494706,4,4
1.5116200000000004,1.0134624412278637,1.5478346439127173,1.4309746,1.4189205,1.865,1.4884997103230733,4,4
3.4979299999999993,2.607898751138959,3.547980407141007,2.0265236,2.66271,1.873,2.7773689855216714,4,4
2.97306,3.525867704192473,3.023660768177724,2.8236258,2.736514,1.873,2.911697041709107,4,4
2.95526,3.525867704192473,3.0957698363941923,3.551294,3.2342882,1.883,3.335227970296824,4,4
3.0535299999999994,2.808122698297474,2.6064912995525065,2.1107488,2.2503881,1.917,2.517718280539891,4,4
1.77958,1.796548349237675,1.8085105361783345,1.7022142,1.5901303,1.923,1.7302137653654672,4,4
1.7379400000000012,1.9737907456009365,1.7611813507824872,1.8540953,1.8957494,1.924,1.8773708936851423,4,4
1.8761099999999993,1.6647515431461275,2.0171801873067645,1.7107213,1.8411701,1.931,1.8528312087722005,4,4
2.0703600000000004,2.4186335977609557,2.0422684601623757,2.1754594,2.153401,1.937,2.1878877698376886,4,4
2.507379999999999,2.7336120589582977,2.589299472349991,2.8433757,2.726265,1.947,2.7642345885518913,4,4
2.0195,2.3094777871750174,2.1076794686518765,2.2301807,2.214686,1.954,2.212105960310562,4,4
1.8463199999999989,1.915768937306751,1.965866283993177,1.7411814,1.8387059,1.963,1.8529528451976514,4,4
1.9981699999999987,2.152617296218727,2.1110698191571244,1.9012845,1.9457761,2.009,1.9956997841806925,4,4
2.0894899999999996,2.1100307795510176,1.864250430538587,2.0383925,2.0523105,2.015,2.11063662697185,4,4
1.839499999999999,2.0087037423419303,2.0400675703529823,1.7904946,1.9988225,2.038,1.9243415510806376,4,4
2.105579999999999,2.3151126965284665,1.9936433900313943,1.8378569,2.0221972,2.045,2.0352396065217864,4,4
1.85222,1.5698420719745236,1.5107483172344085,2.3413014,2.2650228,2.076,2.2144695577233375,4,4
1.9958099999999996,1.8381559311411184,1.9373226555940075,2.3155484,2.0719602,2.084,2.183978157582747,4,4
2.54891,2.1537349050147108,2.5991590948689907,2.6203928,2.4111524,2.084,2.588879121839694,4,4
2.6316699999999984,2.404246198843068,2.7878353206054802,2.3392901,2.3555455,2.102,2.497963184726113,4,4
2.628479999999999,2.404246198843068,2.87038254960255,2.9750204,2.829484,2.102,2.885737104227656,4,4
2.0709599999999995,1.8238045326592454,1.6214103671238629,1.7046976,1.7758425,2.109,1.8908003023942541,4,4
2.022589999999999,1.8387522643519782,1.7503538404663797,1.9761751,2.1588037,2.113,2.1047615329044183,4,4
2.16085,2.143102116512836,2.2419514452059754,2.376882,2.2067218,2.114,2.3062681743332387,4,4
2.518850000000002,2.321409499217958,2.7225563969288906,3.0174673,2.6944962,2.117,2.8175314884283345,4,4
2.0357299999999996,1.8351962355719864,1.7589126375672501,1.871447,2.1284933,2.135,2.0617840077065557,4,4
1.8539700000000001,1.5867542179967693,2.3889011848167305,2.1773052,1.7305443,2.144,1.9695811917138681,4,4
2.2542200000000006,2.3077087379112053,2.280363720322449,2.409165,2.011014,2.153,2.27884711087281,4,4
1.7454500000000008,1.585573058752684,1.7636349779758613,1.6554353,1.8548958,2.166,1.7960690739480332,4,4
1.8690799999999994,1.7797313067491884,1.755888753977544,1.8706008,1.864435,2.212,1.914557586324804,4,4
2.2454999999999985,2.006442179888104,2.1729077699918413,2.2361479,2.1806378,2.214,2.2753590001713673,4,4
1.6116799999999991,1.3491678765857387,1.9151878793098533,2.8604476,2.3948152,2.218,2.363527763285271,4,4
2.165789999999998,2.073859687726735,2.0836497829770275,1.8305253,2.0076685,2.227,2.0470551379770754,4,4
2.2720299999999995,2.102571655119282,2.4684250487705883,1.9741646,1.7444854,2.239,2.0389115300632255,4,4
2.07941,2.075410835220262,1.9233990341808982,1.9121773,1.876978,2.255,2.0015746430636,4,4
2.54673,2.331647897517627,2.1998143469760687,1.7071909,1.5086882,2.259,1.951610288392988,4,4
2.28214,2.186802515091116,2.2276530318854078,2.1539052,2.1482275,2.269,2.2470983464438445,4,4
2.347490000000001,2.2040756591244026,2.679066659299898,2.3924189,2.3054352,2.27,2.406870160651755,4,4
1.8920399999999995,1.8015289262863663,2.0230977495773983,1.7757704,1.7120175,2.281,1.835215911927113,4,4
1.864270000000001,1.82735569753614,1.9483942433634058,1.9009602,2.1901355,2.299,2.0382884622934343,4,4
1.9648000000000012,1.9700437446225114,2.1194840548998046,2.0847063,2.3484058,2.308,2.190704829523357,4,4
2.1922299999999995,2.1506963777299237,2.087632048019382,2.0268981,2.189083,2.348,2.1880450206466238,4,4
1.9616999999999996,1.9150266826438613,1.9751301408532966,1.9842772,2.032746,2.35,2.043489592931919,4,4
1.84337,1.973235881047937,1.6974812427973915,1.2349553,1.3756218,2.351,1.512220004599754,4,4
2.17702,1.4674508546241984,1.7309218593650568,1.3643857,1.6806792,2.402,1.7728293482152349,4,4
2.1701099999999998,2.148023552126147,2.43667230568987,1.9569416,2.2555468,2.424,2.1798686107721115,4,4
3.3235900000000003,3.3657985121163025,3.4353563334150117,3.3232408,3.299989,2.434,3.3979899636312823,4,4
2.7226400000000006,2.5526039320231635,2.7257175034725343,2.2638483,2.2171175,2.44,2.4523315546606206,4,4
2.338589999999999,2.324589278785549,2.25713347590112,2.388821,2.3710737,2.455,2.42584671424964,4,4
2.367319999999999,2.485525528115257,2.3313303832733236,2.1183999,2.154451,2.457,2.2644699050826302,4,4
2.407340000000001,2.24286456439988,2.345082089284539,2.4303863,2.6238694,2.461,2.5516295051726425,4,4
2.4387,2.3669631590603872,2.5444581809697033,2.4485455,2.5739279,2.462,2.5505339605754007,4,4
2.294839999999999,2.2185178394776766,2.203996473678263,2.014301,2.2937117,2.472,2.253707387401894,4,4
2.249540000000001,2.446227157333996,2.407858274678913,2.4851942,2.4481428,2.487,2.4577999285754233,4,4
2.671010000000001,2.767493442750784,2.997884292632433,2.795602,2.612094,2.516,2.760324031209717,4,4
2.512329999999999,2.377248807229716,2.929248825491067,2.9169993,2.9832501,2.535,2.8820303177637383,4,4
2.686810000000002,2.521832509438975,2.7043111291928343,2.7409737,2.5915444,2.556,2.7391332110053397,4,4
2.377380000000002,2.336009985999397,2.503798949624037,2.7104962,2.9217463,2.573,2.7446025802491785,4,4
2.715779999999999,2.693001517969366,2.8255570587198675,2.6361427,2.5097356,2.574,2.6831098291927455,4,4
2.600249999999998,2.536069050795192,2.57702073382127,2.5177574,2.4644537,2.581,2.588440564222471,4,4
2.382040000000001,2.4020148510509167,2.508935541673285,2.7627919,2.7896686,2.584,2.7178570636063024,4,4
2.3305199999999986,2.2827040948298305,2.0661291628814267,1.7915628,1.5154207,2.584,1.913442635629207,4,4
2.02452,1.980343190662279,2.597664838870987,2.0489511,2.177399,2.585,2.1373385210211726,4,4
2.50097,2.7865416533340053,2.34600978185719,1.9078469,1.9539495,2.601,2.1636325230098006,4,4
2.317110000000001,2.331567993387458,1.906947652214348,1.83196,2.5097568,2.607,2.2733429353184884,4,4
3.1335499999999996,2.18976324936992,2.673980497850102,2.8115015,1.3717726,2.638,2.4788456661063973,4,4
2.4789499999999998,2.26594595889648,2.5278037323378513,2.170598,2.3390632,2.658,2.383835489990087,4,4
2.588570000000002,2.7519926876520606,2.756397067859123,2.750042,2.9126909,2.682,2.823583602208238,4,4
2.4062399999999986,2.2625937171548927,2.409284783699901,2.143757,2.2413623,2.686,2.3165249209515006,4,4
3.0592200000000025,2.846682473720562,2.915445157555582,3.236572,3.1556153,2.702,3.2313168005692576,4,4
2.4884,2.40433532576551,3.0510171536608524,3.6451688,3.441892,2.746,3.2899719743075924,4,4
2.3852400000000005,2.578029335091418,1.9065573159429294,1.8734323,1.9594159,2.781,2.1160806837023154,4,4
2.7514200000000004,2.633303625261623,2.458698443862058,2.6666088,2.756042,2.82,2.7920148386365877,4,4
2.5868200000000003,2.440423080725406,2.6639397256424213,2.534874,2.639413,2.83,2.6516771991204973,4,4
3.3270499999999994,3.3023806761950762,3.307422044911304,3.2773862,3.1701934,2.831,3.3373979493580053,4,4
2.8659400000000015,2.8603352774473025,2.9098827351941523,3.0762277,3.0425322,2.895,3.0729567765927355,4,4
2.1748000000000007,2.083701214431938,2.330588937262915,2.6450796,2.439927,2.9,2.4865242332345296,4,4
2.6465300000000003,2.440423080725406,2.764851418895842,2.7006211,2.8747838,2.91,2.8117462153756074,4,4
2.861629999999999,2.8674782714616733,3.124103471236837,2.9605067,3.052278,2.976,3.0345982682884136,4,4
4.064920000000002,3.5499168689979954,3.631607906983473,3.5862849,3.82557,2.992,3.9148663381534616,4,4
2.561889999999998,2.6732720219029575,2.677893790031612,2.6912243,2.5316367,2.995,2.6602330170799062,4,4
2.4983,2.461432248297175,3.0135348821738095,2.712541,2.905854,3.051,2.778863798642159,4,4
4.0707200000000014,3.8306767110999975,3.8025582222646452,3.4556832,3.920076,3.065,3.90443301827382,4,4
3.23597,3.474890917113859,3.229889355472541,3.206434,3.2091625,3.076,3.296868798954204,4,4
2.944000000000001,2.667564437098974,2.6203883139589372,3.084088,3.0103884,3.091,3.0896508838636403,4,4
2.807260000000001,3.035017326848468,2.105379124755551,1.9489654,2.2775264,3.097,2.3910790291204544,4,4
3.2717899999999993,3.240091950597205,2.895381359512232,3.6608584,3.326156,3.106,3.508289194921657,4,4
2.7418799999999983,2.4495111393333047,2.7653143848599346,2.9166784,3.023808,3.122,2.97050885452295,4,4
3.0657400000000012,2.6059461310683973,2.177143149719086,2.422567,1.7089562,3.125,2.439861630397825,4,4
3.1802399999999995,2.5440157243754853,2.8635040549957917,2.718954,1.8515608,3.167,2.630603872135686,4,4
2.6708900000000004,2.656433431643043,3.042238853193675,3.012198,3.12682,3.183,3.01714575980196,4,4
2.7611399999999993,2.885396624470091,2.9612671597547555,2.854329,2.7458982,3.19,2.8571175802977766,4,4
1.5264400000000002,1.626056328844011,2.015264284956652,2.6545138,2.5152185,3.21,2.3064463687018444,4,4
2.605989999999998,2.2608973058817563,2.2356062777351564,2.5365412,2.295188,3.213,2.537251364362062,4,4
3.390969999999997,3.294801970115661,3.30796401838685,3.1813545,3.5126183,3.259,3.4451471858600367,4,4
2.8155700000000015,3.1150774528740524,2.124864830494633,2.126758,2.636143,3.272,2.5821129801026332,4,4
3.2355899999999997,3.8171472525651122,3.6808330277050376,2.837339,2.212487,3.293,2.816940942164189,4,4
4.194360000000001,4.483757406028083,3.9121190932930743,3.233059,3.498148,3.3,3.7181696202404106,4,4
3.640080000000003,3.810275049681202,4.852188478293559,4.5278215,3.6801863,3.311,4.054810267558735,4,4
3.458060000000002,3.390243977979168,3.339095664642749,4.644477,4.7917147,3.35,4.428016121753483,4,4
2.421219999999998,2.2780298944134763,2.976540851721278,3.4128935,3.462615,3.352,3.194440970370177,4,4
2.8106700000000013,2.388700639133065,2.0601555281908737,2.0341573,1.7978164,3.356,2.2529988402214727,4,4
3.879890000000001,4.132684906035881,3.791317391057224,2.968215,3.0891135,3.375,3.3798859584567205,4,4
3.5465099999999974,3.4890322926016264,3.2382060335313447,2.6466644,2.524495,3.396,2.960899571571774,4,4
3.692350000000002,3.438522661642001,3.2816243842476744,3.586729,3.6547618,3.435,3.734267491540509,4,4
3.8635099999999998,3.4850284018620408,3.323801506754478,3.7152386,3.87478,3.522,3.912009717262147,4,4
2.69739,2.524652711796493,2.4518010179442067,1.9119148,1.861887,3.619,2.19621825116664,4,4
3.3194000000000012,3.2904128982883214,3.525545742791834,3.4232717,3.5755801,3.629,3.528596799280911,4,4
3.1019200000000016,3.158730450787795,3.1214281837433413,3.8295317,3.3897219,3.649,3.5345628838969443,4,4
3.693519999999999,3.2042173308698763,2.585325117779525,3.381955,3.30974,3.731,3.5416710550866997,4,4
3.59805,3.36602100089647,4.242160669511456,3.6200674,3.2912471,3.8,3.5873727658853434,4,4
4.035370000000001,4.05024246157281,3.656138069461361,3.9452689,3.742558,3.869,4.0013809922517485,4,4
3.6809699999999985,3.5482566211859665,3.6484799048713805,4.090408,3.8446574,4.073,3.9732733181960693,4,4
4.4276500000000025,4.586299892159476,4.932321720378201,5.130006,4.5886717,4.083,4.839873779914146,4,4
3.25368,3.192718528745827,2.7585708634828143,2.838873,3.219256,4.114,3.1778501689181193,4,4
2.637549999999999,2.8988759760855514,2.474006373502936,2.3271685,2.972539,4.203,2.7128997425100603,4,4
3.7552800000000026,3.578434681443256,4.26314808189024,4.085089,3.5778391,4.219,3.9015161365073614,4,4
3.0769700000000006,3.6043981475027986,3.9888864966203275,4.246532,4.1807084,4.317,3.950583374909142,4,4
4.1566100000000015,4.503784794311421,4.181511101649489,4.3067703,4.1993484,4.387,4.3276703178221,4,4
4.60936,4.880057513848838,4.565149377188795,4.521039,4.0658374,4.609,4.502013954441644,4,4
2.32251,2.6502136084965278,1.8280106844173807,1.8755027,1.6241467,4.689,1.9784370332754024,4,4
4.04076,3.9676355285114604,4.088937641604346,4.004536,4.1445093,4.705,4.16535525193119,4,4
3.6075,2.9650102071442674,3.1280104128071744,3.6231241,3.7137158,4.706,3.7402645611535936,4,4
4.3129800000000005,4.317867021528776,4.080994672171515,4.1652102,4.064156,4.706,4.28126886751998,4,4
4.252250000000003,4.345692275537263,4.555727676159262,4.371214,4.3819284,4.853,4.445418618071621,4,4
4.617190000000001,4.975532565137288,4.490876061592662,5.373224,4.9190216,4.969,5.102459153151875,4,4
4.6336400000000015,5.255630986084128,4.420903680117309,5.060848,4.6269774,4.987,4.895903482795714,4,4
4.990809999999995,5.681588296663095,5.41755192732781,5.065369,5.0348067,5.091,5.156713477588407,4,4
5.225280000000002,5.077396901229803,4.883446182552065,5.2133417,5.3652043,5.176,5.400612512034805,4,4
4.398639999999998,3.6067899371923184,3.994236040432031,4.1988497,4.0262303,5.202,4.307385978022601,4,4
5.125320000000001,5.730546832804294,5.525458291651889,5.882383,5.69714,5.225,5.718684532520548,4,4
5.000030000000001,5.33018432307794,4.43642674873906,5.6549654,4.9349303,5.324,5.330340714309194,4,4
3.76789,4.378552346818524,3.5238604667520295,3.3067083,3.2192855,5.361,3.5076269915632636,4,4
4.758779999999998,5.221000994512145,4.8495796870096655,6.089936,5.0664062,5.535,5.450378334354349,4,4
5.615369999999998,5.307417663814666,5.489865063184732,5.3980417,5.4879084,5.631,5.6345726237462905,4,4
5.595860000000003,5.54186156966257,5.561766500141745,5.904009,5.7869453,5.999,5.910177847231144,4,4
5.191670000000003,5.487147802095288,4.962720919918992,6.7390947,6.4873075,6.795,6.3174634127704605,4,4
6.0642799999999975,5.792994271688058,5.889010673434544,6.5504417,6.248955,6.8,6.450154316036583,4,4
6.347899999999999,6.929056574141231,6.533074417099991,7.6019254,7.3315086,7.085,7.290215694944433,4,4
6.753999999999996,7.0518152608567615,6.023871605850976,8.39477,7.810591,7.451,7.8671386519477835,4,4
6.642269999999999,5.707093934157342,4.31422296142479,6.473364,6.314123,7.674,6.633300443852317,4,4
7.845010000000005,8.32024190610995,6.055881189918435,8.588305,7.878224,8.25,8.311688829319245,4,4
